region,tipo_inmueble,cantidad_equipos,horas_alto_consumo,uso_horario_pico,consumo_kwh,categoria
Centro,Casa,11,2,True,208,Moderado
Centro,Departamento,5,4,False,97,Eficiente
Centro,Casa,23,2,False,295,Moderado
Centro,Casa,21,4,True,326,Moderado
Centro,Casa,21,3,True,278,Moderado
Norte,Casa,16,4,True,279,Moderado
Centro,Casa,13,3,False,193,Eficiente
Centro,Departamento,12,6,True,173,Moderado
Centro,Casa,19,6,True,265,Ineficiente
Centro,Casa,11,2,True,190,Moderado
Centro,Casa,23,4,True,330,Ineficiente
Centro,Departamento,12,2,False,162,Eficiente
Centro,Departamento,13,4,True,176,Moderado
Centro,Casa,24,2,True,285,Moderado
Centro,Casa,15,6,True,240,Ineficiente
Centro,Casa,21,6,True,264,Ineficiente
Norte,Casa,9,2,True,228,Moderado
Centro,Casa,18,4,True,268,Ineficiente
Centro,Casa,18,5,False,285,Moderado
Centro,Casa,13,4,True,194,Moderado
Centro,Casa,21,2,False,273,Eficiente
Centro,Casa,17,4,True,282,Ineficiente
Sur,Casa,15,3,True,306,Moderado
Centro,Casa,14,4,False,222,Eficiente
Sur,Casa,15,6,False,293,Eficiente
Centro,Casa,15,6,True,266,Ineficiente
Centro,Casa,9,3,False,163,Eficiente
Norte,Casa,23,4,True,317,Ineficiente
Centro,Casa,16,5,True,253,Ineficiente
Norte,Casa,20,4,True,328,Ineficiente
Centro,Casa,19,6,True,313,Ineficiente
Centro,Casa,24,6,True,339,Ineficiente
Centro,Casa,9,2,True,199,Moderado
Centro,Departamento,12,6,True,157,Ineficiente
Centro,Departamento,8,2,True,167,Ineficiente
Centro,Departamento,13,6,False,196,Moderado
Centro,Casa,12,6,True,244,Ineficiente
Sur,Casa,8,5,True,255,Moderado
Centro,Casa,20,2,False,233,Eficiente
Sur,Casa,15,2,True,273,Moderado
Centro,Casa,13,6,True,229,Ineficiente
Centro,Casa,24,2,True,299,Moderado
Centro,Casa,19,6,True,305,Moderado
Centro,Departamento,11,6,False,175,Moderado
Centro,Casa,10,4,True,194,Moderado
Centro,Casa,21,2,True,318,Moderado
Centro,Casa,15,3,True,248,Moderado
Centro,Casa,18,2,True,247,Moderado
Centro,Casa,21,2,True,275,Moderado
Centro,Casa,15,5,False,218,Eficiente
Centro,Departamento,14,3,False,177,Eficiente
Centro,Casa,14,3,False,186,Eficiente
Centro,Departamento,9,5,True,178,Moderado
Norte,Departamento,13,5,True,237,Ineficiente
Centro,Casa,20,2,False,263,Eficiente
Centro,Departamento,8,4,True,166,Moderado
Centro,Casa,12,5,False,220,Moderado
Centro,Casa,11,3,False,199,Eficiente
Centro,Casa,9,3,False,198,Moderado
Centro,Casa,20,2,True,270,Moderado
Sur,Casa,23,4,True,327,Moderado
Sur,Casa,9,6,True,265,Moderado
Centro,Departamento,9,5,False,169,Moderado
Centro,Casa,12,5,True,226,Moderado
Centro,Casa,15,2,False,246,Eficiente
Norte,Casa,22,4,True,326,Moderado
Centro,Casa,20,3,True,298,Ineficiente
Centro,Departamento,5,3,False,86,Eficiente
Sur,Casa,23,6,True,371,Ineficiente
Norte,Departamento,10,3,True,199,Ineficiente
Centro,Casa,9,5,True,255,Ineficiente
Centro,Casa,10,6,True,235,Ineficiente
Centro,Casa,22,4,True,312,Moderado
Norte,Departamento,10,6,True,188,Moderado
Sur,Casa,12,4,True,275,Moderado
Centro,Casa,13,3,False,228,Eficiente
Centro,Casa,21,2,False,250,Eficiente
Centro,Casa,11,6,True,217,Moderado
Centro,Casa,14,6,True,293,Ineficiente
Centro,Casa,11,5,True,221,Moderado
Norte,Departamento,7,5,False,172,Moderado
Norte,Casa,14,4,False,228,Eficiente
Centro,Casa,10,2,False,171,Eficiente
Centro,Casa,22,5,True,301,Ineficiente
Centro,Casa,8,5,False,192,Eficiente
Centro,Casa,9,3,True,226,Moderado
Centro,Casa,17,3,False,222,Eficiente
Norte,Casa,23,5,True,353,Ineficiente
Centro,Departamento,11,4,True,184,Ineficiente
Norte,Casa,22,2,False,280,Eficiente
Norte,Casa,21,5,False,303,Moderado
Norte,Casa,21,4,True,340,Ineficiente
Centro,Casa,13,4,True,246,Ineficiente
Norte,Casa,21,5,True,302,Moderado
Norte,Casa,24,4,True,335,Moderado
Centro,Casa,24,6,True,334,Ineficiente
Centro,Casa,23,4,False,269,Moderado
Centro,Casa,15,5,True,260,Moderado
Centro,Casa,14,4,False,203,Eficiente
Norte,Casa,19,5,False,290,Moderado
Centro,Casa,16,3,False,256,Moderado
Centro,Casa,21,5,False,270,Eficiente
Centro,Casa,8,4,False,190,Eficiente
Centro,Casa,17,5,True,289,Ineficiente
Centro,Departamento,7,2,True,135,Ineficiente
Norte,Casa,24,5,True,346,Ineficiente
Centro,Casa,24,5,True,340,Ineficiente
Norte,Casa,11,2,True,264,Moderado
Centro,Casa,24,2,False,272,Eficiente
Sur,Casa,9,2,True,215,Moderado
Sur,Casa,15,6,True,311,Moderado
Centro,Casa,20,5,False,269,Moderado
Centro,Departamento,12,2,True,179,Ineficiente
Centro,Departamento,8,2,True,140,Moderado
Centro,Casa,10,3,False,202,Eficiente
Centro,Departamento,6,6,True,145,Ineficiente
Centro,Departamento,4,5,True,124,Moderado
Centro,Casa,8,4,False,173,Eficiente
Centro,Departamento,5,6,True,168,Ineficiente
Centro,Casa,24,6,True,295,Ineficiente
Centro,Departamento,4,3,True,107,Eficiente
Sur,Departamento,13,5,True,224,Moderado
Norte,Casa,21,5,True,356,Ineficiente
Centro,Casa,9,2,False,178,Eficiente
Sur,Casa,14,2,True,252,Moderado
Centro,Casa,24,6,False,295,Eficiente
Centro,Departamento,7,3,False,139,Eficiente
Centro,Departamento,9,5,True,212,Ineficiente
Centro,Casa,9,3,True,172,Moderado
Centro,Casa,8,4,False,154,Eficiente
Centro,Casa,23,5,True,304,Ineficiente
Centro,Casa,14,2,True,226,Moderado
Norte,Casa,18,6,True,294,Moderado
Norte,Casa,22,3,True,311,Moderado
Sur,Departamento,11,2,True,252,Moderado
Centro,Casa,9,6,True,192,Moderado
Centro,Casa,21,2,True,285,Ineficiente
Norte,Casa,13,5,True,272,Moderado
Centro,Casa,16,3,True,222,Moderado
Sur,Departamento,8,4,False,204,Eficiente
Centro,Departamento,9,2,False,129,Eficiente
Norte,Casa,11,3,True,215,Moderado
Centro,Casa,16,5,True,292,Ineficiente
Centro,Casa,11,2,True,225,Moderado
Centro,Casa,19,5,True,272,Ineficiente
Centro,Casa,11,4,False,211,Moderado
Centro,Casa,21,4,False,274,Eficiente
Centro,Casa,14,6,False,197,Eficiente
Centro,Casa,20,6,False,241,Eficiente
Norte,Casa,15,6,True,286,Moderado
Centro,Departamento,12,5,False,133,Eficiente
Centro,Casa,19,6,False,283,Moderado
Sur,Casa,20,3,True,292,Moderado
Centro,Casa,21,5,True,315,Ineficiente
Centro,Departamento,5,5,True,173,Ineficiente
Centro,Casa,14,6,True,262,Moderado
Centro,Casa,22,6,False,210,Eficiente
Centro,Casa,13,5,False,238,Moderado
Centro,Casa,23,4,False,272,Eficiente
Centro,Casa,15,4,True,248,Moderado
Centro,Casa,23,6,False,276,Moderado
Norte,Casa,23,4,True,359,Ineficiente
Centro,Casa,10,3,True,213,Moderado
Centro,Casa,24,3,False,274,Eficiente
Norte,Casa,16,3,False,273,Moderado
Sur,Departamento,5,5,False,177,Eficiente
Centro,Casa,14,5,True,225,Moderado
Norte,Casa,19,5,False,284,Moderado
Centro,Casa,23,5,False,290,Moderado
Centro,Casa,24,5,True,288,Moderado
Centro,Casa,22,6,False,300,Moderado
Centro,Casa,8,4,True,200,Ineficiente
Norte,Casa,9,6,True,281,Ineficiente
Norte,Casa,15,4,False,273,Moderado
Centro,Casa,9,6,True,222,Ineficiente
Centro,Casa,16,3,True,250,Moderado
Centro,Casa,16,2,False,181,Eficiente
Norte,Casa,20,5,False,301,Moderado
Centro,Departamento,14,2,True,191,Ineficiente
Sur,Casa,22,2,False,294,Eficiente
Centro,Casa,22,3,True,294,Moderado
Centro,Casa,14,2,False,239,Eficiente
Norte,Departamento,5,2,False,152,Eficiente
Sur,Departamento,8,3,True,223,Moderado
Centro,Casa,13,4,True,215,Moderado
Sur,Casa,15,6,True,331,Ineficiente
Centro,Departamento,9,2,True,148,Moderado
Centro,Casa,23,5,True,325,Ineficiente
Sur,Casa,14,3,True,290,Moderado
Centro,Casa,17,2,True,251,Moderado
Centro,Casa,19,4,False,257,Eficiente
Centro,Departamento,8,4,True,128,Moderado
Centro,Departamento,10,5,True,181,Ineficiente
Sur,Casa,15,2,True,275,Moderado
Centro,Casa,14,5,False,266,Moderado
Centro,Casa,11,4,True,222,Ineficiente
Centro,Casa,10,4,False,175,Eficiente
Norte,Departamento,9,6,True,200,Ineficiente
Centro,Departamento,8,4,True,147,Ineficiente
Centro,Casa,16,3,True,223,Moderado
Centro,Casa,20,6,True,303,Ineficiente
Sur,Casa,23,5,True,351,Moderado
Centro,Casa,8,4,True,220,Moderado
Centro,Departamento,4,3,True,157,Moderado
Sur,Casa,15,6,False,312,Moderado
Centro,Casa,23,3,True,305,Moderado
Centro,Casa,18,6,True,294,Ineficiente
Centro,Casa,18,6,False,261,Moderado
Centro,Casa,10,6,True,178,Moderado
Centro,Casa,15,5,True,279,Ineficiente
Sur,Casa,17,6,False,299,Moderado
Centro,Casa,23,6,False,302,Ineficiente
Centro,Casa,12,3,True,213,Ineficiente
Centro,Casa,16,6,True,254,Ineficiente
Centro,Casa,15,5,True,253,Ineficiente
Centro,Casa,18,3,False,252,Eficiente
Centro,Casa,23,6,False,251,Eficiente
Centro,Casa,14,3,True,242,Ineficiente
Centro,Casa,22,5,False,312,Moderado
Norte,Departamento,7,3,False,141,Eficiente
Centro,Casa,13,5,True,201,Moderado
Centro,Casa,22,4,False,270,Moderado
Centro,Casa,15,6,True,265,Moderado
Centro,Casa,14,5,True,255,Ineficiente
Centro,Casa,9,6,False,196,Eficiente
Norte,Casa,20,5,True,348,Ineficiente
Centro,Departamento,8,2,True,153,Moderado
Centro,Casa,12,2,False,197,Eficiente
Centro,Departamento,7,2,False,107,Eficiente
Centro,Casa,22,5,False,297,Moderado
Centro,Casa,17,6,True,307,Ineficiente
Centro,Casa,10,2,True,192,Moderado
Centro,Casa,12,6,True,236,Ineficiente
Centro,Casa,20,5,True,243,Moderado
Centro,Casa,15,6,False,218,Eficiente
Norte,Casa,9,6,False,252,Moderado
Centro,Casa,16,2,True,241,Moderado
Centro,Casa,24,3,True,312,Moderado
Norte,Casa,20,4,False,265,Eficiente
Centro,Casa,8,5,False,189,Moderado
Sur,Departamento,13,5,True,237,Moderado
Centro,Departamento,5,5,True,153,Ineficiente
Centro,Departamento,5,4,True,142,Ineficiente
Sur,Casa,22,3,False,337,Eficiente
Centro,Casa,10,6,True,228,Ineficiente
Centro,Departamento,9,5,False,131,Eficiente
Centro,Casa,20,6,True,282,Ineficiente
Centro,Departamento,4,2,True,85,Moderado
Centro,Departamento,14,2,True,195,Moderado
Centro,Departamento,10,2,False,138,Eficiente
Centro,Casa,19,5,False,288,Moderado
Sur,Casa,17,4,False,255,Eficiente
Centro,Departamento,5,5,False,106,Eficiente
Norte,Casa,18,2,False,242,Eficiente
Centro,Casa,11,2,True,206,Moderado
Centro,Casa,13,5,False,190,Eficiente
Norte,Departamento,8,4,True,175,Moderado
Centro,Casa,17,4,True,264,Moderado
Centro,Casa,12,6,True,239,Moderado
Centro,Casa,20,3,True,305,Ineficiente
Centro,Casa,16,2,False,221,Eficiente
Centro,Departamento,10,4,True,173,Moderado
Centro,Casa,8,2,True,213,Moderado
Norte,Casa,19,3,False,267,Eficiente
Sur,Departamento,5,2,False,120,Eficiente
Centro,Casa,9,4,True,186,Moderado
Centro,Casa,16,6,True,245,Ineficiente
Centro,Casa,9,5,True,188,Moderado
Centro,Casa,21,5,False,311,Moderado
Centro,Casa,18,4,False,224,Eficiente
Centro,Departamento,12,4,True,188,Ineficiente
Norte,Departamento,11,3,False,173,Eficiente
Centro,Departamento,9,2,True,154,Moderado
Centro,Departamento,11,3,True,161,Moderado
Centro,Casa,14,5,True,257,Ineficiente
Centro,Casa,23,2,True,265,Moderado
Centro,Casa,8,3,False,149,Eficiente
Centro,Casa,20,5,True,312,Ineficiente
Sur,Casa,8,2,True,209,Moderado
Centro,Casa,18,6,True,306,Ineficiente
Sur,Departamento,13,6,True,273,Ineficiente
Centro,Casa,10,3,True,238,Ineficiente
Centro,Casa,19,4,True,294,Ineficiente
Centro,Casa,12,2,True,191,Moderado
Centro,Casa,16,3,True,221,Moderado
Centro,Casa,19,4,False,230,Eficiente
Sur,Casa,17,4,False,259,Eficiente
Norte,Casa,12,2,True,212,Eficiente
Norte,Casa,12,2,True,225,Eficiente
Centro,Casa,16,4,False,247,Moderado
Centro,Casa,24,5,True,331,Ineficiente
Centro,Casa,17,3,True,264,Moderado
Norte,Departamento,8,2,True,166,Moderado
Norte,Casa,23,4,False,299,Eficiente
Centro,Casa,22,5,True,310,Ineficiente
Norte,Casa,24,6,True,333,Moderado
Centro,Casa,20,4,True,304,Ineficiente
Centro,Casa,8,5,False,154,Eficiente
Centro,Casa,15,6,True,244,Moderado
Norte,Casa,12,5,True,235,Moderado
Centro,Casa,13,2,True,235,Moderado
Norte,Casa,21,4,True,287,Moderado
Centro,Casa,18,6,True,262,Ineficiente
Centro,Casa,13,5,True,249,Moderado
Centro,Casa,18,6,True,263,Moderado
Centro,Departamento,13,3,False,182,Moderado
Centro,Casa,19,4,True,294,Ineficiente
Centro,Casa,9,2,False,162,Eficiente
Centro,Casa,10,6,True,227,Moderado
Centro,Casa,11,5,False,243,Moderado
Centro,Casa,24,6,False,315,Moderado
Centro,Casa,13,5,True,250,Ineficiente
Sur,Casa,14,6,False,299,Moderado
Sur,Departamento,9,2,True,178,Moderado
Centro,Departamento,11,2,False,172,Moderado
Centro,Casa,10,4,True,222,Moderado
Centro,Casa,13,2,True,255,Ineficiente
Sur,Casa,9,6,True,247,Moderado
Norte,Casa,21,6,True,349,Ineficiente
Centro,Casa,16,2,False,187,Eficiente
Centro,Casa,19,3,True,265,Moderado
Centro,Casa,20,6,True,300,Ineficiente
Centro,Casa,19,4,False,266,Eficiente
Sur,Casa,19,3,False,246,Eficiente
Norte,Departamento,8,2,False,121,Eficiente
Centro,Casa,24,5,False,271,Eficiente
Norte,Casa,23,6,True,317,Ineficiente
Centro,Casa,24,5,True,302,Ineficiente
Centro,Casa,15,4,True,253,Moderado
Centro,Casa,18,3,False,270,Moderado
Centro,Casa,9,5,True,205,Ineficiente
Centro,Casa,15,4,True,280,Ineficiente
Norte,Casa,19,5,True,304,Ineficiente
Centro,Casa,8,5,True,201,Moderado
Sur,Casa,20,4,True,345,Moderado
Sur,Casa,24,6,True,359,Ineficiente
Centro,Departamento,10,5,True,164,Ineficiente
Centro,Casa,21,4,True,318,Ineficiente
Sur,Casa,23,5,False,325,Moderado
Norte,Casa,24,6,False,353,Moderado
Centro,Casa,13,4,True,228,Moderado
Sur,Casa,14,5,False,236,Eficiente
Norte,Casa,8,2,False,170,Eficiente
Centro,Casa,22,6,True,295,Ineficiente
Sur,Casa,20,5,False,303,Eficiente
Centro,Casa,9,3,False,162,Eficiente
Norte,Casa,22,4,True,293,Moderado
Centro,Casa,19,5,True,276,Ineficiente
Centro,Casa,22,6,True,310,Ineficiente
Centro,Casa,21,6,False,285,Moderado
Centro,Casa,13,3,True,230,Moderado
Sur,Departamento,4,3,False,170,Eficiente
Centro,Casa,13,5,True,242,Moderado
Centro,Casa,16,2,True,203,Moderado
Centro,Casa,11,6,True,237,Ineficiente
Centro,Casa,24,2,True,303,Moderado
Centro,Casa,9,2,False,187,Eficiente
Sur,Casa,23,5,False,303,Eficiente
Centro,Departamento,4,4,True,154,Ineficiente
Centro,Casa,15,4,True,255,Moderado
Centro,Casa,21,4,False,269,Eficiente
Centro,Casa,9,3,False,196,Moderado
Centro,Casa,23,6,False,314,Moderado
Centro,Casa,11,3,True,238,Moderado
Centro,Departamento,4,6,False,71,Eficiente
Sur,Casa,21,6,False,288,Moderado
Centro,Departamento,9,6,True,169,Ineficiente
Centro,Departamento,8,5,True,142,Moderado
Centro,Casa,12,4,True,215,Moderado
Centro,Casa,13,3,False,204,Eficiente
Centro,Casa,15,3,True,235,Moderado
Centro,Casa,13,5,True,240,Ineficiente
Centro,Casa,13,6,True,273,Ineficiente
Centro,Casa,11,4,True,257,Ineficiente
Centro,Casa,14,2,True,240,Moderado
Centro,Casa,14,2,False,234,Moderado
Centro,Departamento,9,5,True,165,Ineficiente
Centro,Casa,15,4,True,237,Moderado
Centro,Departamento,7,2,True,142,Eficiente
Centro,Casa,8,2,True,184,Moderado
Centro,Casa,21,3,True,300,Ineficiente
Centro,Casa,13,4,True,236,Ineficiente
Centro,Casa,17,2,True,284,Moderado
Norte,Departamento,6,3,False,139,Eficiente
Centro,Casa,11,4,True,207,Moderado
Centro,Departamento,12,6,False,164,Moderado
Centro,Casa,23,4,True,294,Moderado
Sur,Casa,8,5,True,260,Moderado
Centro,Casa,13,3,False,203,Eficiente
Centro,Departamento,4,6,True,145,Ineficiente
Norte,Departamento,6,3,False,145,Eficiente
Centro,Casa,19,3,True,283,Moderado
Centro,Casa,10,2,True,226,Moderado
Centro,Casa,18,4,True,277,Ineficiente
Centro,Casa,22,3,False,249,Moderado
Centro,Departamento,7,3,False,114,Eficiente
Norte,Departamento,11,5,True,197,Moderado
Centro,Casa,9,5,True,198,Moderado
Centro,Casa,11,5,True,247,Ineficiente
Centro,Casa,19,3,False,245,Eficiente
Centro,Casa,9,6,True,221,Ineficiente
Sur,Departamento,14,4,True,249,Moderado
Sur,Casa,10,3,True,254,Moderado
Centro,Departamento,10,2,False,146,Eficiente
Centro,Casa,23,6,True,364,Ineficiente
Centro,Departamento,12,6,False,187,Moderado
Sur,Casa,18,4,False,267,Eficiente
Centro,Casa,22,6,True,315,Ineficiente
Centro,Departamento,5,4,True,142,Ineficiente
Centro,Casa,23,6,True,288,Moderado
Centro,Casa,19,4,True,230,Moderado
Centro,Departamento,9,5,True,175,Ineficiente
Centro,Departamento,7,5,False,128,Moderado
Norte,Casa,16,6,False,239,Eficiente
Norte,Casa,15,6,False,244,Eficiente
Centro,Casa,19,4,False,247,Moderado
Centro,Casa,9,4,True,196,Moderado
Centro,Casa,17,3,True,264,Moderado
Centro,Casa,16,5,True,265,Ineficiente
Centro,Casa,15,3,True,260,Moderado
Centro,Casa,8,3,True,219,Moderado
Centro,Casa,13,2,True,238,Moderado
Sur,Casa,19,4,False,279,Eficiente
Centro,Casa,24,2,False,281,Eficiente
Centro,Casa,9,2,False,140,Eficiente
Centro,Casa,18,3,True,256,Moderado
Sur,Casa,18,2,False,225,Eficiente
Centro,Departamento,10,4,True,167,Ineficiente
Centro,Casa,22,3,True,283,Moderado
Centro,Casa,16,4,True,270,Moderado
Centro,Casa,22,6,True,289,Moderado
Norte,Casa,14,2,False,231,Eficiente
Centro,Casa,20,3,True,272,Moderado
Norte,Casa,20,5,True,301,Moderado
Centro,Casa,8,4,True,185,Moderado
Centro,Casa,11,2,False,193,Eficiente
Centro,Casa,11,4,True,218,Moderado
Centro,Departamento,14,4,False,158,Eficiente
Norte,Casa,20,6,False,292,Moderado
Centro,Casa,9,4,False,189,Eficiente
Centro,Casa,22,6,True,339,Ineficiente
Centro,Departamento,14,6,True,201,Ineficiente
Norte,Casa,13,6,True,258,Ineficiente
Sur,Casa,10,2,False,194,Eficiente
Norte,Departamento,13,4,False,182,Eficiente
Centro,Departamento,6,4,True,125,Moderado
Centro,Departamento,9,6,True,200,Ineficiente
Centro,Casa,11,4,True,232,Moderado
Centro,Casa,17,4,False,217,Eficiente
Norte,Casa,16,6,True,267,Moderado
Centro,Casa,13,5,False,204,Eficiente
Centro,Casa,18,5,False,276,Moderado
Centro,Casa,14,6,True,240,Ineficiente
Centro,Departamento,10,2,True,161,Moderado
Centro,Casa,12,4,False,234,Moderado
Centro,Casa,11,4,True,230,Moderado
Centro,Casa,11,5,True,198,Moderado
Centro,Casa,20,6,True,258,Moderado
Sur,Casa,23,2,True,337,Moderado
Sur,Casa,21,6,False,363,Moderado
Centro,Casa,18,5,True,303,Ineficiente
Centro,Casa,9,5,True,220,Ineficiente
Norte,Casa,21,4,False,302,Moderado
Centro,Casa,14,3,True,255,Ineficiente
Centro,Departamento,7,2,True,111,Moderado
Centro,Casa,11,2,False,191,Eficiente
Centro,Casa,14,3,False,239,Moderado
Centro,Departamento,7,5,True,200,Ineficiente
Centro,Casa,13,6,True,256,Ineficiente
Centro,Departamento,6,2,False,84,Eficiente
Centro,Casa,9,3,True,214,Moderado
Centro,Departamento,5,4,True,151,Ineficiente
Norte,Casa,14,4,True,280,Moderado
Centro,Departamento,13,5,True,209,Ineficiente
Norte,Casa,16,2,False,279,Eficiente
Centro,Departamento,9,6,True,181,Ineficiente
Centro,Casa,19,2,False,244,Eficiente
Centro,Casa,20,4,True,279,Moderado
Centro,Departamento,11,2,True,173,Moderado
Centro,Casa,17,4,False,244,Moderado
Centro,Casa,17,3,True,261,Moderado
Centro,Casa,9,3,True,218,Moderado
Centro,Casa,21,4,True,250,Moderado
Centro,Casa,20,6,True,292,Ineficiente
Centro,Casa,13,6,True,256,Ineficiente
Sur,Departamento,13,2,True,231,Moderado
Centro,Casa,20,4,False,234,Eficiente
Centro,Casa,16,5,True,272,Ineficiente
Centro,Departamento,4,6,False,118,Moderado
Sur,Departamento,4,6,True,198,Ineficiente
Centro,Casa,21,3,True,298,Moderado
Centro,Casa,12,6,True,245,Ineficiente
Centro,Casa,16,6,True,267,Ineficiente
Centro,Casa,15,6,True,265,Ineficiente
Centro,Casa,14,4,True,248,Ineficiente
Centro,Casa,15,4,False,251,Eficiente
Centro,Casa,10,3,True,269,Ineficiente
Centro,Casa,22,2,True,267,Moderado
Centro,Departamento,5,6,True,96,Eficiente
Centro,Departamento,11,2,False,136,Eficiente
Centro,Casa,14,4,True,224,Ineficiente
Norte,Casa,9,6,True,254,Ineficiente
Centro,Casa,21,2,True,311,Ineficiente
Centro,Departamento,12,2,True,195,Moderado
Centro,Casa,21,5,True,290,Ineficiente
Centro,Casa,24,4,True,327,Ineficiente
Centro,Departamento,11,3,True,201,Ineficiente
Centro,Departamento,7,3,True,162,Ineficiente
Centro,Departamento,7,5,False,145,Moderado
Centro,Casa,18,2,True,258,Moderado
Norte,Casa,12,5,True,229,Moderado
Sur,Casa,24,5,True,379,Ineficiente
Centro,Departamento,9,4,True,201,Ineficiente
Centro,Departamento,6,6,True,129,Moderado
Norte,Casa,17,2,True,289,Ineficiente
Centro,Casa,19,3,True,256,Ineficiente
Centro,Casa,17,3,True,268,Moderado
Centro,Departamento,11,5,False,134,Eficiente
Norte,Departamento,10,5,True,215,Moderado
Centro,Casa,24,5,True,326,Ineficiente
Centro,Casa,23,2,True,312,Ineficiente
Centro,Casa,12,5,True,246,Ineficiente
Centro,Departamento,13,5,True,204,Ineficiente
Centro,Departamento,8,6,True,186,Ineficiente
Centro,Departamento,11,2,True,163,Moderado
Norte,Casa,20,4,True,316,Moderado
Centro,Casa,15,4,True,238,Moderado
Norte,Casa,24,6,False,330,Moderado
Centro,Casa,11,3,True,213,Moderado
Centro,Departamento,14,4,True,212,Ineficiente
Centro,Departamento,10,2,True,159,Moderado
Norte,Departamento,12,3,True,198,Moderado
Centro,Departamento,6,5,True,147,Ineficiente
Centro,Casa,21,2,True,255,Moderado
Centro,Casa,23,3,True,318,Ineficiente
Norte,Departamento,13,4,True,216,Ineficiente
Norte,Departamento,6,5,True,146,Moderado
Centro,Casa,16,5,True,251,Ineficiente
Centro,Casa,22,2,False,252,Eficiente
Centro,Casa,14,5,False,230,Eficiente
Norte,Departamento,4,3,True,143,Moderado
Centro,Casa,8,6,True,229,Ineficiente
Centro,Casa,12,4,False,180,Eficiente
Centro,Casa,16,2,True,255,Moderado
Centro,Casa,19,6,False,270,Moderado
Norte,Casa,13,6,True,257,Moderado
Norte,Casa,20,2,True,300,Ineficiente
Norte,Casa,15,3,True,264,Moderado
Centro,Casa,22,4,True,323,Ineficiente
Norte,Casa,13,2,True,247,Moderado
Centro,Casa,13,6,True,268,Ineficiente
Centro,Departamento,8,6,True,187,Ineficiente
Sur,Casa,18,2,True,276,Eficiente
Centro,Casa,10,6,True,223,Ineficiente
Centro,Departamento,8,2,False,142,Eficiente
Centro,Casa,19,2,True,272,Moderado
Norte,Casa,13,4,True,257,Moderado
Centro,Casa,13,2,False,203,Eficiente
Centro,Casa,15,6,False,247,Moderado
Centro,Casa,22,5,True,296,Ineficiente
Centro,Casa,23,4,True,300,Moderado
Sur,Casa,13,6,True,302,Ineficiente
Centro,Casa,24,6,True,327,Ineficiente
Centro,Casa,16,4,False,228,Eficiente
Sur,Casa,12,4,False,244,Eficiente
Norte,Casa,13,6,True,276,Ineficiente
Centro,Casa,19,5,False,257,Eficiente
Centro,Casa,18,3,True,269,Moderado
Centro,Departamento,10,6,False,125,Moderado
Sur,Casa,24,4,False,332,Eficiente
Sur,Casa,16,2,True,284,Moderado
Norte,Casa,8,2,True,229,Moderado
Centro,Casa,10,4,True,213,Ineficiente
Centro,Casa,16,4,False,261,Eficiente
Centro,Departamento,5,3,False,122,Moderado
Norte,Departamento,11,4,True,187,Ineficiente
Centro,Casa,14,2,True,208,Eficiente
Sur,Departamento,13,5,True,239,Moderado
Sur,Casa,19,4,False,293,Eficiente
Centro,Casa,21,3,True,253,Moderado
Norte,Casa,9,5,True,231,Moderado
Centro,Departamento,14,3,True,191,Moderado
Centro,Casa,15,5,False,234,Moderado
Centro,Casa,10,4,False,230,Moderado
Centro,Casa,13,2,True,192,Moderado
Norte,Casa,20,5,True,328,Ineficiente
Centro,Casa,16,6,False,251,Ineficiente
Centro,Casa,16,3,False,217,Eficiente
Sur,Casa,16,5,True,302,Ineficiente
Centro,Casa,22,3,True,312,Moderado
Centro,Casa,20,2,True,277,Moderado
Centro,Casa,23,3,True,262,Moderado
Norte,Casa,9,3,True,230,Moderado
Sur,Casa,21,6,True,356,Ineficiente
Centro,Departamento,5,3,True,126,Moderado
Centro,Casa,9,5,True,230,Ineficiente
Centro,Casa,15,3,True,263,Moderado
Centro,Casa,11,4,True,248,Ineficiente
Centro,Casa,21,3,True,307,Ineficiente
Centro,Casa,18,4,True,321,Ineficiente
Centro,Casa,21,3,True,310,Ineficiente
Centro,Casa,19,3,False,251,Moderado
Norte,Casa,23,5,True,347,Ineficiente
Centro,Casa,13,4,True,238,Moderado
Norte,Casa,8,4,True,216,Moderado
Centro,Casa,19,6,False,242,Moderado
Centro,Casa,14,3,True,235,Moderado
Centro,Casa,15,3,True,262,Moderado
Centro,Casa,16,5,True,245,Moderado
Centro,Casa,9,6,True,226,Ineficiente
Norte,Casa,24,6,False,311,Moderado
Centro,Casa,20,5,True,291,Ineficiente
Centro,Casa,12,4,False,203,Eficiente
Centro,Casa,17,2,True,258,Moderado
Centro,Departamento,6,5,False,173,Ineficiente
Centro,Departamento,6,4,True,137,Moderado
Centro,Casa,13,6,False,221,Moderado
Centro,Casa,10,5,True,216,Moderado
Centro,Departamento,5,2,True,101,Moderado
Centro,Casa,14,3,True,256,Moderado
Norte,Casa,13,5,False,220,Moderado
Sur,Casa,11,2,True,280,Moderado
Centro,Casa,12,2,True,204,Moderado
Centro,Casa,10,5,True,228,Moderado
Norte,Casa,16,4,False,287,Moderado
Centro,Casa,13,5,True,251,Moderado
Centro,Casa,20,6,True,284,Ineficiente
Centro,Casa,11,2,False,170,Eficiente
Centro,Casa,9,2,False,130,Eficiente
Norte,Casa,11,3,True,230,Moderado
Centro,Casa,15,2,False,187,Eficiente
Centro,Departamento,14,3,True,198,Ineficiente
Centro,Casa,17,2,True,246,Moderado
Centro,Casa,16,2,False,225,Eficiente
Centro,Casa,8,5,False,159,Eficiente
Norte,Casa,20,5,True,300,Ineficiente
Centro,Casa,22,6,True,320,Ineficiente
Centro,Casa,9,4,True,214,Moderado
Norte,Casa,18,6,False,240,Moderado
Norte,Casa,21,2,False,293,Eficiente
Centro,Casa,22,6,True,288,Ineficiente
Centro,Casa,21,5,False,241,Moderado
Centro,Casa,23,2,True,291,Moderado
Centro,Casa,22,2,False,312,Moderado
Centro,Casa,16,6,True,260,Ineficiente
Centro,Departamento,10,3,True,172,Moderado
Norte,Casa,12,4,True,262,Moderado
Centro,Casa,18,6,False,238,Eficiente
Centro,Casa,11,6,True,238,Moderado
Centro,Casa,10,4,True,198,Moderado
Centro,Casa,11,2,False,198,Moderado
Centro,Casa,21,2,True,290,Moderado
Centro,Casa,14,3,True,244,Ineficiente
Centro,Casa,15,6,True,263,Ineficiente
Norte,Casa,23,4,False,341,Moderado
Norte,Casa,22,6,True,333,Ineficiente
Centro,Casa,14,5,True,258,Moderado
Centro,Casa,24,6,True,330,Ineficiente
Sur,Casa,19,6,False,282,Eficiente
Centro,Casa,21,5,True,281,Moderado
Centro,Casa,22,5,True,282,Ineficiente
Norte,Departamento,5,4,True,144,Moderado
Centro,Casa,12,2,True,208,Moderado
Centro,Casa,23,3,True,296,Moderado
Centro,Casa,12,5,False,204,Eficiente
Centro,Casa,9,2,True,209,Moderado
Centro,Casa,16,4,False,259,Eficiente
Centro,Casa,16,6,False,264,Moderado
Norte,Casa,11,4,True,247,Moderado
Centro,Casa,22,4,True,282,Ineficiente
Centro,Casa,18,5,False,271,Ineficiente
Centro,Departamento,6,3,False,105,Eficiente
Centro,Casa,8,5,True,214,Moderado
Centro,Casa,15,6,True,265,Ineficiente
Sur,Casa,23,5,True,329,Moderado
Norte,Departamento,7,6,True,173,Ineficiente
Centro,Casa,19,5,True,293,Ineficiente
Centro,Casa,12,3,False,195,Eficiente
Centro,Departamento,13,2,True,244,Ineficiente
Centro,Departamento,8,3,False,122,Eficiente
Centro,Departamento,11,5,False,141,Eficiente
Centro,Casa,22,4,True,300,Ineficiente
Sur,Casa,14,2,False,241,Eficiente
Centro,Casa,12,4,True,194,Moderado
Norte,Departamento,13,3,True,227,Moderado
Centro,Casa,22,2,True,308,Moderado
Centro,Casa,17,5,True,286,Ineficiente
Sur,Casa,21,4,True,338,Ineficiente
Norte,Casa,17,5,False,261,Moderado
Centro,Casa,24,6,False,301,Moderado
Centro,Casa,21,2,True,279,Moderado
Centro,Casa,9,4,False,170,Eficiente
Centro,Casa,23,3,True,331,Ineficiente
Centro,Casa,20,3,True,305,Moderado
Centro,Casa,16,3,True,265,Ineficiente
Centro,Casa,14,3,True,229,Moderado
Centro,Casa,23,4,True,317,Moderado
Centro,Casa,17,6,True,269,Ineficiente
Sur,Casa,16,3,True,286,Moderado
Centro,Casa,14,3,True,237,Moderado
Centro,Casa,23,3,False,284,Eficiente
Centro,Casa,16,6,False,233,Moderado
Centro,Casa,24,2,False,275,Eficiente
Centro,Casa,14,3,True,264,Ineficiente
Sur,Casa,18,3,False,247,Eficiente
Centro,Departamento,13,3,False,186,Eficiente
Centro,Casa,14,2,False,205,Eficiente
Norte,Departamento,13,3,True,201,Moderado
Centro,Casa,14,2,True,226,Moderado
Sur,Casa,15,2,True,280,Ineficiente
Centro,Casa,14,5,True,266,Ineficiente
Sur,Casa,13,5,True,284,Moderado
Centro,Casa,16,3,False,217,Eficiente
Sur,Casa,20,4,False,313,Eficiente
Centro,Casa,14,5,True,246,Moderado
Centro,Departamento,14,5,True,218,Ineficiente
Centro,Departamento,4,4,True,138,Moderado
Centro,Departamento,10,6,True,163,Moderado
Norte,Casa,23,3,True,332,Moderado
Norte,Casa,9,6,False,180,Eficiente
Norte,Departamento,12,6,True,216,Ineficiente
Centro,Casa,24,2,False,257,Moderado
Centro,Casa,20,2,False,210,Eficiente
Norte,Casa,17,3,False,258,Eficiente
Norte,Casa,9,4,True,244,Moderado
Centro,Departamento,6,2,True,136,Moderado
Centro,Casa,21,5,True,322,Ineficiente
Norte,Casa,23,3,True,321,Moderado
Centro,Casa,14,6,True,256,Ineficiente
Sur,Casa,19,3,False,271,Moderado
Centro,Casa,21,2,False,268,Eficiente
Centro,Departamento,5,4,False,125,Moderado
Centro,Casa,11,6,True,223,Ineficiente
Centro,Casa,10,4,True,189,Moderado
Centro,Casa,8,3,True,166,Moderado
Centro,Departamento,5,4,True,160,Ineficiente
Centro,Casa,14,4,False,194,Eficiente
Centro,Departamento,13,3,True,221,Ineficiente
Norte,Casa,12,6,True,243,Moderado
Centro,Casa,14,4,False,212,Eficiente
Centro,Casa,21,4,True,348,Ineficiente
Centro,Casa,9,3,False,168,Eficiente
Centro,Casa,10,5,True,200,Moderado
Sur,Casa,24,4,False,321,Moderado
Centro,Casa,23,2,True,265,Moderado
Centro,Departamento,12,6,True,193,Ineficiente
Centro,Casa,22,4,True,300,Moderado
Sur,Casa,14,3,False,272,Eficiente
Sur,Departamento,14,2,False,218,Eficiente
Centro,Casa,13,3,True,233,Ineficiente
Centro,Casa,21,4,False,309,Eficiente
Centro,Departamento,13,2,False,173,Eficiente
Norte,Casa,21,6,True,350,Moderado
Centro,Casa,11,6,False,224,Moderado
Sur,Casa,11,6,True,299,Ineficiente
Centro,Casa,22,5,True,326,Ineficiente
Centro,Casa,22,3,True,310,Ineficiente
Centro,Casa,21,4,True,304,Ineficiente
Centro,Departamento,12,2,True,208,Ineficiente
Centro,Casa,17,3,True,247,Moderado
Centro,Casa,17,4,True,249,Ineficiente
Sur,Casa,17,5,False,252,Eficiente
Sur,Casa,9,4,True,258,Moderado
Centro,Casa,15,3,False,243,Eficiente
Centro,Casa,8,4,True,180,Moderado
Centro,Casa,8,2,True,176,Moderado
Centro,Casa,11,5,False,230,Moderado
Norte,Departamento,8,2,True,184,Ineficiente
Centro,Casa,16,5,True,275,Ineficiente
Sur,Departamento,5,5,True,193,Moderado
Centro,Casa,12,4,True,224,Moderado
Centro,Departamento,14,2,True,161,Moderado
Centro,Casa,18,5,True,287,Ineficiente
Centro,Casa,20,5,True,332,Ineficiente
Norte,Casa,18,4,False,271,Eficiente
Centro,Casa,24,3,False,260,Eficiente
Centro,Casa,12,3,True,219,Moderado
Norte,Casa,20,6,True,334,Ineficiente
Centro,Casa,8,6,True,232,Ineficiente
Centro,Casa,17,5,False,275,Moderado
Centro,Casa,15,3,True,266,Moderado
Centro,Casa,15,5,True,215,Moderado
Centro,Casa,13,2,True,230,Moderado
Norte,Casa,19,3,False,239,Eficiente
Norte,Casa,14,3,True,270,Ineficiente
Sur,Departamento,7,3,True,203,Moderado
Centro,Casa,16,6,False,225,Moderado
Centro,Casa,17,4,True,257,Moderado
Sur,Casa,17,4,False,266,Eficiente
Centro,Departamento,7,6,True,180,Ineficiente
Centro,Casa,23,6,False,289,Eficiente
Centro,Casa,8,6,True,198,Ineficiente
Sur,Casa,24,4,True,368,Ineficiente
Sur,Casa,21,5,True,349,Ineficiente
Centro,Casa,24,6,True,339,Ineficiente
Centro,Departamento,7,5,True,128,Moderado
Norte,Departamento,12,5,True,202,Ineficiente
Sur,Casa,16,2,True,300,Moderado
Sur,Casa,15,4,True,256,Moderado
Centro,Departamento,8,5,False,108,Eficiente
Centro,Casa,24,4,True,298,Moderado
Norte,Casa,14,4,False,253,Moderado
Centro,Casa,24,2,True,303,Moderado
Centro,Casa,8,4,True,211,Ineficiente
Centro,Casa,12,5,True,214,Ineficiente
Norte,Casa,13,3,False,206,Eficiente
Centro,Departamento,5,5,False,147,Ineficiente
Sur,Departamento,5,5,False,168,Moderado
Centro,Casa,12,4,True,207,Moderado
Centro,Casa,12,5,True,194,Moderado
Centro,Departamento,14,3,False,144,Moderado
Sur,Departamento,13,4,False,189,Eficiente
Centro,Casa,23,6,False,265,Eficiente
Centro,Departamento,7,5,True,158,Ineficiente
Norte,Departamento,4,5,False,146,Eficiente
Norte,Casa,22,2,True,307,Moderado
Norte,Casa,23,6,True,326,Moderado
Centro,Casa,20,6,True,301,Moderado
Sur,Casa,19,3,False,281,Moderado
Centro,Casa,17,6,True,239,Ineficiente
Centro,Departamento,14,2,True,197,Moderado
Centro,Casa,9,3,True,210,Moderado
Centro,Casa,10,6,True,249,Ineficiente
Centro,Casa,16,3,True,270,Ineficiente
Centro,Casa,18,6,True,269,Moderado
Centro,Departamento,13,6,True,201,Ineficiente
Centro,Casa,17,6,False,249,Moderado
Norte,Casa,21,5,True,321,Moderado
Centro,Casa,16,6,True,296,Ineficiente
Centro,Casa,17,5,False,242,Moderado
Sur,Casa,16,4,True,286,Moderado
Centro,Casa,12,2,False,218,Eficiente
Centro,Casa,15,3,True,269,Moderado
Centro,Casa,18,3,False,259,Moderado
Centro,Casa,8,4,True,168,Moderado
Centro,Casa,17,6,False,250,Moderado
Centro,Departamento,5,2,True,125,Moderado
Centro,Casa,14,4,False,226,Eficiente
Centro,Casa,21,4,True,274,Moderado
Centro,Casa,12,3,True,240,Ineficiente
Centro,Casa,24,5,True,325,Ineficiente
Norte,Casa,13,5,False,253,Eficiente
Norte,Casa,23,6,False,296,Eficiente
Norte,Departamento,12,6,True,224,Ineficiente
Centro,Casa,17,4,True,279,Ineficiente
Centro,Casa,22,6,True,258,Moderado
Centro,Casa,14,5,True,261,Ineficiente
Centro,Departamento,12,2,True,171,Moderado
Centro,Casa,19,3,False,247,Eficiente
Centro,Casa,19,5,False,283,Moderado
Centro,Casa,23,6,False,312,Moderado
Sur,Casa,13,3,True,259,Eficiente
Centro,Casa,10,3,False,151,Eficiente
Centro,Departamento,13,4,True,194,Moderado
Centro,Casa,12,6,True,260,Ineficiente
Centro,Casa,18,4,True,297,Ineficiente
Norte,Casa,10,3,True,188,Eficiente
Norte,Casa,10,4,False,221,Eficiente
Norte,Casa,12,6,True,268,Ineficiente
Centro,Casa,18,5,False,266,Eficiente
Centro,Casa,10,2,False,180,Eficiente
Centro,Casa,20,5,True,254,Moderado
Norte,Casa,15,3,True,255,Moderado
Centro,Casa,17,5,True,250,Moderado
Centro,Casa,9,4,True,187,Moderado
Centro,Casa,11,6,False,222,Moderado
Centro,Casa,11,5,False,198,Moderado
Centro,Casa,16,5,True,269,Ineficiente
Centro,Departamento,5,6,False,146,Moderado
Centro,Departamento,4,4,True,98,Moderado
Centro,Casa,11,2,True,244,Moderado
Centro,Casa,16,5,True,297,Ineficiente
Centro,Casa,20,3,True,244,Moderado
Centro,Casa,16,4,True,270,Moderado
Centro,Casa,13,4,True,275,Ineficiente
Centro,Casa,21,5,True,269,Moderado
Centro,Casa,22,6,True,285,Moderado
Centro,Casa,10,5,True,236,Ineficiente
Centro,Casa,12,5,True,243,Moderado
Centro,Casa,21,6,True,306,Ineficiente
Centro,Casa,23,3,True,295,Moderado
Centro,Casa,21,6,False,280,Moderado
Centro,Casa,16,5,True,211,Moderado
Sur,Casa,22,2,True,305,Ineficiente
Centro,Casa,14,6,False,225,Moderado
Centro,Casa,21,3,True,244,Moderado
Centro,Casa,13,6,False,218,Eficiente
Sur,Casa,22,6,True,348,Ineficiente
Centro,Casa,15,4,True,235,Moderado
Centro,Casa,9,4,True,194,Moderado
Centro,Casa,15,5,True,234,Moderado
Centro,Departamento,9,5,False,138,Moderado
Centro,Departamento,8,6,True,178,Ineficiente
Centro,Casa,12,2,False,202,Moderado
Centro,Casa,23,5,True,331,Ineficiente
Centro,Casa,14,6,False,224,Moderado
Sur,Casa,14,6,True,302,Ineficiente
Centro,Departamento,5,6,True,120,Moderado
Sur,Casa,22,6,True,353,Ineficiente
Centro,Casa,21,6,True,297,Ineficiente
Centro,Casa,16,4,False,241,Eficiente
Centro,Casa,21,3,True,281,Moderado
Norte,Casa,12,3,False,211,Eficiente
Centro,Casa,18,6,True,264,Moderado
Norte,Casa,15,5,True,295,Ineficiente
Centro,Departamento,5,2,True,117,Moderado
Centro,Departamento,6,6,False,169,Moderado
Centro,Casa,12,2,True,192,Moderado
Centro,Casa,24,4,False,311,Moderado
Centro,Casa,11,3,False,148,Eficiente
Centro,Casa,22,4,False,270,Moderado
Sur,Casa,9,5,True,241,Moderado
Centro,Casa,24,5,True,326,Ineficiente
Centro,Casa,19,6,True,304,Ineficiente
Centro,Casa,24,5,False,331,Eficiente
Norte,Casa,17,5,False,253,Eficiente
Sur,Casa,20,4,True,310,Moderado
Centro,Departamento,4,2,True,140,Ineficiente
Centro,Casa,23,3,False,273,Eficiente
Centro,Casa,23,5,True,298,Ineficiente
Norte,Departamento,11,5,True,198,Ineficiente
Sur,Casa,14,4,False,243,Eficiente
Centro,Departamento,8,3,False,97,Eficiente
Centro,Casa,9,4,False,214,Moderado
Centro,Casa,17,2,True,263,Ineficiente
Centro,Casa,12,4,True,196,Moderado
Centro,Casa,10,3,True,239,Moderado
Centro,Casa,20,3,True,283,Moderado
Centro,Casa,19,5,True,278,Ineficiente
Centro,Casa,10,2,False,190,Eficiente
Norte,Casa,13,6,False,232,Moderado
Centro,Departamento,14,5,True,181,Ineficiente
Centro,Departamento,13,4,True,185,Moderado
Sur,Casa,20,4,True,323,Moderado
Centro,Casa,10,3,True,192,Moderado
Centro,Casa,13,3,True,241,Moderado
Centro,Casa,23,3,True,326,Ineficiente
Centro,Departamento,10,6,True,177,Ineficiente
Centro,Casa,19,6,False,217,Eficiente
Centro,Casa,11,5,True,223,Moderado
Centro,Casa,8,6,True,193,Moderado
Centro,Casa,9,3,False,173,Eficiente
Norte,Casa,20,5,True,305,Moderado
Centro,Departamento,10,5,False,137,Moderado
Sur,Casa,9,2,True,210,Moderado
Centro,Casa,23,6,False,291,Moderado
Centro,Casa,19,4,True,262,Moderado
Norte,Departamento,10,4,True,229,Ineficiente
Centro,Departamento,13,2,True,190,Moderado
Centro,Casa,24,3,False,268,Eficiente
Norte,Casa,17,2,True,264,Moderado
Centro,Casa,14,3,True,234,Eficiente
Centro,Casa,22,6,True,310,Ineficiente
Centro,Departamento,10,6,True,197,Ineficiente
Norte,Casa,17,5,True,311,Moderado
Centro,Casa,11,5,False,200,Eficiente
Centro,Casa,13,5,False,225,Eficiente
Centro,Casa,11,5,True,235,Ineficiente
Centro,Casa,12,4,True,230,Moderado
Centro,Casa,16,5,True,257,Ineficiente
Centro,Casa,19,5,True,285,Moderado
Sur,Casa,15,5,False,256,Moderado
Centro,Casa,12,3,False,176,Eficiente
Centro,Casa,18,5,True,304,Ineficiente
Centro,Casa,18,2,True,265,Moderado
Centro,Casa,20,5,False,270,Eficiente
Sur,Casa,21,5,True,332,Ineficiente
Norte,Casa,15,4,True,279,Ineficiente
Sur,Casa,19,5,False,294,Moderado
Centro,Casa,19,3,True,242,Moderado
Centro,Casa,17,6,False,238,Moderado
Centro,Departamento,4,5,True,149,Ineficiente
Centro,Casa,19,5,True,271,Moderado
Centro,Casa,21,5,True,260,Ineficiente
Centro,Casa,22,4,True,293,Moderado
Sur,Casa,23,6,True,321,Moderado
Norte,Casa,9,4,False,196,Eficiente
Norte,Casa,19,4,False,296,Moderado
Centro,Casa,23,4,True,280,Moderado
Centro,Casa,20,3,False,267,Eficiente
Centro,Casa,24,6,False,332,Moderado
Norte,Casa,10,3,False,230,Eficiente
Sur,Casa,17,3,False,269,Eficiente
Norte,Casa,8,6,True,212,Moderado
Norte,Casa,13,3,True,254,Moderado
Norte,Casa,10,6,False,223,Moderado
Centro,Casa,11,5,True,245,Ineficiente
Sur,Casa,10,4,False,231,Eficiente
Centro,Casa,15,3,True,253,Moderado
Centro,Departamento,11,6,True,173,Ineficiente
Norte,Casa,14,2,True,267,Moderado
Centro,Casa,9,3,True,177,Moderado
Centro,Casa,13,3,True,218,Ineficiente
Centro,Casa,23,6,False,303,Moderado
Norte,Casa,17,2,True,299,Moderado
Centro,Casa,11,2,True,225,Moderado
Centro,Departamento,9,5,True,172,Ineficiente
Centro,Casa,17,3,True,258,Moderado
Centro,Departamento,12,4,True,170,Moderado
Norte,Casa,16,3,False,239,Eficiente
Centro,Casa,18,4,False,207,Moderado
Centro,Casa,18,4,False,279,Eficiente
Centro,Departamento,6,6,True,201,Ineficiente
Centro,Casa,9,3,True,164,Moderado
Centro,Departamento,7,6,False,110,Eficiente
Sur,Casa,18,5,True,343,Ineficiente
Centro,Casa,10,4,True,199,Moderado
Norte,Departamento,11,2,False,194,Eficiente
Centro,Casa,18,4,False,261,Eficiente
Centro,Casa,18,5,True,269,Moderado
Centro,Casa,18,4,True,289,Moderado
Centro,Departamento,13,6,True,205,Ineficiente
Sur,Departamento,9,3,True,201,Moderado
Centro,Casa,17,2,True,264,Moderado
Centro,Casa,17,6,True,289,Ineficiente
Centro,Departamento,10,3,True,190,Ineficiente
Norte,Casa,9,2,False,240,Eficiente
Centro,Casa,11,5,False,209,Moderado
Centro,Departamento,11,4,True,207,Ineficiente
Norte,Casa,20,2,True,320,Moderado
Centro,Casa,12,5,True,247,Ineficiente
Centro,Casa,9,3,True,192,Moderado
Centro,Departamento,7,2,True,165,Ineficiente
Norte,Departamento,11,5,False,190,Eficiente
Norte,Departamento,4,3,True,122,Eficiente
Centro,Casa,24,6,True,343,Ineficiente
Centro,Departamento,10,4,True,142,Moderado
Norte,Departamento,10,5,True,212,Ineficiente
Centro,Casa,11,6,True,220,Ineficiente
Norte,Departamento,13,3,True,214,Moderado
Centro,Casa,11,2,True,184,Moderado
Centro,Casa,21,4,True,277,Moderado
Centro,Casa,11,3,True,206,Moderado
Centro,Casa,13,5,False,212,Moderado
Centro,Casa,16,4,True,245,Moderado
Centro,Casa,19,6,False,269,Moderado
Centro,Casa,15,4,True,259,Ineficiente
Centro,Casa,11,6,False,198,Eficiente
Norte,Casa,12,3,True,244,Moderado
Centro,Casa,13,2,True,236,Ineficiente
Centro,Casa,12,4,True,184,Moderado
Norte,Casa,15,2,True,268,Moderado
Centro,Casa,16,2,True,234,Moderado
Centro,Casa,22,4,True,245,Moderado
Centro,Departamento,5,4,False,107,Eficiente
Centro,Casa,16,2,True,226,Moderado
Norte,Casa,14,5,True,258,Moderado
Centro,Casa,15,5,True,264,Ineficiente
Centro,Departamento,14,4,True,220,Ineficiente
Sur,Casa,22,2,False,329,Eficiente
Centro,Departamento,5,2,False,132,Eficiente
Sur,Casa,14,3,True,257,Moderado
Centro,Departamento,12,2,True,203,Ineficiente
Centro,Casa,24,5,False,268,Moderado
Centro,Departamento,12,3,True,205,Ineficiente
Centro,Casa,18,5,True,287,Ineficiente
Centro,Casa,22,6,False,287,Eficiente
Centro,Casa,17,4,True,246,Moderado
Centro,Casa,18,6,True,304,Ineficiente
Centro,Casa,10,4,False,169,Eficiente
Centro,Departamento,13,5,False,175,Moderado
Centro,Departamento,12,5,False,170,Moderado
Centro,Casa,22,6,True,275,Moderado
Centro,Casa,14,4,False,220,Eficiente
Centro,Casa,17,4,False,217,Eficiente
Centro,Casa,17,3,False,262,Eficiente
Centro,Casa,20,2,True,329,Ineficiente
Centro,Casa,22,3,False,254,Eficiente
Norte,Casa,11,5,False,214,Eficiente
Centro,Casa,24,6,True,326,Ineficiente
Sur,Casa,10,4,True,213,Eficiente
Centro,Casa,9,3,False,210,Moderado
Centro,Casa,11,6,False,200,Eficiente
Centro,Casa,8,6,False,178,Moderado
Centro,Departamento,4,2,True,136,Ineficiente
Norte,Casa,8,4,True,222,Ineficiente
Centro,Casa,13,6,True,249,Ineficiente
Centro,Casa,14,4,False,234,Moderado
Centro,Casa,19,3,True,270,Ineficiente
Centro,Departamento,13,6,False,158,Eficiente
Centro,Casa,14,6,True,277,Ineficiente
Sur,Casa,20,3,False,283,Eficiente
Centro,Casa,19,4,True,267,Moderado
Centro,Departamento,4,4,False,112,Eficiente
Centro,Departamento,10,6,False,133,Eficiente
Centro,Casa,21,3,False,266,Moderado
Centro,Casa,19,5,True,301,Ineficiente
Centro,Casa,19,4,True,309,Ineficiente
Centro,Departamento,11,5,False,176,Moderado
Norte,Casa,17,6,True,315,Ineficiente
Centro,Departamento,12,5,False,156,Eficiente
Centro,Casa,9,5,False,204,Eficiente
Centro,Casa,14,4,False,214,Eficiente
Centro,Casa,16,6,True,290,Ineficiente
Centro,Casa,19,5,False,260,Moderado
Centro,Casa,12,4,True,250,Ineficiente
Norte,Casa,8,5,True,229,Moderado
Centro,Casa,22,4,True,283,Ineficiente
Centro,Casa,15,6,False,235,Moderado
Centro,Casa,8,3,False,164,Eficiente
Centro,Casa,20,4,True,310,Ineficiente
Centro,Departamento,5,4,True,112,Moderado
Centro,Departamento,14,5,False,149,Eficiente
Sur,Departamento,12,6,False,219,Moderado
Norte,Departamento,12,2,False,167,Eficiente
Centro,Casa,11,2,False,164,Eficiente
Centro,Casa,8,3,False,170,Eficiente
Norte,Casa,15,6,True,285,Ineficiente
Centro,Casa,12,4,True,253,Ineficiente
Sur,Casa,9,2,True,200,Eficiente
Sur,Departamento,4,3,False,146,Eficiente
Centro,Casa,14,6,True,285,Ineficiente
Sur,Casa,24,3,False,354,Moderado
Centro,Casa,13,2,True,227,Moderado
Centro,Casa,22,5,False,267,Moderado
Centro,Casa,12,5,False,203,Eficiente
Centro,Casa,22,6,True,289,Moderado
Sur,Departamento,10,3,True,201,Moderado
Centro,Casa,9,4,True,209,Moderado
Centro,Casa,24,2,False,287,Eficiente
Norte,Departamento,8,5,False,178,Eficiente
Norte,Departamento,14,5,True,225,Moderado
Norte,Departamento,5,3,True,151,Moderado
Sur,Departamento,9,5,True,230,Moderado
Centro,Casa,21,3,True,280,Moderado
Centro,Casa,22,2,True,302,Moderado
Centro,Casa,9,3,True,169,Eficiente
Centro,Casa,11,5,True,236,Ineficiente
Centro,Casa,16,3,True,294,Ineficiente
Centro,Casa,14,5,False,204,Eficiente
Centro,Casa,20,6,False,298,Moderado
Centro,Casa,19,5,True,296,Moderado
Centro,Casa,10,5,False,212,Moderado
Norte,Casa,20,5,True,323,Moderado
Norte,Casa,22,6,True,316,Ineficiente
Norte,Casa,21,4,False,260,Moderado
Centro,Departamento,12,5,True,203,Ineficiente
Sur,Casa,20,4,True,322,Ineficiente
Centro,Casa,11,2,True,184,Moderado
Centro,Casa,15,3,True,235,Moderado
Centro,Departamento,11,4,False,135,Eficiente
Centro,Casa,9,2,True,236,Moderado
Norte,Casa,15,3,True,281,Ineficiente
Centro,Casa,24,5,False,273,Eficiente
Centro,Casa,20,5,True,300,Ineficiente
Centro,Departamento,6,5,True,128,Ineficiente
Centro,Casa,16,6,False,205,Eficiente
Centro,Casa,19,6,True,274,Ineficiente
Centro,Departamento,4,6,False,114,Eficiente
Sur,Departamento,14,6,False,235,Moderado
Centro,Casa,22,2,True,306,Ineficiente
Centro,Departamento,7,2,True,136,Moderado
Norte,Casa,22,5,True,337,Ineficiente
Norte,Casa,21,3,False,250,Eficiente
Centro,Casa,15,6,True,289,Ineficiente
Norte,Casa,12,3,False,187,Eficiente
Centro,Casa,11,2,False,177,Eficiente
Centro,Departamento,8,6,False,131,Eficiente
Norte,Departamento,10,2,False,131,Eficiente
Centro,Casa,13,2,False,207,Eficiente
Centro,Departamento,9,4,False,177,Moderado
Centro,Casa,10,2,True,168,Moderado
Centro,Casa,22,5,False,233,Moderado
Centro,Casa,10,2,False,162,Eficiente
Centro,Casa,18,6,True,276,Ineficiente
Centro,Departamento,10,5,True,195,Moderado
Centro,Departamento,14,2,True,183,Moderado
Sur,Casa,8,5,True,209,Moderado
Norte,Casa,23,2,True,341,Moderado
Norte,Casa,23,5,True,312,Moderado
Norte,Casa,17,3,False,266,Eficiente
Centro,Departamento,6,4,True,124,Moderado
Norte,Casa,11,5,False,218,Eficiente
Centro,Casa,10,6,True,232,Ineficiente
Centro,Casa,12,4,True,211,Moderado
Centro,Casa,19,4,True,286,Ineficiente
Centro,Casa,19,2,True,260,Moderado
Centro,Casa,20,5,False,255,Moderado
Centro,Casa,19,4,False,283,Moderado
Centro,Casa,23,6,False,298,Moderado
Centro,Departamento,5,6,True,159,Ineficiente
Centro,Casa,12,6,False,228,Moderado
Norte,Casa,11,2,True,243,Moderado
Sur,Departamento,9,3,True,210,Moderado
Norte,Casa,19,5,False,302,Moderado
Centro,Departamento,8,4,False,117,Eficiente
Centro,Casa,13,5,True,243,Ineficiente
Centro,Casa,16,4,False,225,Moderado
Norte,Casa,8,2,False,188,Eficiente
Norte,Casa,19,5,True,289,Moderado
Centro,Casa,21,2,True,249,Moderado
Centro,Casa,13,2,False,217,Eficiente
Centro,Casa,8,5,False,229,Eficiente
Sur,Casa,9,5,True,274,Moderado
Centro,Casa,18,4,True,288,Ineficiente
Centro,Departamento,7,6,True,169,Moderado
Centro,Departamento,4,2,True,119,Moderado
Centro,Departamento,13,3,True,189,Moderado
Centro,Casa,13,4,True,233,Ineficiente
Norte,Casa,9,4,False,190,Eficiente
Centro,Casa,17,6,False,215,Eficiente
Centro,Casa,13,6,False,224,Moderado
Sur,Casa,24,2,False,312,Eficiente
Centro,Casa,21,4,False,289,Moderado
Norte,Casa,12,4,False,238,Moderado
Sur,Casa,24,3,True,307,Eficiente
Centro,Casa,9,2,False,207,Eficiente
Centro,Casa,16,2,True,236,Moderado
Centro,Casa,19,6,True,280,Ineficiente
Norte,Departamento,5,2,True,116,Moderado
Centro,Casa,16,3,True,257,Moderado
Norte,Casa,23,2,True,324,Ineficiente
Centro,Casa,18,5,False,285,Moderado
Centro,Casa,19,5,True,300,Ineficiente
Centro,Casa,22,3,False,258,Moderado
Centro,Casa,23,6,True,280,Ineficiente
Centro,Casa,22,4,False,262,Moderado
Centro,Casa,12,2,True,239,Ineficiente
Centro,Casa,18,6,True,273,Ineficiente
Centro,Casa,22,6,True,287,Moderado
Centro,Departamento,11,2,False,150,Moderado
Centro,Casa,11,4,True,215,Moderado
Centro,Casa,24,2,True,293,Eficiente
Centro,Departamento,14,4,True,188,Ineficiente
Norte,Casa,23,3,True,323,Moderado
Centro,Casa,22,4,False,294,Eficiente
Norte,Casa,21,6,True,332,Ineficiente
Sur,Casa,19,3,False,249,Eficiente
Centro,Departamento,12,5,False,200,Ineficiente
Centro,Casa,17,3,True,274,Ineficiente
Centro,Departamento,9,4,True,174,Ineficiente
Sur,Casa,13,3,True,279,Moderado
Centro,Casa,21,3,True,298,Moderado
Centro,Casa,24,5,True,325,Ineficiente
Centro,Casa,23,4,True,286,Moderado
Centro,Casa,22,6,True,319,Ineficiente
Centro,Departamento,14,3,False,176,Moderado
Centro,Casa,8,2,False,174,Eficiente
Centro,Departamento,10,6,False,147,Eficiente
Centro,Casa,17,3,True,280,Ineficiente
Sur,Departamento,13,6,True,234,Ineficiente
Norte,Casa,17,2,True,273,Moderado
Centro,Casa,17,6,True,263,Ineficiente
Centro,Departamento,13,6,True,186,Moderado
Centro,Casa,23,2,False,285,Moderado
Centro,Casa,16,2,True,236,Moderado
Centro,Casa,22,2,True,291,Moderado
Centro,Casa,21,5,False,244,Moderado
Centro,Departamento,8,2,False,89,Eficiente
Norte,Casa,11,6,True,286,Ineficiente
Centro,Casa,14,2,True,264,Moderado
Centro,Casa,15,3,False,207,Eficiente
Centro,Casa,15,2,True,249,Moderado
Norte,Casa,22,2,True,300,Moderado
Centro,Casa,23,4,False,294,Moderado
Centro,Casa,16,6,False,220,Moderado
Centro,Casa,19,6,True,264,Moderado
Centro,Casa,23,3,True,301,Moderado
Centro,Casa,11,5,True,234,Ineficiente
Centro,Casa,12,4,True,215,Moderado
Norte,Casa,15,3,True,238,Moderado
Centro,Casa,8,3,False,196,Moderado
Centro,Casa,13,6,True,236,Moderado
Sur,Casa,22,4,True,329,Ineficiente
Centro,Casa,11,6,True,256,Ineficiente
Centro,Casa,18,5,True,320,Ineficiente
Sur,Casa,12,6,True,285,Moderado
Norte,Casa,22,2,True,326,Ineficiente
Centro,Casa,20,6,False,247,Moderado
Centro,Casa,12,2,True,233,Moderado
Centro,Casa,8,3,True,213,Moderado
Sur,Departamento,7,5,True,179,Moderado
Norte,Casa,12,2,True,228,Moderado
Centro,Casa,13,5,True,265,Ineficiente
Centro,Casa,23,6,False,285,Eficiente
Centro,Casa,19,6,False,291,Moderado
Centro,Casa,9,3,True,203,Moderado
Centro,Departamento,12,6,False,173,Eficiente
Centro,Casa,24,2,True,322,Moderado
Centro,Casa,24,3,True,349,Ineficiente
Centro,Casa,23,5,False,299,Eficiente
Centro,Casa,15,3,True,248,Ineficiente
Centro,Casa,10,5,True,245,Ineficiente
Centro,Casa,24,4,True,339,Moderado
Centro,Casa,13,2,True,236,Ineficiente
Centro,Casa,15,2,True,247,Moderado
Centro,Casa,20,5,True,304,Ineficiente
Centro,Casa,15,6,True,231,Ineficiente
Sur,Casa,13,6,False,240,Eficiente
Centro,Casa,22,4,True,303,Moderado
Norte,Casa,17,5,True,273,Moderado
Centro,Casa,24,4,True,313,Moderado
Sur,Casa,8,5,False,225,Eficiente
Centro,Casa,14,4,True,223,Moderado
Centro,Departamento,10,5,False,166,Moderado
Centro,Casa,10,2,True,166,Moderado
Centro,Casa,22,4,False,267,Moderado
Norte,Casa,12,4,True,218,Moderado
Centro,Casa,18,5,True,269,Ineficiente
Centro,Casa,10,3,True,229,Ineficiente
Centro,Casa,13,3,True,216,Moderado
Centro,Departamento,11,2,True,131,Moderado
Centro,Casa,12,6,True,234,Ineficiente
Centro,Casa,16,6,True,250,Ineficiente
Centro,Casa,20,2,True,275,Moderado
Centro,Departamento,7,6,False,134,Moderado
Centro,Casa,18,5,False,254,Moderado
Centro,Departamento,5,3,True,158,Ineficiente
Centro,Casa,13,2,True,218,Moderado
Centro,Departamento,13,5,True,202,Ineficiente
Centro,Casa,24,2,False,271,Eficiente
Centro,Departamento,14,3,False,193,Moderado
Centro,Casa,22,6,False,287,Moderado
Centro,Departamento,6,5,True,162,Ineficiente
Centro,Casa,24,3,False,298,Eficiente
Sur,Casa,14,2,False,209,Eficiente
Centro,Casa,14,4,True,258,Ineficiente
Centro,Casa,8,5,False,188,Moderado
Centro,Casa,15,2,True,226,Moderado
Norte,Casa,12,2,True,264,Moderado
Centro,Casa,15,3,False,239,Eficiente
Centro,Casa,24,2,True,299,Ineficiente
Centro,Departamento,11,5,False,120,Moderado
Centro,Casa,22,5,True,302,Ineficiente
Norte,Departamento,14,2,False,168,Eficiente
Centro,Casa,19,3,False,204,Eficiente
Sur,Casa,20,5,False,316,Eficiente
Centro,Casa,21,4,False,297,Moderado
Centro,Casa,12,6,True,237,Moderado
Norte,Casa,23,3,True,326,Ineficiente
Norte,Casa,14,3,False,259,Moderado
Centro,Casa,22,6,True,312,Ineficiente
Centro,Casa,20,6,False,257,Moderado
Centro,Departamento,14,5,True,163,Moderado
Centro,Departamento,9,2,False,149,Moderado
Centro,Casa,14,2,True,241,Ineficiente
Centro,Casa,23,4,False,299,Moderado
Centro,Casa,20,2,False,201,Eficiente
Centro,Casa,10,4,True,256,Ineficiente
Centro,Casa,22,4,True,283,Ineficiente
Centro,Casa,10,3,False,206,Eficiente
Centro,Casa,14,3,False,175,Eficiente
Centro,Departamento,11,5,True,171,Ineficiente
Centro,Casa,21,6,False,266,Moderado
Centro,Casa,13,6,True,225,Moderado
Norte,Casa,15,4,True,253,Ineficiente
Centro,Casa,14,6,False,260,Moderado
Sur,Casa,22,4,True,332,Moderado
Centro,Departamento,5,6,True,192,Ineficiente
Centro,Casa,15,5,False,251,Eficiente
Norte,Departamento,9,3,True,142,Moderado
Centro,Casa,20,3,True,273,Moderado
Norte,Casa,16,4,True,269,Ineficiente
Centro,Casa,16,6,True,248,Ineficiente
Sur,Casa,24,2,True,367,Moderado
Sur,Departamento,5,5,False,177,Moderado
Centro,Departamento,14,6,True,256,Ineficiente
Centro,Casa,8,2,False,156,Eficiente
Sur,Casa,9,5,False,236,Eficiente
Centro,Casa,11,5,False,194,Moderado
Norte,Departamento,12,3,True,196,Moderado
Centro,Casa,11,4,True,238,Moderado
Centro,Casa,9,6,True,262,Ineficiente
Centro,Casa,15,5,False,249,Moderado
Centro,Casa,21,6,True,319,Ineficiente
Centro,Casa,17,5,True,267,Moderado
Centro,Casa,24,3,True,324,Moderado
Centro,Departamento,13,4,False,194,Moderado
Centro,Casa,21,2,True,264,Moderado
Centro,Casa,15,2,False,215,Eficiente
Centro,Departamento,6,3,True,135,Moderado
Centro,Casa,23,5,True,298,Ineficiente
Sur,Departamento,4,3,True,187,Moderado
Sur,Casa,17,4,True,299,Moderado
Centro,Casa,15,2,False,224,Moderado
Norte,Departamento,9,6,True,207,Ineficiente
Centro,Casa,10,2,True,199,Moderado
Centro,Casa,24,4,False,258,Eficiente
Sur,Casa,22,5,False,311,Moderado
Centro,Casa,24,3,False,293,Moderado
Centro,Casa,15,2,True,246,Eficiente
Centro,Casa,9,2,True,158,Eficiente
Norte,Departamento,12,6,True,235,Ineficiente
Centro,Casa,12,3,False,187,Eficiente
Centro,Casa,16,6,True,278,Ineficiente
Centro,Casa,16,6,False,258,Moderado
Centro,Casa,9,5,False,197,Eficiente
Centro,Casa,9,2,False,210,Moderado
Centro,Departamento,7,3,False,143,Eficiente
Centro,Casa,24,5,True,308,Moderado
Norte,Casa,21,5,True,309,Ineficiente
Centro,Casa,21,5,True,295,Ineficiente
Centro,Casa,21,4,True,284,Ineficiente
Centro,Casa,13,4,True,243,Moderado
Sur,Casa,10,5,True,237,Moderado
Centro,Departamento,13,4,True,223,Ineficiente
Centro,Casa,23,3,True,301,Moderado
Centro,Casa,11,2,True,239,Ineficiente
Centro,Casa,8,3,True,172,Moderado
Centro,Casa,24,2,True,279,Moderado
Centro,Casa,15,4,True,271,Ineficiente
Centro,Casa,9,3,True,190,Moderado
Centro,Casa,23,6,False,271,Moderado
Centro,Casa,17,5,True,292,Ineficiente
Norte,Casa,15,2,False,218,Eficiente
Centro,Casa,19,2,True,267,Moderado
Centro,Departamento,7,6,True,153,Ineficiente
Centro,Departamento,13,6,True,221,Ineficiente
Centro,Casa,18,5,True,280,Ineficiente
Sur,Departamento,5,4,True,198,Ineficiente
Norte,Casa,10,3,False,181,Eficiente
Centro,Casa,19,3,False,252,Moderado
Centro,Casa,16,3,False,228,Moderado
Centro,Casa,12,4,False,189,Eficiente
Centro,Casa,8,5,True,185,Moderado
Centro,Departamento,5,3,True,133,Moderado
Centro,Casa,24,2,False,272,Eficiente
Sur,Casa,11,2,False,250,Eficiente
Centro,Casa,22,2,True,305,Moderado
Centro,Departamento,5,6,False,111,Moderado
Sur,Casa,22,6,True,343,Ineficiente
Centro,Casa,14,4,True,253,Ineficiente
Norte,Casa,22,3,False,302,Eficiente
Centro,Casa,15,6,False,258,Moderado
Centro,Departamento,8,2,False,124,Eficiente
Centro,Departamento,12,6,True,202,Ineficiente
Sur,Casa,22,2,True,293,Moderado
Centro,Departamento,6,3,True,119,Moderado
Centro,Casa,10,4,False,208,Eficiente
Centro,Departamento,11,5,True,165,Ineficiente
Centro,Casa,10,5,True,186,Moderado
Sur,Casa,22,2,True,344,Moderado
Centro,Casa,13,6,True,238,Moderado
Centro,Casa,8,6,True,195,Ineficiente
Centro,Casa,21,2,False,227,Eficiente
Centro,Casa,23,3,True,271,Moderado
Centro,Casa,8,2,False,157,Eficiente
Norte,Casa,24,3,True,325,Ineficiente
Norte,Casa,15,4,False,269,Moderado
Centro,Casa,23,4,False,278,Moderado
Centro,Departamento,7,2,True,137,Moderado
Norte,Casa,17,4,True,278,Moderado
Centro,Casa,17,6,True,228,Moderado
Norte,Casa,12,3,True,234,Ineficiente
Centro,Departamento,6,5,False,139,Moderado
Centro,Casa,24,5,True,319,Ineficiente
Sur,Casa,21,4,True,347,Ineficiente
Centro,Departamento,4,3,False,124,Eficiente
Norte,Departamento,13,6,True,193,Moderado
Centro,Casa,19,5,True,269,Moderado
Centro,Casa,19,6,True,308,Ineficiente
Sur,Casa,9,6,False,235,Eficiente
Centro,Departamento,9,5,True,170,Ineficiente
Centro,Casa,24,5,True,338,Ineficiente
Sur,Casa,17,4,False,263,Eficiente
Centro,Departamento,14,3,True,183,Moderado
Centro,Casa,11,2,False,171,Eficiente
Centro,Casa,11,3,False,165,Eficiente
Norte,Casa,9,2,False,188,Eficiente
Centro,Casa,19,5,False,261,Moderado
Centro,Casa,17,6,False,228,Eficiente
Centro,Casa,20,3,False,252,Eficiente
Sur,Casa,22,6,False,312,Moderado
Centro,Casa,10,3,True,208,Eficiente
Centro,Departamento,12,3,True,212,Ineficiente
Norte,Casa,15,6,True,281,Ineficiente
Centro,Departamento,10,4,True,177,Ineficiente
Norte,Casa,15,5,True,315,Ineficiente
Sur,Departamento,6,4,True,176,Moderado
Centro,Casa,13,4,False,223,Moderado
Centro,Casa,11,3,False,181,Moderado
Centro,Casa,22,5,False,294,Moderado
Centro,Departamento,9,3,False,119,Eficiente
Sur,Casa,12,2,False,227,Eficiente
Centro,Casa,14,3,False,201,Eficiente
Sur,Casa,16,6,True,286,Moderado
Centro,Departamento,10,3,True,127,Moderado
Norte,Casa,16,2,True,275,Moderado
Centro,Casa,17,3,True,246,Moderado
Norte,Casa,11,2,False,201,Moderado
Centro,Departamento,10,5,True,177,Ineficiente
Centro,Casa,21,3,True,257,Moderado
Centro,Casa,16,2,True,239,Moderado
Norte,Casa,8,5,True,190,Moderado
Centro,Casa,24,6,True,313,Ineficiente
Centro,Casa,20,4,False,289,Moderado
Sur,Casa,14,2,True,262,Moderado
Centro,Casa,16,6,True,244,Moderado
Centro,Casa,18,5,False,241,Eficiente
Centro,Casa,10,6,False,231,Moderado
Centro,Casa,19,3,True,264,Ineficiente
Centro,Casa,10,4,True,184,Moderado
Centro,Casa,22,2,True,252,Moderado
Centro,Casa,17,5,False,235,Eficiente
Sur,Casa,8,4,True,257,Ineficiente
Norte,Casa,21,5,True,325,Moderado
Centro,Casa,13,6,True,267,Ineficiente
Norte,Casa,9,5,False,220,Eficiente
Centro,Casa,15,5,True,255,Moderado
Centro,Departamento,4,6,True,90,Eficiente
Centro,Casa,11,6,True,259,Ineficiente
Norte,Casa,11,4,True,212,Eficiente
Centro,Casa,12,2,True,265,Ineficiente
Norte,Casa,16,6,True,271,Ineficiente
Norte,Casa,20,4,True,290,Moderado
Centro,Casa,24,5,False,282,Eficiente
Centro,Casa,8,5,True,206,Moderado
Sur,Casa,22,3,False,281,Eficiente
Centro,Casa,9,6,True,200,Moderado
Centro,Casa,23,4,True,324,Ineficiente
Norte,Departamento,12,4,True,235,Ineficiente
Centro,Casa,12,2,False,171,Eficiente
Centro,Departamento,14,4,True,209,Ineficiente
Centro,Casa,14,6,True,242,Moderado
Centro,Casa,10,4,False,200,Moderado
Centro,Casa,24,3,False,265,Eficiente
Centro,Casa,10,5,True,234,Ineficiente
Centro,Departamento,4,5,True,135,Ineficiente
Sur,Casa,14,4,True,273,Moderado
Centro,Departamento,9,4,False,142,Eficiente
Centro,Casa,22,4,True,327,Ineficiente
Centro,Departamento,9,4,True,166,Ineficiente
Centro,Casa,14,3,True,243,Moderado
Centro,Casa,16,6,True,268,Moderado
Norte,Casa,12,3,True,245,Moderado
Sur,Casa,15,3,True,309,Ineficiente
Norte,Casa,21,3,True,323,Moderado
Centro,Casa,11,5,True,199,Moderado
Centro,Departamento,11,3,True,187,Moderado
Centro,Casa,19,4,False,285,Eficiente
Centro,Casa,9,3,True,198,Moderado
Sur,Casa,20,4,True,342,Moderado
Sur,Casa,8,6,True,195,Moderado
Norte,Casa,14,5,False,223,Eficiente
Norte,Casa,16,6,False,309,Moderado
Centro,Casa,24,6,False,313,Moderado
Centro,Casa,20,5,True,294,Ineficiente
Centro,Casa,17,4,True,300,Ineficiente
Centro,Casa,23,4,False,258,Eficiente
Centro,Casa,13,4,True,261,Moderado
Centro,Casa,23,5,True,293,Moderado
Centro,Casa,18,3,False,242,Eficiente
Sur,Casa,10,2,True,212,Moderado
Centro,Casa,16,3,True,244,Eficiente
Centro,Departamento,7,3,False,150,Eficiente
Norte,Casa,20,6,True,304,Moderado
Centro,Departamento,8,2,True,160,Ineficiente
Centro,Casa,20,4,True,275,Moderado
Norte,Casa,24,3,True,336,Ineficiente
Centro,Casa,14,5,True,262,Ineficiente
Centro,Departamento,6,3,True,128,Moderado
Centro,Casa,20,4,True,267,Moderado
Centro,Departamento,4,3,True,119,Moderado
Norte,Departamento,10,6,True,196,Ineficiente
Centro,Casa,11,6,True,191,Moderado
Centro,Casa,22,3,True,300,Moderado
Centro,Casa,21,6,True,309,Ineficiente
Norte,Casa,18,5,True,260,Ineficiente
Centro,Departamento,11,2,True,188,Moderado
Sur,Departamento,10,3,False,177,Eficiente
Centro,Casa,9,5,True,219,Ineficiente
Centro,Casa,17,5,True,264,Moderado
Centro,Casa,20,5,False,271,Eficiente
Centro,Casa,23,4,True,308,Moderado
Centro,Departamento,13,3,True,208,Ineficiente
Centro,Casa,17,3,False,234,Eficiente
Centro,Casa,16,3,True,267,Moderado
Centro,Casa,19,2,False,271,Moderado
Centro,Casa,8,5,False,179,Eficiente
Centro,Casa,21,3,True,281,Moderado
Centro,Casa,8,6,False,197,Moderado
Norte,Casa,24,4,False,266,Eficiente
Norte,Casa,18,2,False,238,Eficiente
Centro,Departamento,11,4,False,138,Eficiente
Norte,Casa,11,5,False,233,Eficiente
Centro,Casa,22,6,True,312,Ineficiente
Sur,Casa,21,5,True,362,Ineficiente
Centro,Casa,8,3,True,220,Ineficiente
Centro,Casa,16,4,True,217,Moderado
Centro,Casa,14,6,False,194,Eficiente
Centro,Casa,18,4,True,271,Moderado
Sur,Casa,9,2,False,182,Eficiente
Centro,Casa,9,6,True,178,Eficiente
Norte,Casa,13,2,True,231,Moderado
Centro,Departamento,6,6,True,115,Moderado
Centro,Casa,10,3,True,189,Moderado
Centro,Casa,14,4,False,232,Eficiente
Norte,Casa,14,4,True,253,Moderado
Centro,Casa,11,5,True,256,Ineficiente
Centro,Casa,12,6,True,227,Ineficiente
Centro,Casa,24,6,True,334,Ineficiente
Centro,Departamento,5,2,True,119,Moderado
Centro,Casa,20,6,True,290,Ineficiente
Centro,Casa,23,4,True,298,Moderado
Centro,Casa,23,6,True,327,Ineficiente
Centro,Casa,9,5,True,227,Ineficiente
Norte,Casa,8,5,False,242,Moderado
Centro,Casa,15,4,True,250,Moderado
Sur,Casa,18,4,True,321,Moderado
Centro,Departamento,9,4,False,122,Eficiente
Centro,Casa,23,6,False,304,Moderado
Centro,Casa,24,6,False,298,Moderado
Centro,Casa,24,3,False,229,Eficiente
Centro,Casa,19,2,True,250,Moderado
Centro,Casa,17,6,True,232,Moderado
Norte,Casa,13,3,True,236,Moderado
Norte,Casa,15,3,False,246,Eficiente
Centro,Departamento,7,5,True,153,Ineficiente
Sur,Casa,9,6,True,270,Moderado
Centro,Casa,17,3,False,187,Eficiente
Centro,Departamento,4,5,True,157,Ineficiente
Centro,Casa,19,2,True,272,Moderado
Centro,Casa,14,5,True,222,Moderado
Norte,Casa,11,2,True,231,Moderado
Norte,Casa,14,4,True,306,Ineficiente
Centro,Casa,17,4,True,293,Moderado
Centro,Departamento,5,5,False,153,Moderado
Centro,Casa,19,4,False,248,Moderado
Centro,Casa,8,6,True,233,Ineficiente
Centro,Casa,23,5,False,312,Moderado
Norte,Casa,12,3,True,223,Moderado
Centro,Casa,11,6,True,257,Ineficiente
Centro,Casa,13,5,True,262,Ineficiente
Centro,Departamento,8,2,True,137,Moderado
Centro,Casa,14,4,False,219,Eficiente
Centro,Casa,14,4,False,245,Moderado
Centro,Casa,16,4,True,255,Ineficiente
Centro,Casa,20,5,True,307,Ineficiente
Centro,Casa,21,6,True,292,Moderado
Centro,Casa,23,2,True,274,Moderado
Centro,Casa,16,4,True,233,Moderado
Norte,Casa,22,6,False,298,Moderado
Centro,Casa,12,3,False,207,Eficiente
Centro,Casa,15,3,True,209,Moderado
Centro,Departamento,5,2,True,168,Ineficiente
Centro,Casa,16,4,False,253,Moderado
Sur,Casa,13,3,False,256,Eficiente
Centro,Casa,11,6,True,248,Ineficiente
Norte,Departamento,7,6,True,171,Moderado
Centro,Departamento,13,3,False,136,Eficiente
Centro,Casa,10,4,True,223,Ineficiente
Centro,Departamento,5,2,True,150,Ineficiente
Centro,Casa,19,4,True,268,Moderado
Centro,Casa,22,5,False,260,Eficiente
Centro,Casa,22,3,True,283,Moderado
Centro,Casa,21,5,True,306,Ineficiente
Centro,Casa,14,3,False,225,Eficiente
Centro,Departamento,10,2,False,176,Moderado
Centro,Casa,14,4,False,226,Eficiente
Centro,Casa,10,4,True,198,Moderado
Norte,Casa,10,3,True,224,Moderado
Centro,Casa,21,6,True,281,Moderado
Centro,Casa,10,5,True,242,Moderado
Centro,Casa,14,4,False,195,Eficiente
Centro,Casa,14,4,False,206,Eficiente
Centro,Departamento,9,3,True,172,Moderado
Centro,Casa,10,6,True,256,Ineficiente
Centro,Casa,22,5,True,361,Ineficiente
Norte,Casa,21,6,True,295,Moderado
Centro,Casa,11,6,True,244,Ineficiente
Centro,Casa,15,3,True,244,Ineficiente
Centro,Casa,20,6,True,290,Ineficiente
Centro,Departamento,11,5,False,156,Eficiente
Centro,Casa,22,2,True,264,Eficiente
Centro,Departamento,6,2,True,170,Ineficiente
Centro,Departamento,7,5,False,92,Eficiente
Centro,Casa,11,3,True,214,Moderado
Centro,Departamento,9,4,True,197,Ineficiente
Centro,Casa,17,3,True,263,Moderado
Norte,Departamento,12,5,False,175,Moderado
Centro,Casa,22,6,False,271,Moderado
Centro,Departamento,6,2,False,129,Eficiente
Centro,Departamento,10,6,True,178,Ineficiente
Norte,Departamento,12,3,False,178,Eficiente
Norte,Casa,15,5,False,262,Eficiente
Centro,Casa,16,2,True,265,Moderado
Centro,Casa,18,5,False,239,Eficiente
Centro,Casa,9,2,True,170,Eficiente
Centro,Casa,20,2,False,229,Eficiente
Centro,Casa,11,2,False,214,Eficiente
Centro,Casa,16,3,True,253,Moderado
Centro,Departamento,12,5,True,169,Ineficiente
Centro,Casa,10,4,True,196,Ineficiente
Centro,Departamento,5,4,False,138,Moderado
Centro,Casa,13,4,True,237,Moderado
Norte,Departamento,8,5,False,127,Eficiente
Centro,Departamento,7,6,True,141,Moderado
Centro,Casa,10,5,False,218,Moderado
Centro,Casa,14,2,True,221,Moderado
Norte,Casa,15,6,True,321,Ineficiente
Centro,Casa,8,2,False,204,Moderado
Centro,Casa,11,2,True,241,Ineficiente
Centro,Casa,14,5,True,257,Ineficiente
Centro,Casa,21,4,True,312,Ineficiente
Centro,Casa,20,6,True,293,Ineficiente
Centro,Casa,17,3,True,258,Moderado
Centro,Casa,8,4,False,151,Eficiente
Centro,Casa,11,3,False,191,Moderado
Centro,Departamento,9,5,True,147,Ineficiente
Centro,Casa,23,6,True,316,Ineficiente
Centro,Departamento,9,5,True,148,Moderado
Centro,Casa,17,3,False,216,Eficiente
Centro,Casa,23,2,True,244,Moderado
Centro,Casa,18,5,True,260,Moderado
Centro,Casa,13,6,True,231,Moderado
Centro,Casa,8,5,True,199,Moderado
Sur,Casa,19,4,False,316,Moderado
Centro,Casa,13,5,True,239,Ineficiente
Centro,Casa,20,3,True,298,Ineficiente
Sur,Casa,24,5,True,377,Ineficiente
Norte,Casa,8,6,False,234,Moderado
Centro,Casa,15,5,False,211,Eficiente
Centro,Casa,15,5,True,231,Ineficiente
Centro,Casa,18,6,True,278,Ineficiente
Centro,Casa,21,5,False,251,Eficiente
Centro,Departamento,7,6,True,159,Ineficiente
Norte,Casa,22,3,False,270,Eficiente
Centro,Casa,14,6,True,228,Moderado
Centro,Departamento,13,3,True,198,Ineficiente
Centro,Casa,17,3,False,271,Eficiente
Centro,Casa,11,6,True,226,Ineficiente
Norte,Casa,17,5,False,269,Eficiente
Centro,Casa,21,4,False,268,Eficiente
Centro,Casa,20,6,True,294,Ineficiente
Centro,Casa,22,5,False,307,Eficiente
Norte,Casa,23,3,False,290,Eficiente
Centro,Casa,9,2,True,133,Eficiente
Norte,Departamento,14,4,True,205,Moderado
Sur,Departamento,14,5,True,250,Moderado
Centro,Casa,17,4,True,261,Moderado
Centro,Casa,16,2,False,217,Eficiente
Centro,Casa,22,2,True,278,Moderado
Sur,Casa,19,2,True,309,Moderado
Centro,Casa,16,6,False,283,Ineficiente
Centro,Casa,21,4,True,285,Moderado
Centro,Departamento,13,6,True,249,Ineficiente
Sur,Casa,13,2,False,250,Eficiente
Norte,Casa,11,5,True,233,Moderado
Centro,Casa,24,2,True,320,Ineficiente
Sur,Casa,10,6,True,216,Moderado
Centro,Departamento,7,2,False,118,Eficiente
Norte,Casa,24,2,True,333,Moderado
Centro,Casa,20,6,True,305,Ineficiente
Centro,Casa,16,6,True,279,Ineficiente
Centro,Casa,8,5,False,195,Moderado
Sur,Casa,24,6,True,368,Ineficiente
Centro,Casa,23,5,False,300,Moderado
Norte,Casa,9,3,True,211,Eficiente
Sur,Casa,21,3,True,350,Moderado
Centro,Casa,24,6,False,288,Moderado
Centro,Casa,10,2,True,228,Ineficiente
Centro,Casa,9,4,True,207,Moderado
Centro,Casa,15,2,True,244,Moderado
Norte,Casa,9,6,True,255,Ineficiente
Norte,Departamento,8,5,True,216,Ineficiente
Centro,Departamento,9,2,False,133,Eficiente
Centro,Departamento,6,3,False,121,Eficiente
Centro,Casa,19,6,True,236,Moderado
Sur,Casa,16,2,False,244,Eficiente
Centro,Casa,14,2,True,202,Eficiente
Centro,Casa,19,5,True,274,Moderado
Centro,Departamento,13,5,True,187,Moderado
Centro,Casa,23,5,True,295,Moderado
Centro,Casa,12,4,True,208,Moderado
Centro,Casa,19,6,False,273,Moderado
Sur,Casa,16,6,False,246,Eficiente
Sur,Casa,14,3,False,231,Eficiente
Centro,Casa,18,3,True,266,Moderado
Centro,Casa,19,6,True,307,Ineficiente
Centro,Casa,10,2,False,161,Eficiente
Norte,Casa,24,6,True,364,Ineficiente
Centro,Casa,14,4,True,188,Moderado
Centro,Departamento,6,3,False,117,Eficiente
Centro,Departamento,10,3,True,176,Ineficiente
Centro,Casa,9,3,True,183,Moderado
Centro,Casa,20,6,True,268,Ineficiente
Centro,Casa,11,3,True,219,Moderado
Centro,Casa,8,3,False,170,Eficiente
Sur,Casa,9,6,True,241,Ineficiente
Norte,Departamento,14,2,True,207,Moderado
Centro,Casa,11,3,True,204,Moderado
Centro,Departamento,13,3,True,216,Ineficiente
Centro,Casa,24,3,True,321,Moderado
Centro,Casa,21,4,True,295,Moderado
Centro,Casa,9,6,False,230,Moderado
Centro,Departamento,12,3,True,204,Ineficiente
Sur,Casa,18,4,True,335,Moderado
Centro,Casa,20,2,True,306,Moderado
Centro,Casa,8,2,True,187,Moderado
Centro,Casa,9,4,True,183,Moderado
Centro,Casa,9,2,False,137,Eficiente
Centro,Casa,12,5,True,248,Ineficiente
Centro,Casa,11,2,False,167,Eficiente
Centro,Casa,19,5,True,349,Ineficiente
Centro,Casa,10,4,True,198,Eficiente
Centro,Casa,17,5,False,223,Moderado
Sur,Casa,17,2,True,309,Moderado
Centro,Casa,8,3,True,211,Moderado
Norte,Casa,13,5,True,296,Ineficiente
Centro,Casa,18,2,True,256,Moderado
Norte,Departamento,12,3,True,227,Ineficiente
Norte,Casa,14,4,False,234,Eficiente
Centro,Casa,11,4,True,232,Moderado
Centro,Casa,20,6,False,265,Moderado
Centro,Casa,20,4,True,323,Ineficiente
Centro,Casa,24,6,True,368,Ineficiente
Centro,Casa,8,4,True,177,Moderado
Centro,Casa,13,4,True,261,Moderado
Centro,Casa,8,4,True,182,Ineficiente
Centro,Casa,15,6,True,283,Ineficiente
Centro,Casa,24,6,False,330,Moderado
Norte,Casa,22,5,False,279,Moderado
Norte,Casa,14,2,False,203,Eficiente
Centro,Casa,23,2,True,286,Moderado
Centro,Casa,14,2,False,231,Moderado
Norte,Departamento,7,4,True,183,Ineficiente
Centro,Casa,11,2,False,182,Eficiente
Sur,Casa,19,6,True,342,Moderado
Centro,Casa,20,5,True,284,Ineficiente
Centro,Casa,11,3,False,194,Eficiente
Centro,Casa,8,5,True,216,Moderado
Centro,Casa,8,2,False,175,Eficiente
Sur,Casa,14,2,True,306,Ineficiente
Sur,Casa,16,6,True,282,Ineficiente
Centro,Casa,8,5,False,199,Moderado
Centro,Casa,23,6,True,297,Moderado
Centro,Casa,22,6,False,275,Moderado
Centro,Departamento,7,3,True,145,Moderado
Centro,Casa,9,6,True,209,Ineficiente
Centro,Casa,16,6,True,240,Ineficiente
Sur,Departamento,10,3,True,200,Moderado
Norte,Casa,20,4,False,285,Eficiente
Centro,Casa,18,4,True,268,Ineficiente
Sur,Casa,20,3,True,349,Moderado
Sur,Departamento,14,6,False,225,Moderado
Centro,Casa,15,2,True,240,Moderado
Centro,Casa,14,5,False,226,Eficiente
Centro,Casa,23,2,False,268,Eficiente
Centro,Departamento,7,2,True,153,Moderado
Sur,Casa,24,6,True,352,Moderado
Sur,Casa,22,5,True,320,Ineficiente
Centro,Casa,24,5,False,291,Moderado
Norte,Casa,18,4,True,298,Moderado
Norte,Casa,12,3,False,222,Eficiente
Sur,Departamento,4,6,True,165,Moderado
Centro,Casa,22,5,False,282,Moderado
Centro,Casa,17,6,False,262,Moderado
Centro,Casa,21,4,False,271,Eficiente
Centro,Departamento,6,2,True,122,Moderado
Norte,Casa,23,5,True,332,Ineficiente
Centro,Casa,15,4,True,284,Moderado
Sur,Departamento,14,6,True,232,Ineficiente
Sur,Departamento,13,4,True,257,Moderado
Centro,Departamento,5,4,False,70,Eficiente
Norte,Departamento,4,4,False,117,Eficiente
Centro,Casa,19,4,True,269,Moderado
Centro,Casa,20,4,False,281,Moderado
Centro,Casa,16,4,True,292,Ineficiente
Sur,Departamento,13,3,True,253,Ineficiente
Centro,Casa,19,6,False,273,Moderado
Norte,Casa,12,2,False,235,Eficiente
Sur,Casa,19,6,True,300,Ineficiente
Sur,Casa,8,5,False,238,Moderado
Norte,Casa,23,5,False,283,Moderado
Centro,Departamento,6,6,True,142,Ineficiente
Centro,Departamento,5,4,True,147,Ineficiente
Centro,Casa,20,3,False,230,Eficiente
Centro,Casa,24,2,False,302,Moderado
Centro,Casa,24,4,True,313,Ineficiente
Sur,Casa,11,6,True,245,Moderado
Centro,Departamento,6,6,True,187,Ineficiente
Norte,Casa,14,3,False,227,Eficiente
Centro,Casa,10,3,True,206,Moderado
Centro,Departamento,14,6,True,208,Ineficiente
Centro,Casa,19,4,False,194,Eficiente
Centro,Casa,22,4,True,324,Moderado
Centro,Casa,18,4,False,246,Moderado
Centro,Casa,17,2,False,232,Moderado
Centro,Casa,9,2,False,186,Eficiente
Centro,Casa,11,4,False,191,Moderado
Centro,Casa,24,6,False,275,Eficiente
Centro,Departamento,8,3,True,137,Moderado
Centro,Casa,15,5,False,247,Moderado
Centro,Casa,21,3,False,261,Moderado
Sur,Casa,11,3,True,277,Moderado
Sur,Casa,13,5,True,304,Moderado
Centro,Casa,11,4,True,239,Ineficiente
Centro,Casa,10,3,True,235,Ineficiente
Norte,Casa,13,5,True,246,Moderado
Centro,Departamento,8,6,True,183,Ineficiente
Centro,Casa,21,6,False,267,Moderado
Sur,Casa,19,6,True,306,Moderado
Sur,Departamento,5,4,True,189,Moderado
Centro,Casa,15,3,True,260,Ineficiente
Centro,Casa,9,3,True,196,Moderado
Centro,Casa,20,2,False,250,Eficiente
Centro,Casa,15,6,True,274,Ineficiente
Norte,Casa,23,4,True,313,Moderado
Centro,Casa,11,5,False,218,Moderado
Centro,Casa,23,4,True,287,Moderado
Centro,Casa,13,3,False,214,Eficiente
Centro,Casa,11,6,True,207,Ineficiente
Norte,Casa,23,2,True,342,Ineficiente
Centro,Casa,20,4,True,298,Ineficiente
Centro,Casa,12,2,True,259,Moderado
Norte,Casa,22,3,True,295,Moderado
Centro,Departamento,7,5,True,172,Ineficiente
Centro,Casa,14,4,False,217,Eficiente
Centro,Casa,21,3,False,232,Eficiente
Centro,Casa,14,6,True,255,Ineficiente
Centro,Casa,14,4,True,254,Ineficiente
Sur,Departamento,4,2,False,177,Eficiente
Centro,Departamento,4,4,True,122,Moderado
Centro,Casa,17,3,True,268,Ineficiente
Centro,Casa,14,3,True,244,Moderado
Centro,Casa,14,2,False,204,Eficiente
Centro,Departamento,14,3,True,195,Moderado
Sur,Casa,12,4,False,258,Moderado
Centro,Casa,8,2,True,188,Moderado
Centro,Casa,21,3,True,282,Ineficiente
Sur,Casa,20,3,True,309,Moderado
Norte,Casa,15,4,True,239,Moderado
Centro,Casa,15,3,True,263,Moderado
Centro,Casa,17,4,False,228,Eficiente
Centro,Casa,24,6,True,347,Ineficiente
Norte,Casa,13,4,False,256,Eficiente
Centro,Casa,22,5,True,351,Ineficiente
Centro,Casa,22,3,True,302,Moderado
Centro,Casa,23,6,True,327,Ineficiente
Centro,Casa,15,2,True,252,Moderado
Centro,Casa,22,5,False,284,Moderado
Norte,Casa,10,2,False,223,Eficiente
Centro,Casa,13,5,False,214,Eficiente
Norte,Casa,15,6,True,291,Moderado
Sur,Casa,23,6,True,353,Ineficiente
Centro,Departamento,4,6,False,91,Eficiente
Centro,Casa,20,5,False,279,Moderado
Centro,Departamento,6,4,True,92,Moderado
Centro,Casa,20,2,True,285,Moderado
Centro,Casa,15,4,False,246,Moderado
Centro,Casa,21,4,False,278,Moderado
Centro,Casa,18,3,True,250,Moderado
Centro,Casa,13,2,True,256,Ineficiente
Norte,Casa,8,5,False,237,Moderado
Centro,Casa,9,3,True,216,Moderado
Centro,Casa,20,3,True,317,Ineficiente
Norte,Casa,8,6,True,273,Ineficiente
Centro,Casa,11,5,True,214,Ineficiente
Centro,Casa,9,4,False,164,Eficiente
Norte,Casa,23,4,True,340,Ineficiente
Centro,Casa,10,4,False,127,Eficiente
Centro,Casa,24,6,True,318,Moderado
Centro,Casa,12,4,False,190,Eficiente
Norte,Casa,15,2,True,256,Moderado
Centro,Departamento,13,4,True,171,Moderado
Centro,Departamento,14,4,False,174,Moderado
Centro,Casa,8,2,True,203,Moderado
Centro,Casa,8,6,True,245,Ineficiente
Centro,Casa,22,3,True,303,Ineficiente
Sur,Casa,24,5,True,322,Moderado
Centro,Casa,9,6,True,219,Ineficiente
Centro,Casa,24,4,False,316,Moderado
Sur,Departamento,6,3,True,177,Moderado
Centro,Casa,19,5,True,296,Ineficiente
Centro,Casa,11,5,True,251,Ineficiente
Norte,Casa,20,5,True,313,Moderado
Centro,Casa,11,2,False,194,Eficiente
Centro,Casa,14,2,False,219,Eficiente
Centro,Casa,21,3,True,278,Ineficiente
Centro,Casa,16,4,True,252,Moderado
Centro,Casa,8,3,True,178,Moderado
Centro,Departamento,12,4,True,179,Moderado
Norte,Casa,11,6,True,268,Moderado
Centro,Casa,8,5,True,216,Moderado
Centro,Casa,17,5,True,246,Ineficiente
Centro,Departamento,5,2,True,110,Moderado
Centro,Casa,22,6,True,297,Moderado
Centro,Casa,10,6,True,196,Moderado
Centro,Departamento,6,4,False,127,Eficiente
Norte,Departamento,9,6,True,185,Ineficiente
Centro,Casa,20,2,True,285,Moderado
Centro,Departamento,8,4,True,181,Ineficiente
Sur,Casa,11,3,False,198,Eficiente
Centro,Casa,11,4,True,209,Moderado
Centro,Casa,18,3,True,235,Moderado
Centro,Casa,14,4,True,206,Moderado
Centro,Casa,18,5,False,261,Eficiente
Centro,Casa,18,3,False,245,Eficiente
Centro,Casa,17,2,True,242,Moderado
Norte,Casa,12,3,False,199,Eficiente
Sur,Casa,20,3,False,273,Eficiente
Centro,Casa,19,4,False,256,Moderado
Centro,Casa,17,5,False,239,Moderado
Norte,Casa,14,4,True,245,Ineficiente
Sur,Casa,19,4,False,301,Eficiente
Centro,Casa,22,5,True,309,Moderado
Centro,Departamento,13,4,True,176,Moderado
Sur,Casa,21,5,True,327,Moderado
Centro,Casa,19,2,True,285,Moderado
Centro,Casa,18,5,True,290,Moderado
Norte,Casa,12,6,False,220,Eficiente
Centro,Casa,23,5,True,344,Ineficiente
Centro,Departamento,14,5,True,204,Moderado
Centro,Casa,12,6,True,254,Ineficiente
Centro,Casa,23,5,True,289,Moderado
Centro,Casa,19,3,False,244,Moderado
Centro,Casa,9,4,False,164,Eficiente
Norte,Casa,13,4,True,222,Moderado
Centro,Casa,11,2,False,186,Eficiente
Centro,Casa,20,2,True,268,Moderado
Centro,Casa,17,6,False,270,Moderado
Centro,Casa,24,3,True,296,Moderado
Centro,Departamento,13,2,False,166,Eficiente
Centro,Casa,22,4,True,290,Moderado
Centro,Casa,15,2,False,195,Eficiente
Centro,Casa,10,2,True,221,Moderado
Centro,Casa,24,5,True,305,Ineficiente
Norte,Departamento,13,2,False,172,Eficiente
Centro,Casa,20,6,True,271,Moderado
Centro,Casa,23,4,False,247,Moderado
Centro,Departamento,9,6,False,162,Moderado
Centro,Casa,11,6,True,230,Ineficiente
Sur,Departamento,7,3,True,207,Moderado
Centro,Casa,20,5,False,275,Moderado
Centro,Casa,17,6,False,224,Moderado
Centro,Casa,21,3,True,287,Moderado
Norte,Casa,19,4,True,297,Moderado
Sur,Departamento,7,4,True,214,Ineficiente
Centro,Casa,14,3,True,262,Ineficiente
Centro,Casa,16,6,True,232,Moderado
Centro,Casa,15,6,False,256,Moderado
Centro,Casa,20,5,False,284,Moderado
Centro,Casa,21,5,False,255,Eficiente
Centro,Departamento,13,4,True,195,Ineficiente
Centro,Casa,15,5,True,212,Moderado
Centro,Casa,23,3,False,274,Eficiente
Centro,Casa,18,4,False,225,Eficiente
Centro,Casa,23,6,False,301,Moderado
Centro,Casa,21,4,True,300,Ineficiente
Centro,Casa,10,2,True,203,Moderado
Centro,Departamento,12,4,True,192,Ineficiente
Centro,Casa,10,5,True,204,Ineficiente
Centro,Casa,11,3,False,169,Eficiente
Centro,Casa,12,6,True,281,Ineficiente
Sur,Departamento,4,6,False,178,Moderado
Centro,Casa,9,5,True,215,Moderado
Centro,Casa,19,5,True,278,Ineficiente
Norte,Casa,12,5,False,277,Moderado
Centro,Casa,12,2,True,252,Moderado
Centro,Casa,8,3,False,165,Eficiente
Centro,Casa,11,2,False,167,Eficiente
Centro,Casa,19,5,False,259,Moderado
Sur,Casa,19,3,True,305,Moderado
Centro,Departamento,11,5,True,168,Moderado
Centro,Departamento,9,3,True,190,Ineficiente
Norte,Casa,17,6,False,279,Moderado
Centro,Casa,24,2,True,294,Ineficiente
Centro,Casa,24,5,True,309,Ineficiente
Centro,Casa,9,5,True,213,Moderado
Sur,Casa,11,4,True,252,Eficiente
Sur,Casa,18,6,False,284,Moderado
Centro,Casa,24,5,True,359,Ineficiente
Centro,Departamento,7,2,True,125,Eficiente
Centro,Casa,9,6,True,173,Moderado
Norte,Casa,13,5,False,249,Moderado
Centro,Casa,16,2,False,244,Eficiente
Norte,Casa,12,4,True,252,Moderado
Centro,Casa,16,4,True,224,Moderado
Centro,Casa,15,2,True,237,Moderado
Centro,Casa,15,6,True,249,Ineficiente
Centro,Casa,13,2,True,252,Ineficiente
Centro,Casa,10,2,True,188,Moderado
Centro,Casa,12,4,False,208,Moderado
Norte,Departamento,7,4,False,160,Eficiente
Centro,Departamento,7,4,True,136,Moderado
Centro,Departamento,9,5,True,161,Moderado
Centro,Casa,14,5,True,256,Moderado
Centro,Casa,12,3,True,159,Moderado
Centro,Departamento,8,5,True,193,Ineficiente
Centro,Casa,22,6,False,263,Moderado
Centro,Casa,9,6,True,218,Ineficiente
Centro,Casa,20,4,False,232,Eficiente
Centro,Casa,23,2,True,322,Ineficiente
Centro,Departamento,4,4,False,108,Eficiente
Centro,Casa,15,2,False,219,Eficiente
Norte,Casa,13,4,False,242,Eficiente
Centro,Casa,14,4,True,264,Ineficiente
Centro,Casa,14,6,False,205,Eficiente
Centro,Departamento,5,2,True,124,Ineficiente
Norte,Casa,12,3,False,244,Eficiente
Norte,Casa,8,3,True,207,Moderado
Sur,Departamento,13,4,True,263,Ineficiente
Centro,Casa,10,4,True,219,Moderado
Norte,Casa,15,6,True,271,Moderado
Centro,Casa,16,2,True,260,Moderado
Centro,Casa,22,4,False,270,Eficiente
Centro,Casa,17,3,True,276,Ineficiente
Norte,Casa,9,2,False,183,Eficiente
Centro,Casa,12,4,True,246,Moderado
Centro,Casa,20,2,True,283,Moderado
Norte,Departamento,10,6,True,198,Ineficiente
Centro,Casa,8,3,True,159,Moderado
Sur,Casa,22,2,True,338,Moderado
Centro,Casa,23,3,True,322,Moderado
Centro,Casa,16,4,True,260,Moderado
Norte,Casa,8,5,False,156,Eficiente
Norte,Departamento,7,2,True,186,Moderado
Centro,Departamento,13,3,False,173,Eficiente
Centro,Casa,18,2,False,248,Eficiente
Centro,Departamento,6,4,False,120,Eficiente
Centro,Casa,9,4,False,144,Eficiente
Sur,Casa,21,3,True,338,Moderado
Centro,Casa,13,6,False,216,Moderado
Centro,Departamento,4,2,True,108,Eficiente
Centro,Casa,23,2,True,330,Moderado
Sur,Casa,19,4,True,329,Ineficiente
Centro,Casa,18,2,False,240,Eficiente
Norte,Casa,13,3,False,208,Eficiente
Centro,Casa,10,5,True,200,Moderado
Centro,Departamento,9,4,True,178,Ineficiente
Sur,Departamento,7,5,False,134,Eficiente
Norte,Casa,18,2,False,267,Eficiente
Centro,Departamento,6,6,True,169,Ineficiente
Centro,Casa,8,3,True,223,Ineficiente
Centro,Departamento,14,2,False,187,Eficiente
Centro,Casa,19,3,False,270,Eficiente
Norte,Casa,22,2,True,297,Moderado
Centro,Casa,12,2,False,164,Eficiente
Centro,Departamento,4,2,True,126,Moderado
Sur,Casa,23,4,False,329,Moderado
Centro,Casa,19,5,True,303,Ineficiente
Centro,Casa,19,6,True,317,Ineficiente
Centro,Casa,10,5,False,171,Eficiente
Centro,Casa,9,5,True,230,Ineficiente
Centro,Casa,14,3,False,168,Eficiente
Centro,Departamento,12,4,False,169,Moderado
Centro,Casa,14,4,False,231,Eficiente
Centro,Casa,18,2,True,230,Moderado
Centro,Casa,18,5,False,263,Moderado
Norte,Departamento,14,6,False,186,Eficiente
Sur,Departamento,12,3,False,191,Eficiente
Norte,Casa,21,4,True,329,Ineficiente
Centro,Casa,18,2,True,254,Ineficiente
Centro,Casa,11,6,True,225,Ineficiente
Sur,Casa,24,5,True,364,Moderado
Centro,Departamento,7,6,False,154,Moderado
Centro,Casa,10,4,True,214,Moderado
Centro,Casa,17,3,False,265,Moderado
Centro,Casa,22,5,True,297,Ineficiente
Centro,Departamento,9,3,True,187,Ineficiente
Centro,Casa,10,6,True,235,Ineficiente
Norte,Casa,14,6,True,286,Ineficiente
Sur,Casa,17,2,True,270,Eficiente
Centro,Departamento,11,5,True,211,Ineficiente
Centro,Casa,21,6,False,279,Eficiente
Centro,Casa,21,4,True,338,Ineficiente
Centro,Casa,18,4,False,251,Eficiente
Centro,Casa,8,3,False,170,Eficiente
Centro,Casa,11,4,True,211,Moderado
Centro,Casa,13,6,False,221,Moderado
Centro,Casa,12,4,False,232,Moderado
Centro,Casa,10,5,True,235,Moderado
Centro,Casa,9,3,True,208,Ineficiente
Centro,Departamento,9,5,False,165,Moderado
Centro,Casa,16,6,False,233,Moderado
Norte,Departamento,13,6,True,215,Ineficiente
Centro,Casa,18,4,True,258,Moderado
Centro,Casa,19,2,True,287,Moderado
Centro,Casa,10,2,True,226,Ineficiente
Centro,Casa,13,6,True,230,Moderado
Centro,Casa,14,6,False,214,Eficiente
Centro,Casa,8,3,True,193,Moderado
Centro,Casa,13,6,True,225,Moderado
Centro,Departamento,8,6,False,150,Moderado
Norte,Casa,14,3,True,286,Moderado
Centro,Departamento,8,5,True,173,Ineficiente
Sur,Casa,10,5,False,255,Eficiente
Centro,Casa,19,3,False,221,Eficiente
Centro,Casa,15,3,False,209,Moderado
Centro,Casa,16,5,True,224,Moderado
Centro,Casa,20,5,True,288,Moderado
Centro,Casa,15,5,True,298,Ineficiente
Centro,Casa,17,5,False,279,Moderado
Centro,Casa,24,4,True,320,Moderado
Centro,Casa,14,3,False,214,Moderado
Sur,Departamento,7,2,False,168,Eficiente
Centro,Departamento,14,4,True,179,Moderado
Centro,Casa,10,2,False,184,Eficiente
Centro,Casa,8,2,False,123,Eficiente
Centro,Casa,17,6,True,222,Moderado
Centro,Casa,21,3,True,280,Moderado
Centro,Departamento,13,4,False,218,Moderado
Centro,Casa,16,3,True,285,Ineficiente
Centro,Casa,13,5,True,263,Ineficiente
Centro,Casa,13,3,True,231,Moderado
Centro,Casa,17,2,True,285,Moderado
Norte,Casa,10,5,False,204,Eficiente
Centro,Departamento,14,3,True,174,Moderado
Sur,Casa,18,3,False,269,Eficiente
Sur,Casa,17,2,True,261,Eficiente
Centro,Departamento,5,5,False,165,Ineficiente
Norte,Casa,11,2,False,217,Eficiente
Centro,Casa,8,3,True,178,Moderado
Norte,Casa,21,4,True,310,Moderado
Sur,Casa,15,4,False,262,Eficiente
Centro,Departamento,10,6,True,213,Ineficiente
Centro,Casa,22,4,False,318,Moderado
Centro,Departamento,12,5,False,190,Moderado
Centro,Casa,11,6,True,246,Ineficiente
Centro,Departamento,10,5,False,161,Eficiente
Centro,Casa,17,4,True,266,Moderado
Centro,Departamento,13,4,True,197,Ineficiente
Centro,Casa,22,3,True,296,Moderado
Centro,Departamento,10,5,True,176,Ineficiente
Norte,Casa,14,2,False,219,Eficiente
Centro,Casa,14,3,True,216,Moderado
Centro,Departamento,12,5,False,164,Moderado
Centro,Casa,17,6,False,222,Eficiente
Sur,Departamento,10,5,True,208,Moderado
Sur,Casa,17,6,True,311,Ineficiente
Sur,Casa,21,6,False,322,Moderado
Centro,Casa,21,4,False,271,Moderado
Norte,Casa,18,2,True,290,Moderado
Centro,Casa,13,5,False,224,Eficiente
Centro,Casa,8,2,True,226,Moderado
Sur,Casa,14,6,True,326,Ineficiente
Centro,Casa,10,4,False,182,Eficiente
Norte,Casa,18,2,True,299,Ineficiente
Sur,Casa,12,3,True,260,Moderado
Centro,Casa,9,6,False,159,Eficiente
Norte,Casa,11,3,False,225,Moderado
Centro,Casa,17,2,False,218,Eficiente
Norte,Departamento,14,2,True,199,Moderado
Centro,Departamento,7,2,True,132,Ineficiente
Centro,Casa,8,5,True,190,Ineficiente
Centro,Casa,13,6,False,257,Moderado
Centro,Departamento,11,6,False,142,Eficiente
Centro,Casa,17,6,False,245,Moderado
Centro,Casa,20,5,False,231,Eficiente
Centro,Casa,8,2,True,176,Moderado
Centro,Casa,9,2,True,171,Moderado
Sur,Casa,10,3,True,260,Moderado
Norte,Casa,16,5,False,226,Eficiente
Centro,Departamento,8,4,True,189,Ineficiente
Centro,Departamento,9,5,True,146,Moderado
Norte,Casa,17,3,True,258,Moderado
Centro,Casa,19,3,False,261,Moderado
Centro,Departamento,14,3,False,210,Moderado
Centro,Casa,10,2,True,196,Moderado
Centro,Casa,12,4,False,215,Eficiente
Centro,Casa,24,3,True,287,Ineficiente
Sur,Departamento,7,6,True,193,Ineficiente
Centro,Casa,24,2,True,300,Moderado
Sur,Departamento,12,4,False,187,Eficiente
Centro,Departamento,9,6,True,200,Ineficiente
Centro,Casa,24,4,True,329,Moderado
Norte,Casa,15,4,True,259,Moderado
Norte,Casa,14,6,True,223,Ineficiente
Centro,Casa,14,5,True,233,Ineficiente
Centro,Casa,22,4,True,324,Ineficiente
Centro,Casa,14,5,False,220,Eficiente
Centro,Casa,15,4,False,245,Eficiente
Centro,Departamento,4,6,True,176,Ineficiente
Norte,Casa,22,4,False,306,Eficiente
Centro,Casa,9,3,False,200,Eficiente
Norte,Casa,14,3,False,221,Eficiente
Centro,Casa,22,4,True,322,Moderado
Centro,Casa,17,6,True,269,Ineficiente
Centro,Casa,8,6,False,170,Eficiente
Centro,Casa,14,2,False,250,Moderado
Centro,Casa,10,6,True,224,Ineficiente
Sur,Casa,21,5,True,322,Ineficiente
Centro,Casa,19,4,False,261,Moderado
Norte,Casa,21,3,True,285,Moderado
Centro,Departamento,4,6,True,117,Moderado
Centro,Casa,20,3,True,275,Ineficiente
Centro,Casa,23,2,True,267,Moderado
Norte,Casa,23,4,True,316,Moderado
Centro,Casa,12,6,True,212,Moderado
Centro,Casa,13,3,True,250,Moderado
Centro,Casa,13,6,True,279,Moderado
Norte,Casa,13,2,True,218,Moderado
Norte,Casa,14,3,True,300,Ineficiente
Centro,Casa,23,3,True,316,Ineficiente
Centro,Casa,16,4,True,261,Moderado
Centro,Casa,20,4,True,254,Moderado
Centro,Departamento,10,3,True,137,Moderado
Centro,Casa,8,4,True,200,Ineficiente
Sur,Casa,15,3,False,256,Eficiente
Centro,Casa,11,5,True,221,Moderado
Centro,Casa,12,6,False,214,Moderado
Norte,Casa,24,5,True,323,Moderado
Norte,Casa,10,5,False,210,Eficiente
Centro,Casa,8,6,True,210,Ineficiente
Centro,Casa,8,3,True,247,Ineficiente
Sur,Casa,16,3,True,246,Moderado
Centro,Casa,12,4,False,211,Moderado
Centro,Casa,14,2,True,234,Moderado
Centro,Casa,13,3,False,206,Moderado
Centro,Casa,24,6,True,330,Ineficiente
Norte,Departamento,8,2,False,185,Moderado
Centro,Casa,20,6,False,276,Moderado
Centro,Casa,19,6,False,233,Moderado
Centro,Casa,11,6,False,214,Moderado
Norte,Departamento,13,2,True,202,Moderado
Sur,Casa,12,5,True,261,Moderado
Centro,Casa,12,6,True,242,Moderado
Centro,Casa,20,4,True,282,Moderado
Centro,Casa,18,3,True,261,Moderado
Norte,Casa,15,3,True,262,Moderado
Sur,Casa,15,3,False,236,Eficiente
Centro,Departamento,12,2,True,193,Moderado
Centro,Casa,20,4,True,282,Moderado
Centro,Casa,12,4,True,234,Ineficiente
Norte,Departamento,5,4,False,117,Eficiente
Sur,Casa,24,4,True,330,Moderado
Norte,Casa,20,4,True,297,Moderado
Centro,Casa,16,5,False,236,Eficiente
Centro,Casa,9,4,True,199,Moderado
Sur,Casa,24,4,False,329,Moderado
Centro,Departamento,13,2,False,117,Eficiente
Centro,Casa,10,2,True,245,Ineficiente
Centro,Casa,16,4,False,216,Moderado
Centro,Casa,17,5,False,220,Eficiente
Norte,Departamento,14,4,True,245,Ineficiente
Centro,Departamento,7,4,True,130,Moderado
Centro,Departamento,14,4,True,207,Moderado
Centro,Casa,13,6,False,197,Moderado
Centro,Casa,22,5,True,297,Moderado
Centro,Casa,13,3,False,200,Eficiente
Centro,Casa,8,4,True,185,Moderado
Centro,Casa,10,3,False,202,Moderado
Sur,Casa,24,5,False,361,Moderado
Centro,Casa,23,4,True,290,Moderado
Centro,Casa,15,3,True,247,Moderado
Centro,Casa,24,3,False,256,Eficiente
Norte,Casa,15,5,True,277,Moderado
Centro,Casa,24,4,False,304,Moderado
Centro,Casa,16,6,True,269,Ineficiente
Centro,Casa,19,5,False,246,Moderado
Sur,Casa,11,6,False,241,Moderado
Centro,Casa,18,4,True,261,Moderado
Centro,Casa,11,3,False,187,Eficiente
Centro,Casa,21,5,True,283,Moderado
Centro,Departamento,9,5,False,151,Eficiente
Centro,Casa,13,5,True,217,Ineficiente
Centro,Casa,24,2,True,247,Moderado
Centro,Casa,9,4,False,204,Eficiente
Centro,Casa,15,2,False,213,Eficiente
Sur,Casa,11,5,True,269,Moderado
Centro,Casa,17,5,False,229,Eficiente
Norte,Departamento,11,6,False,178,Eficiente
Centro,Casa,11,2,False,165,Eficiente
Centro,Departamento,9,3,True,186,Ineficiente
Centro,Casa,21,4,True,281,Ineficiente
Centro,Casa,23,3,True,270,Moderado
Sur,Departamento,9,3,False,191,Eficiente
Sur,Casa,11,4,True,284,Ineficiente
Centro,Casa,13,5,False,212,Moderado
Centro,Casa,8,6,False,216,Ineficiente
Centro,Casa,14,5,True,253,Ineficiente
Centro,Casa,8,5,True,203,Moderado
Centro,Casa,15,2,True,238,Moderado
Centro,Casa,10,3,False,194,Eficiente
Centro,Casa,8,3,True,217,Ineficiente
Centro,Casa,8,3,False,181,Eficiente
Centro,Casa,14,6,True,258,Ineficiente
Centro,Casa,20,6,False,271,Ineficiente
Centro,Casa,8,6,True,225,Ineficiente
Sur,Casa,23,4,True,333,Moderado
Centro,Casa,21,6,True,271,Moderado
Centro,Departamento,9,2,False,136,Eficiente
Norte,Casa,19,2,True,267,Moderado
Centro,Casa,19,5,False,228,Eficiente
Norte,Casa,24,5,True,370,Ineficiente
Norte,Casa,22,5,False,232,Eficiente
Centro,Casa,17,5,False,256,Eficiente
Centro,Casa,10,2,False,158,Eficiente
Centro,Casa,19,5,True,266,Moderado
Norte,Casa,8,2,True,219,Moderado
Centro,Departamento,4,6,False,164,Moderado
Centro,Departamento,14,6,True,227,Ineficiente
Sur,Departamento,14,4,False,197,Moderado
Centro,Casa,9,5,False,187,Moderado
Centro,Casa,24,6,True,317,Ineficiente
Centro,Casa,15,6,True,218,Ineficiente
Norte,Casa,16,3,True,273,Moderado
Sur,Casa,18,3,True,292,Moderado
Centro,Casa,13,2,False,215,Eficiente
Centro,Casa,21,4,False,260,Eficiente
Centro,Casa,8,3,True,226,Ineficiente
Norte,Casa,14,4,False,245,Eficiente
Centro,Casa,16,6,True,271,Ineficiente
Centro,Casa,18,2,True,300,Ineficiente
Centro,Departamento,10,4,True,181,Moderado
Norte,Casa,9,3,False,230,Eficiente
Centro,Casa,22,6,False,261,Moderado
Centro,Casa,10,5,True,179,Moderado
Centro,Casa,11,6,True,236,Moderado
Centro,Casa,14,3,True,262,Ineficiente
Norte,Casa,19,3,False,245,Eficiente
Centro,Casa,11,5,True,218,Ineficiente
Centro,Casa,17,6,True,240,Moderado
Centro,Casa,13,4,False,210,Eficiente
Centro,Casa,21,4,True,291,Moderado
Centro,Casa,10,6,True,237,Ineficiente
Centro,Casa,24,4,True,302,Ineficiente
Sur,Casa,18,6,False,290,Moderado
Centro,Departamento,6,6,False,144,Moderado
Centro,Casa,17,3,True,263,Ineficiente
Centro,Casa,17,2,True,262,Moderado
Centro,Casa,10,3,True,227,Moderado
Centro,Casa,22,4,True,313,Ineficiente
Centro,Casa,24,2,True,345,Ineficiente
Centro,Casa,19,6,True,296,Ineficiente
Centro,Departamento,8,4,True,169,Ineficiente
Centro,Casa,23,5,False,279,Moderado
Centro,Casa,22,4,True,300,Ineficiente
Norte,Casa,22,2,False,258,Eficiente
Centro,Casa,13,2,True,213,Moderado
Centro,Casa,19,6,True,310,Ineficiente
Centro,Casa,9,5,True,181,Moderado
Centro,Casa,16,6,True,294,Moderado
Centro,Casa,11,5,False,195,Eficiente
Centro,Casa,12,5,False,190,Eficiente
Centro,Departamento,6,6,True,151,Ineficiente
Norte,Casa,17,4,False,270,Eficiente
Centro,Departamento,6,3,False,118,Eficiente
Centro,Casa,21,5,True,335,Ineficiente
Centro,Departamento,8,2,True,159,Ineficiente
Centro,Casa,23,6,True,326,Ineficiente
Centro,Departamento,14,4,False,188,Eficiente
Centro,Departamento,11,5,True,189,Ineficiente
Centro,Casa,10,4,True,210,Ineficiente
Norte,Departamento,11,6,True,214,Ineficiente
Centro,Casa,12,2,True,223,Moderado
Centro,Casa,22,5,False,277,Moderado
Centro,Casa,15,5,True,280,Ineficiente
Centro,Casa,9,4,True,231,Ineficiente
Norte,Casa,15,6,False,231,Eficiente
Centro,Casa,15,3,True,264,Ineficiente
Norte,Casa,11,5,True,246,Ineficiente
Norte,Casa,8,2,False,179,Eficiente
Centro,Departamento,6,5,False,141,Moderado
Centro,Casa,19,5,True,288,Moderado
Centro,Casa,8,3,True,178,Moderado
Centro,Casa,14,3,False,229,Eficiente
Centro,Casa,8,6,False,184,Eficiente
Centro,Casa,14,5,False,238,Eficiente
Norte,Casa,9,5,False,207,Eficiente
Centro,Casa,14,4,True,259,Moderado
Centro,Departamento,13,4,False,189,Moderado
Centro,Casa,12,2,True,242,Ineficiente
Centro,Casa,8,2,False,153,Eficiente
Centro,Casa,8,4,False,212,Eficiente
Sur,Casa,8,2,True,228,Moderado
Centro,Casa,12,5,True,210,Moderado
Centro,Casa,16,3,True,255,Moderado
Centro,Casa,19,5,True,279,Ineficiente
Centro,Casa,16,4,True,245,Moderado
Centro,Departamento,13,6,False,182,Moderado
Centro,Departamento,14,6,True,228,Ineficiente
Sur,Casa,17,4,True,310,Ineficiente
Centro,Casa,9,5,False,214,Eficiente
Centro,Casa,14,2,True,230,Eficiente
Centro,Casa,9,2,False,181,Eficiente
Centro,Casa,13,6,True,250,Ineficiente
Centro,Casa,17,4,True,301,Ineficiente
Centro,Casa,16,4,True,236,Moderado
Centro,Casa,15,3,False,208,Eficiente
Centro,Casa,18,6,True,322,Ineficiente
Norte,Departamento,13,4,True,211,Moderado
Centro,Departamento,12,3,True,152,Moderado
Centro,Casa,15,2,False,254,Eficiente
Centro,Casa,22,6,True,289,Moderado
Centro,Departamento,4,6,False,119,Eficiente
Centro,Casa,8,4,False,197,Eficiente
Norte,Casa,16,4,True,295,Moderado
Centro,Casa,16,5,True,244,Moderado
Centro,Casa,20,2,True,322,Moderado
Centro,Casa,15,2,True,250,Moderado
Norte,Departamento,13,3,False,185,Eficiente
Centro,Departamento,10,3,True,150,Moderado
Centro,Casa,11,5,True,236,Ineficiente
Centro,Casa,24,2,True,333,Moderado
Centro,Departamento,9,3,True,157,Moderado
Centro,Casa,23,2,True,260,Moderado
Sur,Departamento,8,2,False,151,Eficiente
Centro,Casa,13,3,True,224,Moderado
Centro,Casa,8,4,True,170,Moderado
Norte,Casa,23,4,True,336,Moderado
Centro,Casa,22,3,True,308,Moderado
Centro,Casa,14,5,True,233,Moderado
Centro,Casa,9,6,False,209,Moderado
Centro,Casa,17,2,True,235,Moderado
Norte,Casa,22,6,False,277,Eficiente
Norte,Casa,13,3,False,204,Eficiente
Centro,Departamento,4,2,True,106,Moderado
Centro,Departamento,9,6,False,168,Moderado
Centro,Casa,8,4,True,212,Moderado
Centro,Departamento,5,5,True,126,Moderado
Centro,Casa,11,6,True,218,Ineficiente
Norte,Casa,23,5,False,341,Moderado
Norte,Departamento,9,4,True,204,Ineficiente
Centro,Casa,8,6,False,157,Eficiente
Sur,Casa,18,3,True,332,Ineficiente
Centro,Departamento,11,2,True,217,Ineficiente
Centro,Casa,17,4,True,263,Ineficiente
Centro,Departamento,4,5,False,106,Eficiente
Sur,Departamento,13,5,True,232,Ineficiente
Centro,Casa,14,4,True,236,Moderado
Sur,Departamento,11,3,True,232,Ineficiente
Norte,Casa,22,3,True,301,Moderado
Norte,Casa,15,5,True,290,Moderado
Centro,Casa,24,4,True,313,Ineficiente
Centro,Departamento,10,4,True,163,Ineficiente
Centro,Casa,21,2,True,289,Ineficiente
Centro,Casa,9,5,True,208,Ineficiente
Centro,Casa,23,3,False,263,Eficiente
Norte,Casa,24,6,True,342,Ineficiente
Centro,Casa,10,3,True,209,Moderado
Centro,Casa,8,3,False,161,Eficiente
Centro,Casa,11,6,True,215,Moderado
Centro,Casa,22,5,False,280,Moderado
Centro,Departamento,12,2,True,183,Ineficiente
Centro,Casa,12,3,False,206,Eficiente
Centro,Casa,18,3,False,248,Eficiente
Centro,Departamento,9,5,False,174,Moderado
Centro,Casa,12,5,False,187,Eficiente
Centro,Departamento,4,4,True,164,Ineficiente
Norte,Casa,22,5,True,297,Moderado
Norte,Departamento,13,5,False,220,Moderado
Centro,Casa,11,3,True,227,Moderado
Centro,Casa,19,2,False,232,Eficiente
Centro,Casa,24,3,True,259,Ineficiente
Centro,Departamento,6,5,False,97,Eficiente
Centro,Casa,18,4,True,258,Moderado
Centro,Casa,9,2,True,206,Moderado
Centro,Casa,23,4,False,270,Eficiente
Centro,Casa,8,6,True,210,Moderado
Centro,Casa,24,4,True,304,Moderado
Norte,Casa,20,4,True,308,Moderado
Centro,Departamento,9,5,False,120,Eficiente
Sur,Casa,13,5,False,250,Eficiente
Centro,Casa,8,5,False,191,Moderado
Norte,Casa,17,5,True,339,Ineficiente
Centro,Casa,12,5,True,250,Ineficiente
Centro,Casa,8,4,True,197,Ineficiente
Centro,Casa,18,6,True,268,Moderado
Centro,Casa,14,5,True,257,Ineficiente
Sur,Casa,17,6,False,272,Eficiente
Centro,Casa,22,6,True,311,Ineficiente
Centro,Departamento,14,3,True,204,Moderado
Centro,Departamento,12,3,True,180,Ineficiente
Centro,Casa,22,2,True,308,Moderado
Centro,Departamento,8,3,True,154,Ineficiente
Centro,Casa,19,5,True,274,Ineficiente
Centro,Casa,15,6,True,249,Ineficiente
Centro,Casa,15,2,False,189,Eficiente
Centro,Casa,13,3,True,202,Moderado
Centro,Casa,12,4,False,215,Eficiente
Centro,Casa,9,2,True,227,Moderado
Norte,Casa,19,5,True,345,Ineficiente
Centro,Casa,11,6,True,254,Ineficiente
Centro,Casa,20,5,True,300,Ineficiente
Centro,Casa,24,5,True,324,Moderado
Sur,Casa,23,4,True,372,Moderado
Norte,Casa,16,4,False,244,Eficiente
Centro,Departamento,13,6,True,242,Ineficiente
Norte,Departamento,14,3,True,217,Ineficiente
Centro,Casa,19,5,True,288,Ineficiente
Centro,Departamento,4,3,True,128,Moderado
Norte,Casa,9,6,False,235,Moderado
Centro,Casa,11,5,True,226,Moderado
Norte,Casa,22,3,True,322,Moderado
Centro,Casa,13,5,True,216,Ineficiente
Centro,Departamento,9,4,True,164,Ineficiente
Centro,Casa,11,4,True,242,Ineficiente
Sur,Casa,8,2,True,214,Eficiente
Centro,Casa,22,6,False,283,Moderado
Centro,Casa,21,3,False,261,Moderado
Centro,Departamento,13,5,True,189,Moderado
Norte,Casa,22,2,False,304,Eficiente
Norte,Casa,12,6,True,268,Ineficiente
Centro,Casa,10,6,True,243,Ineficiente
Centro,Casa,14,6,False,249,Moderado
Centro,Casa,13,3,True,231,Moderado
Centro,Casa,8,4,True,232,Ineficiente
Centro,Casa,14,2,True,208,Moderado
Norte,Casa,11,3,False,208,Eficiente
Centro,Departamento,10,5,True,182,Ineficiente
Centro,Departamento,12,3,False,124,Eficiente
Centro,Casa,11,5,True,255,Ineficiente
Centro,Casa,8,5,True,188,Moderado
Norte,Casa,16,6,True,288,Moderado
Sur,Casa,22,3,True,349,Moderado
Centro,Casa,15,4,False,271,Eficiente
Norte,Casa,22,5,False,265,Moderado
Sur,Casa,22,6,True,360,Ineficiente
Centro,Casa,14,4,True,237,Ineficiente
Centro,Casa,23,3,True,313,Moderado
Centro,Casa,9,4,True,226,Ineficiente
Centro,Casa,11,3,True,225,Moderado
Sur,Casa,23,5,False,327,Moderado
Centro,Casa,10,2,True,183,Moderado
Centro,Casa,9,2,False,153,Eficiente
Centro,Casa,10,5,False,211,Ineficiente
Centro,Casa,12,4,True,211,Ineficiente
Centro,Casa,9,3,False,186,Eficiente
Centro,Casa,9,2,False,199,Moderado
Centro,Departamento,7,3,False,98,Eficiente
Centro,Casa,21,5,True,323,Ineficiente
Sur,Casa,22,4,True,364,Ineficiente
Centro,Casa,19,3,False,254,Eficiente
Centro,Casa,18,4,True,258,Moderado
Centro,Casa,18,2,False,246,Eficiente
Centro,Casa,14,3,True,234,Moderado
Centro,Casa,19,6,True,273,Moderado
Sur,Departamento,6,2,False,154,Eficiente
Centro,Casa,12,4,True,211,Moderado
Centro,Casa,9,5,False,164,Eficiente
Centro,Departamento,13,6,True,195,Moderado
Centro,Casa,22,3,True,259,Moderado
Centro,Departamento,10,2,True,188,Ineficiente
Centro,Casa,13,3,False,216,Moderado
Centro,Departamento,9,3,False,120,Eficiente
Centro,Casa,17,6,False,238,Moderado
Centro,Casa,12,6,True,254,Ineficiente
Sur,Casa,14,6,True,318,Ineficiente
Centro,Casa,18,6,False,258,Eficiente
Centro,Casa,21,5,True,291,Moderado
Centro,Casa,23,4,False,248,Eficiente
Centro,Casa,11,6,False,200,Moderado
Sur,Casa,8,2,True,208,Moderado
Centro,Casa,22,3,False,245,Eficiente
Norte,Casa,21,6,False,321,Moderado
Centro,Departamento,10,2,False,137,Eficiente
Centro,Casa,11,5,True,229,Moderado
Norte,Departamento,9,2,False,161,Eficiente
Norte,Casa,19,2,True,284,Moderado
Centro,Casa,22,5,True,305,Moderado
Centro,Casa,16,5,True,262,Moderado
Centro,Casa,11,3,True,208,Moderado
Centro,Casa,12,6,True,244,Ineficiente
Centro,Casa,16,2,True,245,Ineficiente
Centro,Casa,20,4,False,261,Eficiente
Centro,Departamento,13,4,True,196,Ineficiente
Centro,Casa,23,3,True,340,Ineficiente
Centro,Casa,20,4,True,304,Moderado
Centro,Casa,11,3,True,232,Ineficiente
Norte,Casa,20,6,True,324,Ineficiente
Norte,Casa,15,3,True,273,Moderado
Norte,Casa,20,5,False,279,Eficiente
Centro,Casa,22,5,False,301,Moderado
Centro,Casa,20,5,True,296,Ineficiente
Centro,Casa,12,5,True,245,Ineficiente
Centro,Departamento,6,5,True,146,Ineficiente
Centro,Departamento,11,5,True,169,Moderado
Centro,Casa,20,5,True,312,Ineficiente
Centro,Casa,12,5,False,211,Eficiente
Norte,Casa,20,5,True,300,Moderado
Centro,Departamento,11,6,False,173,Moderado
Centro,Casa,16,5,True,259,Ineficiente
Centro,Casa,22,3,True,324,Ineficiente
Centro,Casa,17,6,True,266,Moderado
Centro,Casa,18,4,True,279,Moderado
Centro,Casa,12,2,True,240,Moderado
Centro,Casa,16,6,True,280,Ineficiente
Centro,Casa,18,5,True,286,Ineficiente
Centro,Casa,9,6,True,207,Moderado
Centro,Casa,13,2,True,228,Moderado
Centro,Casa,8,2,True,200,Moderado
Centro,Casa,10,5,True,223,Ineficiente
Centro,Casa,10,5,True,249,Ineficiente
Centro,Departamento,9,3,True,159,Moderado
Centro,Casa,12,2,True,219,Moderado
Centro,Casa,24,5,False,344,Moderado
Sur,Casa,22,2,False,320,Eficiente
Norte,Casa,13,3,False,206,Eficiente
Norte,Casa,21,4,True,321,Ineficiente
Sur,Casa,21,2,True,337,Moderado
Centro,Departamento,14,3,False,156,Eficiente
Centro,Casa,15,3,True,238,Moderado
Centro,Casa,15,3,True,221,Moderado
Norte,Casa,16,6,True,292,Ineficiente
Centro,Casa,18,5,True,243,Eficiente
Centro,Casa,20,2,False,234,Eficiente
Centro,Casa,20,6,True,267,Moderado
Centro,Casa,12,2,True,225,Moderado
Centro,Casa,23,6,False,284,Moderado
Norte,Casa,16,5,True,289,Ineficiente
Centro,Casa,10,3,True,173,Moderado
Centro,Casa,12,2,False,178,Eficiente
Centro,Casa,15,3,True,260,Moderado
Sur,Departamento,4,5,False,129,Eficiente
Centro,Casa,10,2,True,225,Moderado
Centro,Casa,20,4,False,256,Eficiente
Centro,Casa,18,4,False,229,Eficiente
Centro,Casa,15,4,True,234,Moderado
Centro,Casa,17,5,True,273,Moderado
Sur,Casa,14,4,True,326,Ineficiente
Centro,Departamento,13,2,True,240,Moderado
Centro,Casa,13,4,False,184,Eficiente
Centro,Casa,23,2,True,309,Moderado
Norte,Casa,23,5,True,364,Ineficiente
Norte,Departamento,7,3,False,119,Eficiente
Centro,Casa,10,6,True,212,Moderado
Centro,Casa,13,4,False,216,Eficiente
Centro,Casa,11,6,True,232,Ineficiente
Centro,Casa,11,3,True,189,Moderado
Norte,Casa,11,5,True,261,Ineficiente
Centro,Casa,17,5,False,252,Eficiente
Centro,Casa,16,3,True,270,Ineficiente
Centro,Casa,15,6,True,270,Ineficiente
Norte,Casa,24,4,True,343,Moderado
Sur,Casa,24,2,False,318,Moderado
Centro,Casa,8,5,True,230,Ineficiente
Sur,Departamento,14,3,False,186,Eficiente
Centro,Departamento,11,6,True,170,Moderado
Sur,Casa,10,4,True,276,Moderado
Centro,Departamento,14,6,True,207,Ineficiente
Sur,Casa,17,4,True,285,Moderado
Norte,Casa,24,2,False,314,Eficiente
Centro,Casa,15,2,True,253,Moderado
Sur,Casa,8,3,False,171,Eficiente
Norte,Casa,14,3,True,271,Moderado
Norte,Casa,16,4,False,239,Eficiente
Centro,Casa,19,4,True,287,Moderado
Sur,Casa,16,4,False,270,Eficiente
Centro,Casa,10,4,True,227,Ineficiente
Centro,Casa,11,2,False,186,Eficiente
Norte,Casa,17,3,True,254,Ineficiente
Norte,Casa,11,3,True,204,Moderado
Centro,Departamento,5,5,True,118,Moderado
Norte,Departamento,5,3,False,107,Eficiente
Centro,Casa,12,3,True,232,Moderado
Sur,Departamento,11,6,False,226,Moderado
Centro,Casa,12,6,True,232,Ineficiente
Centro,Departamento,4,5,False,95,Eficiente
Norte,Casa,15,4,True,270,Moderado
Centro,Casa,17,5,True,229,Moderado
Centro,Casa,18,5,True,288,Ineficiente
Centro,Casa,20,2,True,273,Moderado
Centro,Casa,11,3,True,218,Moderado
Centro,Casa,18,2,True,250,Moderado
Centro,Casa,19,3,False,235,Eficiente
Centro,Casa,12,5,False,176,Eficiente
Centro,Casa,17,3,True,276,Moderado
Centro,Departamento,7,4,True,128,Moderado
Centro,Casa,16,4,True,242,Moderado
Centro,Casa,16,5,True,243,Ineficiente
Centro,Casa,17,6,True,290,Ineficiente
Norte,Casa,17,4,False,247,Moderado
Centro,Casa,9,5,False,207,Moderado
Centro,Departamento,6,2,True,148,Moderado
Centro,Casa,15,6,True,241,Moderado
Centro,Casa,21,4,True,289,Moderado
Centro,Departamento,9,5,False,114,Eficiente
Centro,Casa,20,5,True,297,Moderado
Centro,Casa,20,2,True,261,Moderado
Centro,Casa,15,2,False,193,Eficiente
Norte,Casa,19,6,True,302,Moderado
Centro,Casa,8,4,True,191,Moderado
Centro,Casa,10,5,True,225,Ineficiente
Centro,Casa,19,6,False,300,Moderado
Centro,Departamento,7,6,True,190,Ineficiente
Centro,Casa,17,2,False,205,Eficiente
Centro,Casa,22,5,False,309,Eficiente
Norte,Casa,9,3,False,198,Moderado
Centro,Casa,10,2,True,154,Eficiente
Centro,Casa,21,5,False,267,Moderado
Centro,Casa,14,6,True,221,Moderado
Centro,Departamento,6,6,True,148,Ineficiente
Centro,Casa,18,4,True,309,Ineficiente
Centro,Casa,13,3,True,204,Moderado
Norte,Casa,18,2,False,229,Eficiente
Centro,Casa,24,4,False,286,Eficiente
Centro,Casa,17,4,False,222,Eficiente
Centro,Casa,24,3,False,277,Moderado
Centro,Casa,9,2,False,175,Eficiente
Centro,Casa,13,2,False,171,Eficiente
Norte,Departamento,7,6,True,188,Ineficiente
Centro,Departamento,6,2,True,121,Moderado
Norte,Casa,9,4,True,249,Ineficiente
Sur,Departamento,5,6,True,172,Moderado
Centro,Casa,10,2,True,190,Moderado
Centro,Departamento,10,3,False,126,Eficiente
Sur,Casa,21,4,False,298,Eficiente
Norte,Departamento,9,5,True,164,Moderado
Centro,Departamento,6,3,True,152,Moderado
Centro,Casa,10,3,True,199,Moderado
Centro,Departamento,14,2,True,209,Ineficiente
Centro,Casa,22,6,True,310,Ineficiente
Centro,Casa,14,6,False,262,Moderado
Centro,Casa,22,4,True,293,Ineficiente
Norte,Casa,20,2,True,287,Moderado
Sur,Casa,13,6,True,297,Ineficiente
Centro,Casa,22,5,True,262,Moderado
Centro,Departamento,9,2,False,123,Eficiente
Centro,Casa,11,2,False,185,Eficiente
Norte,Casa,21,6,True,336,Moderado
Norte,Departamento,5,3,False,148,Eficiente
Sur,Departamento,9,2,True,220,Moderado
Centro,Departamento,12,3,False,153,Eficiente
Norte,Casa,13,4,True,241,Moderado
Norte,Departamento,14,4,False,199,Eficiente
Centro,Casa,9,6,True,212,Ineficiente
Centro,Casa,11,4,True,188,Eficiente
Centro,Casa,16,6,True,270,Ineficiente
Norte,Casa,22,6,True,310,Moderado
Centro,Casa,20,3,False,250,Eficiente
Norte,Casa,15,3,True,259,Moderado
Norte,Casa,23,4,False,343,Moderado
Centro,Casa,18,3,True,283,Moderado
Centro,Casa,17,2,False,241,Eficiente
Centro,Casa,15,5,False,249,Moderado
Centro,Casa,8,2,True,184,Moderado
Sur,Casa,17,2,True,269,Moderado
Sur,Casa,10,6,True,221,Moderado
Centro,Casa,18,5,False,261,Moderado
Centro,Departamento,10,6,False,171,Moderado
Centro,Casa,15,3,True,229,Moderado
Centro,Casa,21,3,True,274,Moderado
Centro,Casa,13,5,False,199,Eficiente
Centro,Casa,22,4,True,283,Ineficiente
Centro,Departamento,12,3,False,148,Eficiente
Sur,Casa,14,2,True,279,Moderado
Centro,Casa,17,5,True,290,Ineficiente
Centro,Casa,22,5,False,278,Moderado
Norte,Casa,17,3,True,304,Moderado
Centro,Casa,24,3,False,330,Moderado
Centro,Casa,24,6,True,330,Ineficiente
Centro,Casa,19,6,True,286,Moderado
Centro,Casa,22,2,False,217,Eficiente
Centro,Casa,19,5,True,295,Moderado
Centro,Departamento,10,4,True,176,Moderado
Centro,Departamento,10,4,False,151,Moderado
Centro,Casa,11,5,False,197,Eficiente
Centro,Casa,19,2,False,234,Eficiente
Centro,Casa,23,6,False,271,Eficiente
Centro,Casa,16,6,True,283,Ineficiente
Centro,Casa,10,6,True,170,Moderado
Norte,Departamento,9,4,True,196,Ineficiente
Centro,Departamento,11,4,False,126,Eficiente
Centro,Casa,17,2,False,254,Eficiente
Centro,Casa,9,4,True,201,Moderado
Centro,Casa,18,3,False,252,Eficiente
Centro,Casa,10,4,True,218,Moderado
Norte,Casa,9,6,True,261,Ineficiente
Norte,Casa,16,2,True,303,Ineficiente
Centro,Casa,9,5,True,236,Ineficiente
Centro,Casa,9,5,True,225,Ineficiente
Centro,Casa,22,2,True,283,Moderado
Centro,Departamento,4,3,False,112,Eficiente
Centro,Casa,12,5,True,254,Ineficiente
Centro,Casa,18,6,False,248,Moderado
Centro,Casa,14,5,True,249,Moderado
Centro,Casa,13,5,False,200,Moderado
Norte,Casa,21,6,False,314,Moderado
Centro,Casa,8,4,False,186,Eficiente
Norte,Departamento,14,3,True,192,Moderado
Centro,Casa,24,6,True,329,Ineficiente
Norte,Departamento,12,6,True,215,Ineficiente
Centro,Casa,17,2,True,256,Moderado
Centro,Casa,15,3,True,230,Moderado
Sur,Casa,15,4,True,316,Ineficiente
Centro,Casa,21,6,True,288,Ineficiente
Centro,Casa,14,4,False,260,Moderado
Centro,Casa,13,6,True,248,Ineficiente
Norte,Casa,11,6,False,221,Eficiente
Centro,Departamento,7,2,True,152,Moderado
Norte,Departamento,7,5,True,185,Ineficiente
Sur,Departamento,12,3,True,263,Ineficiente
Centro,Casa,8,2,False,175,Eficiente
Centro,Casa,10,4,False,152,Eficiente
Centro,Casa,12,6,False,201,Eficiente
Centro,Casa,12,6,True,255,Ineficiente
Centro,Casa,11,3,True,213,Moderado
Centro,Casa,24,2,True,292,Moderado
Norte,Casa,21,2,True,288,Moderado
Norte,Casa,15,4,False,226,Eficiente
Centro,Departamento,9,2,False,138,Eficiente
Centro,Casa,15,2,True,226,Moderado
Centro,Casa,8,5,False,207,Moderado
Norte,Casa,11,3,True,220,Moderado
Centro,Departamento,4,2,True,96,Eficiente
Centro,Casa,12,4,True,228,Moderado
Centro,Casa,19,6,True,247,Moderado
Centro,Departamento,11,2,False,98,Eficiente
Centro,Departamento,13,2,True,198,Moderado
Centro,Casa,24,6,False,299,Moderado
Centro,Casa,9,5,True,171,Ineficiente
Centro,Casa,18,3,True,267,Ineficiente
Centro,Casa,14,5,True,242,Moderado
Centro,Casa,24,4,False,257,Eficiente
Centro,Departamento,5,2,True,144,Moderado
Centro,Casa,13,5,False,246,Moderado
Centro,Casa,18,3,True,304,Ineficiente
Centro,Casa,17,4,True,270,Moderado
Centro,Casa,12,5,True,234,Ineficiente
Centro,Casa,22,2,True,324,Ineficiente
Centro,Casa,11,3,False,197,Eficiente
Centro,Casa,8,2,True,184,Moderado
Centro,Casa,22,2,True,275,Moderado
Norte,Casa,24,4,True,344,Moderado
Sur,Casa,21,3,True,294,Moderado
Norte,Departamento,4,6,False,161,Moderado
Centro,Casa,13,2,False,173,Eficiente
Centro,Casa,20,3,False,238,Eficiente
Centro,Casa,24,2,True,309,Ineficiente
Centro,Casa,13,5,True,275,Ineficiente
Centro,Casa,12,5,False,203,Moderado
Centro,Casa,14,3,True,216,Moderado
Norte,Departamento,7,4,False,170,Eficiente
Norte,Casa,20,6,False,281,Moderado
Centro,Casa,8,5,False,147,Eficiente
Centro,Casa,20,4,True,297,Moderado
Norte,Departamento,12,6,False,189,Moderado
Norte,Casa,14,5,False,238,Eficiente
Centro,Casa,10,6,False,214,Moderado
Centro,Casa,8,2,True,207,Moderado
Centro,Casa,15,3,True,229,Moderado
Centro,Departamento,9,5,True,175,Ineficiente
Norte,Casa,20,5,True,278,Moderado
Sur,Casa,21,2,True,316,Moderado
Centro,Departamento,9,5,False,130,Moderado
Centro,Departamento,8,5,True,161,Ineficiente
Centro,Departamento,11,5,True,178,Moderado
Centro,Casa,15,5,True,251,Moderado
Centro,Casa,20,5,True,256,Moderado
Centro,Casa,11,4,False,170,Eficiente
Centro,Casa,24,5,False,288,Moderado
Centro,Casa,12,2,True,248,Ineficiente
Centro,Casa,10,5,True,234,Ineficiente
Centro,Casa,11,6,True,240,Ineficiente
Norte,Casa,12,6,True,247,Ineficiente
Centro,Casa,21,2,True,263,Moderado
Centro,Casa,22,4,True,311,Moderado
Centro,Departamento,9,2,False,109,Eficiente
Centro,Casa,13,4,True,268,Ineficiente
Centro,Casa,17,3,True,258,Ineficiente
Centro,Casa,23,6,False,331,Moderado
Sur,Casa,24,6,False,372,Moderado
Centro,Casa,21,6,False,285,Moderado
Centro,Casa,19,4,False,260,Eficiente
Norte,Casa,16,2,True,254,Moderado
Centro,Casa,22,4,True,325,Ineficiente
Centro,Casa,19,6,False,255,Moderado
Sur,Casa,21,6,False,283,Eficiente
Centro,Departamento,8,6,True,194,Ineficiente
Sur,Departamento,8,6,True,221,Ineficiente
Norte,Casa,19,3,True,282,Moderado
Centro,Casa,20,6,False,275,Moderado
Norte,Casa,20,4,True,305,Ineficiente
Centro,Departamento,11,6,False,196,Moderado
Centro,Casa,10,5,False,174,Eficiente
Centro,Casa,10,3,False,214,Eficiente
Centro,Departamento,6,6,True,183,Ineficiente
Centro,Casa,17,5,True,256,Moderado
Norte,Departamento,4,4,True,161,Ineficiente
Centro,Casa,22,3,False,279,Eficiente
Centro,Casa,16,6,True,326,Ineficiente
Norte,Casa,11,4,True,226,Moderado
Centro,Departamento,12,5,True,155,Moderado
Centro,Departamento,5,3,True,94,Eficiente
Norte,Casa,15,6,False,259,Eficiente
Centro,Casa,24,4,False,308,Moderado
Norte,Casa,8,3,True,198,Moderado
Centro,Departamento,6,5,False,123,Moderado
Centro,Casa,19,6,False,254,Moderado
Sur,Casa,23,3,False,293,Eficiente
Centro,Casa,8,5,False,193,Eficiente
Centro,Casa,22,5,False,244,Eficiente
Sur,Casa,14,4,True,295,Ineficiente
Centro,Casa,24,5,True,309,Moderado
Centro,Casa,10,5,False,214,Moderado
Sur,Departamento,9,2,True,201,Moderado
Centro,Casa,13,5,True,209,Moderado
Centro,Casa,13,6,True,252,Ineficiente
Centro,Departamento,5,3,True,127,Moderado
Centro,Casa,14,6,True,274,Ineficiente
Centro,Casa,18,6,True,295,Ineficiente
Centro,Casa,24,4,True,335,Ineficiente
Centro,Departamento,14,2,True,186,Ineficiente
Centro,Casa,15,2,False,196,Eficiente
Centro,Departamento,14,6,False,187,Moderado
Centro,Casa,10,3,True,224,Moderado
Centro,Casa,21,2,True,262,Moderado
Centro,Casa,16,2,False,228,Eficiente
Centro,Departamento,6,6,False,139,Moderado
Centro,Casa,8,2,True,218,Moderado
Centro,Departamento,10,4,False,129,Eficiente
Centro,Casa,18,6,False,265,Moderado
Centro,Casa,8,2,False,156,Eficiente
Norte,Casa,19,2,True,272,Moderado
Centro,Departamento,6,2,True,175,Ineficiente
Centro,Casa,22,6,True,317,Ineficiente
Centro,Casa,9,3,True,233,Ineficiente
Sur,Casa,23,5,True,336,Ineficiente
Norte,Departamento,13,2,True,239,Moderado
Centro,Casa,15,5,False,221,Eficiente
Centro,Casa,9,5,True,228,Ineficiente
Norte,Casa,21,2,True,283,Moderado
Sur,Casa,22,2,False,282,Eficiente
Centro,Casa,16,5,True,261,Moderado
Centro,Departamento,14,3,True,228,Ineficiente
Centro,Departamento,4,5,True,163,Ineficiente
Centro,Casa,17,3,False,236,Eficiente
Centro,Casa,16,4,False,225,Eficiente
Norte,Casa,9,3,True,229,Moderado
Centro,Casa,24,6,False,276,Eficiente
Centro,Casa,18,2,True,263,Moderado
Centro,Casa,24,4,False,288,Eficiente
Centro,Casa,17,5,True,270,Moderado
Centro,Casa,13,3,True,240,Moderado
Centro,Casa,23,4,True,321,Ineficiente
Centro,Casa,8,6,True,163,Eficiente
Centro,Casa,10,3,False,168,Eficiente
Centro,Casa,22,5,True,290,Ineficiente
Centro,Casa,17,5,True,265,Moderado
Centro,Casa,12,3,False,197,Eficiente
Centro,Casa,22,6,True,321,Ineficiente
Centro,Casa,21,2,True,288,Moderado
Centro,Casa,22,2,False,287,Eficiente
Centro,Casa,17,5,False,237,Moderado
Centro,Casa,16,6,True,253,Ineficiente
Centro,Departamento,9,5,True,170,Ineficiente
Centro,Casa,14,2,True,233,Moderado
Centro,Casa,12,5,True,235,Moderado
Centro,Casa,17,3,True,253,Moderado
Centro,Casa,15,3,True,266,Moderado
Centro,Casa,23,6,False,310,Moderado
Centro,Casa,19,2,True,289,Ineficiente
Norte,Casa,16,6,False,242,Eficiente
Centro,Casa,17,6,True,288,Ineficiente
Norte,Casa,23,2,True,348,Moderado
Centro,Casa,17,4,True,286,Ineficiente
Centro,Departamento,11,4,True,171,Moderado
Centro,Casa,10,5,True,213,Moderado
Sur,Casa,18,4,False,254,Eficiente
Sur,Casa,13,3,False,271,Eficiente
Centro,Departamento,14,6,False,168,Moderado
Norte,Casa,22,5,True,314,Moderado
Centro,Casa,22,6,True,320,Ineficiente
Centro,Casa,20,2,False,252,Eficiente
Norte,Casa,12,4,True,256,Moderado
Centro,Casa,21,2,False,245,Eficiente
Norte,Casa,9,5,False,182,Eficiente
Centro,Casa,19,3,False,252,Moderado
Norte,Casa,21,4,True,294,Moderado
Norte,Casa,22,2,False,294,Eficiente
Centro,Casa,24,4,False,270,Moderado
Sur,Casa,21,6,True,339,Moderado
Centro,Casa,12,3,False,233,Eficiente
Centro,Casa,19,4,True,282,Ineficiente
Centro,Departamento,5,3,True,119,Moderado
Centro,Casa,15,6,False,244,Moderado
Centro,Casa,13,6,True,243,Ineficiente
Centro,Casa,22,2,True,273,Moderado
Centro,Departamento,11,5,True,187,Ineficiente
Centro,Casa,13,2,True,250,Moderado
Centro,Casa,19,3,True,285,Moderado
Sur,Casa,22,2,False,300,Eficiente
Centro,Casa,19,4,True,253,Moderado
Sur,Casa,16,2,False,276,Eficiente
Norte,Casa,9,5,False,217,Moderado
Centro,Casa,20,5,True,257,Moderado
Centro,Departamento,9,3,True,133,Moderado
Centro,Casa,15,6,True,291,Ineficiente
Centro,Casa,20,5,False,271,Moderado
Centro,Casa,11,3,True,189,Moderado
Centro,Casa,13,5,True,263,Ineficiente
Centro,Casa,13,5,False,240,Eficiente
Centro,Casa,19,6,False,248,Moderado
Centro,Casa,19,4,False,234,Eficiente
Centro,Departamento,5,3,False,111,Eficiente
Centro,Departamento,11,5,True,190,Ineficiente
Centro,Casa,22,5,False,275,Moderado
Centro,Casa,24,2,True,281,Moderado
Centro,Departamento,14,4,True,195,Ineficiente
Centro,Casa,13,6,True,237,Ineficiente
Norte,Departamento,8,3,True,146,Moderado
Centro,Casa,22,5,True,323,Moderado
Norte,Casa,23,3,True,299,Moderado
Centro,Casa,15,6,True,286,Ineficiente
Centro,Casa,23,4,True,309,Moderado
Sur,Casa,12,2,False,221,Eficiente
Centro,Casa,21,4,True,299,Ineficiente
Norte,Casa,9,2,True,215,Moderado
Centro,Casa,10,3,False,211,Moderado
Centro,Casa,21,4,True,334,Ineficiente
Centro,Departamento,12,4,False,171,Eficiente
Centro,Casa,22,4,False,270,Eficiente
Sur,Departamento,6,6,True,229,Ineficiente
Centro,Casa,8,3,False,166,Eficiente
Sur,Casa,16,2,False,251,Eficiente
Norte,Departamento,8,4,True,205,Ineficiente
Centro,Casa,23,3,False,292,Eficiente
Centro,Casa,20,6,False,259,Eficiente
Centro,Casa,13,6,True,252,Ineficiente
Centro,Casa,8,3,False,164,Moderado
Sur,Casa,11,2,True,264,Moderado
Centro,Departamento,5,3,False,120,Eficiente
Norte,Casa,24,3,False,277,Eficiente
Centro,Casa,9,5,False,188,Eficiente
Centro,Casa,15,6,True,230,Moderado
Centro,Casa,22,2,True,260,Moderado
Centro,Casa,13,5,False,206,Moderado
Centro,Casa,9,3,False,166,Eficiente
Centro,Casa,22,6,False,249,Eficiente
Centro,Casa,19,5,False,234,Eficiente
Centro,Casa,10,5,True,189,Moderado
Sur,Casa,17,2,False,254,Eficiente
Centro,Casa,21,3,True,297,Moderado
Centro,Casa,21,2,True,311,Ineficiente
Centro,Departamento,13,5,True,222,Ineficiente
Centro,Casa,8,5,False,189,Eficiente
Centro,Casa,8,2,False,173,Eficiente
Centro,Casa,9,5,True,210,Moderado
Centro,Casa,17,4,True,262,Moderado
Centro,Casa,11,6,False,234,Moderado
Centro,Casa,11,3,True,229,Moderado
Norte,Casa,20,6,True,318,Ineficiente
Centro,Casa,16,3,True,216,Moderado
Centro,Casa,14,5,False,237,Moderado
Norte,Casa,23,2,False,305,Moderado
Norte,Casa,10,2,True,212,Moderado
Sur,Casa,17,5,True,313,Ineficiente
Centro,Departamento,14,3,True,195,Moderado
Centro,Departamento,12,5,True,183,Ineficiente
Centro,Departamento,10,3,True,178,Moderado
Centro,Departamento,6,5,False,105,Eficiente
Sur,Departamento,14,5,False,263,Moderado
Centro,Casa,15,5,False,240,Moderado
Centro,Casa,16,2,False,219,Eficiente
Norte,Casa,22,3,True,333,Moderado
Centro,Casa,10,5,True,235,Ineficiente
Sur,Casa,11,6,True,257,Ineficiente
Centro,Casa,20,6,True,284,Moderado
Centro,Casa,19,2,True,222,Moderado
Norte,Casa,16,4,True,255,Moderado
Centro,Departamento,9,2,True,171,Moderado
Centro,Casa,14,4,True,246,Ineficiente
Centro,Casa,23,2,True,286,Ineficiente
Sur,Casa,12,6,True,285,Moderado
Norte,Casa,17,5,True,278,Ineficiente
Centro,Departamento,4,3,True,98,Moderado
Sur,Casa,14,5,False,244,Moderado
Centro,Casa,21,6,True,347,Ineficiente
Centro,Casa,18,3,False,237,Moderado
Centro,Casa,19,4,True,276,Ineficiente
Centro,Casa,9,4,True,218,Moderado
Norte,Casa,8,6,True,250,Ineficiente
Sur,Casa,17,3,True,294,Moderado
Centro,Casa,8,5,True,228,Ineficiente
Centro,Casa,13,6,False,216,Eficiente
Centro,Departamento,7,4,True,153,Moderado
Centro,Casa,24,6,True,313,Ineficiente
Centro,Departamento,10,5,True,195,Ineficiente
Centro,Casa,14,2,True,205,Moderado
Sur,Casa,24,2,False,322,Eficiente
Norte,Casa,10,5,False,226,Eficiente
Centro,Casa,23,3,True,321,Ineficiente
Centro,Casa,12,6,True,249,Ineficiente
Centro,Casa,8,5,True,187,Moderado
Centro,Casa,11,2,True,223,Eficiente
Norte,Departamento,7,4,True,188,Ineficiente
Centro,Casa,16,5,True,274,Ineficiente
Centro,Casa,15,5,True,250,Ineficiente
Centro,Casa,15,5,True,251,Ineficiente
Centro,Casa,12,2,True,238,Moderado
Centro,Casa,19,2,True,268,Moderado
Centro,Casa,8,5,True,186,Moderado
Centro,Casa,22,5,True,295,Moderado
Centro,Casa,13,3,True,260,Ineficiente
Centro,Casa,17,4,True,237,Moderado
Centro,Casa,21,6,True,328,Ineficiente
Centro,Departamento,4,6,True,143,Ineficiente
Norte,Departamento,10,6,False,153,Eficiente
Norte,Casa,19,2,True,303,Ineficiente
Norte,Casa,19,2,False,248,Eficiente
Centro,Casa,22,3,True,295,Moderado
Norte,Casa,14,2,False,191,Eficiente
Sur,Casa,11,5,True,293,Ineficiente
Centro,Casa,16,4,False,226,Eficiente
Norte,Casa,23,4,False,288,Eficiente
Centro,Casa,20,4,True,288,Ineficiente
Sur,Casa,11,4,True,279,Moderado
Centro,Departamento,14,6,True,209,Ineficiente
Centro,Casa,22,6,False,301,Moderado
Centro,Casa,22,5,True,303,Ineficiente
Centro,Departamento,4,3,True,129,Moderado
Centro,Departamento,5,2,True,113,Moderado
Centro,Casa,15,2,True,261,Moderado
Centro,Casa,24,6,True,336,Ineficiente
Centro,Casa,24,4,True,323,Moderado
Centro,Departamento,4,5,True,159,Ineficiente
Centro,Departamento,11,3,True,156,Ineficiente
Centro,Casa,9,6,False,194,Moderado
Norte,Casa,9,5,False,230,Moderado
Centro,Casa,17,5,True,268,Ineficiente
Centro,Casa,10,6,False,202,Moderado
Sur,Casa,15,5,True,297,Moderado
Centro,Departamento,13,4,True,205,Ineficiente
Centro,Casa,19,5,False,219,Eficiente
Centro,Departamento,13,3,False,168,Moderado
Norte,Departamento,10,5,False,182,Moderado
Norte,Casa,23,2,True,323,Moderado
Centro,Casa,21,5,True,329,Ineficiente
Centro,Casa,10,6,True,213,Ineficiente
Centro,Casa,13,2,True,258,Moderado
Centro,Casa,24,6,True,315,Ineficiente
Norte,Casa,21,3,True,280,Moderado
Centro,Casa,21,4,True,322,Moderado
Centro,Casa,20,3,True,301,Ineficiente
Centro,Casa,10,2,True,207,Moderado
Centro,Casa,20,4,True,273,Moderado
Centro,Casa,9,5,True,208,Moderado
Centro,Casa,16,2,True,252,Moderado
Centro,Casa,20,4,True,312,Ineficiente
Centro,Casa,15,6,False,208,Eficiente
Centro,Casa,23,4,True,301,Moderado
Norte,Casa,10,6,False,214,Moderado
Centro,Casa,20,6,True,285,Ineficiente
Centro,Casa,11,4,True,209,Moderado
Centro,Departamento,9,3,True,195,Ineficiente
Centro,Casa,22,3,True,277,Moderado
Norte,Casa,24,6,True,345,Ineficiente
Centro,Casa,17,2,True,230,Moderado
Centro,Casa,8,4,True,218,Ineficiente
Centro,Casa,13,2,True,216,Moderado
Centro,Casa,10,3,False,140,Eficiente
Centro,Casa,14,2,True,252,Moderado
Centro,Casa,20,5,True,278,Ineficiente
Norte,Casa,20,5,False,311,Moderado
Centro,Casa,24,3,False,304,Eficiente
Centro,Casa,8,2,False,163,Eficiente
Centro,Departamento,7,4,True,161,Moderado
Centro,Casa,10,3,False,186,Eficiente
Centro,Casa,21,5,False,243,Eficiente
Centro,Casa,8,3,True,224,Ineficiente
Centro,Casa,23,2,True,290,Moderado
Norte,Casa,17,2,False,249,Eficiente
Centro,Casa,20,2,False,250,Moderado
Centro,Casa,11,6,True,227,Ineficiente
Centro,Casa,16,2,True,259,Moderado
Centro,Casa,21,5,False,270,Eficiente
Centro,Casa,11,5,True,216,Moderado
Sur,Departamento,13,6,True,237,Ineficiente
Centro,Casa,15,5,False,263,Moderado
Sur,Casa,10,5,False,236,Eficiente
Sur,Casa,14,3,False,285,Moderado
Norte,Casa,17,2,True,254,Eficiente
Centro,Casa,10,3,True,197,Moderado
Centro,Casa,9,3,False,168,Eficiente
Centro,Casa,22,5,True,302,Ineficiente
Centro,Casa,16,4,False,217,Eficiente
Sur,Casa,22,2,True,326,Moderado
Centro,Casa,24,4,True,317,Ineficiente
Centro,Departamento,4,5,True,158,Ineficiente
Norte,Casa,22,6,True,302,Moderado
Centro,Casa,19,3,True,291,Moderado
Centro,Casa,15,5,True,269,Moderado
Norte,Casa,9,5,True,213,Moderado
Centro,Casa,9,4,True,192,Moderado
Norte,Casa,12,6,False,241,Moderado
Centro,Casa,8,3,True,183,Moderado
Centro,Casa,11,6,False,234,Moderado
Centro,Casa,13,6,True,245,Ineficiente
Centro,Casa,20,6,True,270,Moderado
Centro,Casa,18,2,True,238,Moderado
Norte,Casa,20,6,False,260,Eficiente
Norte,Casa,15,5,True,272,Moderado
Centro,Casa,14,2,True,231,Moderado
Centro,Departamento,4,2,True,133,Moderado
Centro,Departamento,8,6,False,171,Moderado
Centro,Departamento,12,5,False,169,Moderado
Centro,Casa,14,3,True,263,Ineficiente
Centro,Casa,23,6,True,301,Moderado
Norte,Casa,22,2,False,254,Eficiente
Centro,Casa,9,3,True,218,Ineficiente
Sur,Casa,23,3,True,355,Ineficiente
Centro,Departamento,5,2,True,135,Ineficiente
Centro,Departamento,5,3,False,123,Eficiente
Centro,Casa,10,5,False,148,Eficiente
Centro,Casa,11,5,True,217,Moderado
Centro,Casa,19,6,True,310,Ineficiente
Norte,Departamento,5,6,False,139,Eficiente
Norte,Departamento,12,3,True,217,Moderado
Centro,Casa,13,2,True,278,Moderado
Sur,Casa,17,5,True,329,Moderado
Centro,Departamento,5,4,False,107,Eficiente
Norte,Casa,13,6,True,230,Moderado
Centro,Casa,13,5,False,230,Moderado
Centro,Departamento,11,3,True,136,Moderado
Centro,Casa,11,5,True,211,Ineficiente
Centro,Casa,23,5,True,296,Moderado
Centro,Casa,15,3,False,217,Eficiente
Norte,Casa,14,6,True,278,Ineficiente
Centro,Departamento,6,6,True,139,Ineficiente
Centro,Casa,20,4,True,306,Ineficiente
Centro,Departamento,5,4,False,143,Moderado
Centro,Casa,9,6,False,188,Moderado
Centro,Casa,17,6,True,295,Ineficiente
Norte,Casa,20,6,True,301,Moderado
Centro,Casa,18,6,True,260,Moderado
Centro,Casa,20,5,True,311,Ineficiente
Centro,Casa,12,4,False,209,Eficiente
Centro,Casa,10,3,True,217,Ineficiente
Centro,Casa,20,2,True,311,Ineficiente
Centro,Casa,12,3,True,237,Moderado
Centro,Casa,19,2,True,316,Ineficiente
Norte,Casa,21,5,True,318,Moderado
Centro,Casa,13,4,True,266,Ineficiente
Centro,Casa,16,2,False,220,Eficiente
Centro,Casa,24,6,True,299,Ineficiente
Centro,Casa,15,5,True,271,Moderado
Centro,Casa,20,2,True,274,Moderado
Centro,Departamento,11,6,False,208,Ineficiente
Centro,Casa,24,5,True,329,Ineficiente
Norte,Casa,10,2,True,244,Moderado
Centro,Casa,13,6,True,214,Moderado
Centro,Casa,21,4,True,306,Ineficiente
Centro,Casa,22,5,False,277,Eficiente
Norte,Casa,21,2,False,261,Eficiente
Centro,Casa,18,6,False,284,Moderado
Norte,Departamento,6,4,True,141,Moderado
Sur,Casa,16,6,True,314,Ineficiente
Centro,Casa,13,4,True,223,Moderado
Centro,Casa,22,2,True,294,Moderado
Centro,Casa,19,6,True,282,Moderado
Centro,Casa,13,6,False,217,Moderado
Centro,Casa,8,3,True,197,Ineficiente
Centro,Casa,23,5,True,291,Moderado
Centro,Departamento,10,6,True,205,Ineficiente
Centro,Casa,9,4,True,221,Ineficiente
Sur,Departamento,8,5,True,186,Moderado
Centro,Casa,10,2,True,233,Moderado
Centro,Casa,10,5,False,210,Eficiente
Centro,Casa,12,3,False,201,Moderado
Centro,Departamento,9,2,True,129,Moderado
Centro,Casa,24,6,True,310,Moderado
Centro,Casa,13,2,True,188,Eficiente
Centro,Casa,8,2,False,169,Eficiente
Sur,Casa,14,3,False,269,Moderado
Centro,Casa,22,4,True,284,Moderado
Centro,Casa,14,2,False,208,Eficiente
Norte,Casa,18,4,True,310,Moderado
Centro,Casa,21,5,False,259,Eficiente
Centro,Casa,20,3,True,291,Moderado
Centro,Casa,16,6,True,309,Ineficiente
Norte,Casa,16,2,False,256,Eficiente
Centro,Departamento,14,4,True,182,Moderado
Centro,Casa,19,2,False,242,Eficiente
Centro,Casa,17,3,True,273,Ineficiente
Centro,Casa,13,6,True,255,Ineficiente
Centro,Casa,9,5,False,166,Eficiente
Centro,Casa,16,5,True,270,Ineficiente
Norte,Departamento,9,4,True,183,Ineficiente
Centro,Casa,9,5,True,203,Ineficiente
Centro,Casa,22,4,False,285,Moderado
Norte,Casa,24,6,False,353,Moderado
Centro,Casa,23,2,True,281,Moderado
Centro,Casa,15,3,True,254,Moderado
Centro,Departamento,11,6,True,190,Ineficiente
Centro,Casa,17,6,True,286,Ineficiente
Centro,Casa,17,5,False,246,Eficiente
Centro,Casa,16,5,False,225,Moderado
Centro,Casa,8,3,True,183,Moderado
Norte,Casa,11,2,True,241,Moderado
Centro,Casa,10,6,False,202,Eficiente
Centro,Casa,17,5,True,281,Ineficiente
Centro,Casa,19,6,False,231,Eficiente
Centro,Casa,13,2,True,247,Moderado
Centro,Departamento,7,4,False,157,Eficiente
Centro,Casa,17,2,True,257,Moderado
Centro,Casa,9,6,False,206,Moderado
Centro,Casa,16,6,True,286,Ineficiente
Centro,Casa,17,3,True,255,Moderado
Centro,Casa,9,6,True,222,Ineficiente
Centro,Casa,15,5,False,239,Moderado
Centro,Casa,24,3,True,297,Ineficiente
Centro,Casa,24,6,False,300,Moderado
Centro,Casa,11,2,False,146,Eficiente
Centro,Casa,19,6,True,275,Ineficiente
Centro,Departamento,8,2,False,155,Eficiente
Sur,Casa,16,2,False,269,Eficiente
Centro,Casa,21,6,True,286,Ineficiente
Centro,Casa,21,2,True,257,Moderado
Norte,Casa,24,4,False,358,Moderado
Centro,Casa,9,3,False,163,Eficiente
Norte,Departamento,14,6,False,198,Moderado
Sur,Departamento,10,4,False,201,Eficiente
Centro,Casa,14,2,True,216,Moderado
Centro,Departamento,9,2,False,140,Eficiente
Centro,Departamento,9,3,True,163,Moderado
Centro,Departamento,5,4,True,116,Moderado
Centro,Departamento,6,4,True,148,Ineficiente
Centro,Casa,15,6,True,266,Ineficiente
Sur,Casa,15,2,True,258,Eficiente
Centro,Casa,18,5,True,286,Ineficiente
Sur,Casa,22,6,True,362,Moderado
Centro,Departamento,9,6,True,157,Ineficiente
Centro,Casa,19,6,False,272,Moderado
Centro,Casa,22,3,True,298,Ineficiente
Centro,Departamento,13,3,True,184,Moderado
Norte,Departamento,9,6,False,167,Moderado
Centro,Departamento,7,5,True,166,Ineficiente
Centro,Casa,21,4,True,280,Ineficiente
Centro,Casa,15,4,False,236,Moderado
Centro,Casa,9,2,True,181,Moderado
Sur,Casa,11,4,True,247,Moderado
Centro,Casa,13,4,True,210,Moderado
Centro,Casa,10,5,False,160,Eficiente
Norte,Casa,10,4,False,213,Eficiente
Norte,Casa,18,5,True,256,Moderado
Centro,Casa,17,3,False,240,Moderado
Centro,Casa,19,5,False,256,Eficiente
Centro,Casa,21,3,True,324,Moderado
Norte,Casa,16,5,True,294,Ineficiente
Centro,Casa,22,6,False,294,Moderado
Centro,Casa,10,3,True,196,Eficiente
Centro,Casa,18,3,True,254,Moderado
Norte,Casa,17,4,True,275,Moderado
Norte,Departamento,7,3,True,168,Moderado
Centro,Casa,20,5,True,278,Ineficiente
Norte,Casa,13,6,True,277,Ineficiente
Sur,Casa,20,6,True,327,Ineficiente
Centro,Departamento,9,4,False,165,Moderado
Norte,Casa,21,5,True,300,Moderado
Centro,Casa,20,5,True,304,Ineficiente
Centro,Departamento,5,2,False,143,Moderado
Norte,Casa,15,3,False,275,Eficiente
Centro,Casa,23,4,True,288,Ineficiente
Sur,Casa,20,6,True,358,Ineficiente
Centro,Casa,22,2,True,244,Moderado
Centro,Casa,8,5,False,149,Eficiente
Norte,Casa,9,3,True,235,Ineficiente
Centro,Departamento,9,6,True,186,Ineficiente
Centro,Departamento,10,2,False,152,Moderado
Centro,Casa,21,5,True,287,Moderado
Centro,Casa,16,6,False,219,Moderado
Centro,Casa,15,6,False,198,Eficiente
Centro,Departamento,4,5,True,120,Ineficiente
Centro,Departamento,7,5,True,172,Ineficiente
Centro,Casa,17,4,True,281,Ineficiente
Centro,Departamento,4,6,False,123,Moderado
Centro,Casa,13,5,False,219,Moderado
Norte,Casa,24,2,False,331,Moderado
Centro,Casa,23,3,True,329,Ineficiente
Centro,Casa,22,4,False,292,Eficiente
Norte,Casa,21,5,True,340,Ineficiente
Centro,Casa,11,3,True,223,Moderado
Centro,Casa,11,4,True,231,Moderado
Sur,Departamento,13,6,False,205,Eficiente
Norte,Casa,18,3,False,268,Eficiente
Centro,Casa,11,4,True,209,Moderado
Centro,Casa,23,5,False,310,Moderado
Sur,Casa,11,5,True,279,Ineficiente
Centro,Casa,8,4,True,192,Moderado
Sur,Casa,9,6,True,272,Ineficiente
Sur,Casa,16,4,False,294,Moderado
Centro,Casa,20,2,True,257,Moderado
Centro,Casa,23,4,True,300,Ineficiente
Sur,Casa,23,4,False,301,Eficiente
Centro,Casa,17,5,False,243,Moderado
Centro,Casa,16,6,False,268,Moderado
Centro,Casa,18,4,True,271,Ineficiente
Centro,Departamento,5,3,False,121,Eficiente
Norte,Casa,17,5,True,278,Ineficiente
Centro,Casa,10,5,True,237,Moderado
Centro,Casa,13,4,True,234,Moderado
Centro,Casa,10,3,False,200,Moderado
Centro,Casa,16,4,True,274,Ineficiente
Centro,Departamento,4,3,True,106,Moderado
Centro,Departamento,6,5,True,138,Moderado
Norte,Departamento,6,3,True,153,Moderado
Centro,Casa,22,4,True,334,Ineficiente
Centro,Casa,20,2,True,302,Moderado
Sur,Casa,14,2,False,250,Eficiente
Norte,Casa,15,3,True,319,Ineficiente
Centro,Casa,17,4,False,212,Eficiente
Sur,Casa,24,6,False,333,Eficiente
Sur,Departamento,5,2,False,168,Eficiente
Centro,Casa,20,5,True,290,Ineficiente
Centro,Casa,20,4,False,243,Eficiente
Norte,Casa,23,4,True,333,Moderado
Centro,Casa,16,2,True,300,Ineficiente
Centro,Casa,17,6,False,232,Moderado
Centro,Casa,13,5,False,201,Eficiente
Centro,Casa,12,6,True,217,Moderado
Norte,Casa,9,5,True,224,Moderado
Centro,Departamento,10,2,False,161,Moderado
Sur,Departamento,8,4,False,207,Eficiente
Centro,Casa,13,5,True,215,Moderado
Sur,Casa,15,4,True,302,Ineficiente
Sur,Departamento,5,3,True,190,Moderado
Centro,Departamento,10,3,False,131,Eficiente
Centro,Casa,15,2,True,254,Moderado
Centro,Casa,19,2,False,250,Eficiente
Centro,Casa,15,2,False,236,Moderado
Centro,Departamento,10,3,False,100,Eficiente
Centro,Departamento,9,5,False,153,Moderado
Sur,Casa,9,6,True,274,Ineficiente
Centro,Departamento,14,2,True,213,Ineficiente
Centro,Casa,23,6,True,332,Ineficiente
Norte,Departamento,6,6,True,152,Moderado
Centro,Casa,21,3,True,315,Ineficiente
Sur,Departamento,11,5,True,241,Moderado
Centro,Casa,20,3,False,255,Eficiente
Centro,Casa,24,2,False,278,Eficiente
Centro,Casa,22,3,True,329,Moderado
Centro,Departamento,4,3,True,142,Ineficiente
Centro,Departamento,7,3,True,152,Moderado
Centro,Departamento,7,2,False,102,Eficiente
Centro,Departamento,13,2,True,181,Eficiente
Sur,Casa,20,3,False,277,Eficiente
Sur,Casa,9,3,False,182,Eficiente
Centro,Casa,11,6,False,211,Eficiente
Centro,Casa,20,5,False,229,Eficiente
Centro,Casa,23,6,False,278,Eficiente
Centro,Casa,13,5,False,209,Eficiente
Centro,Casa,15,5,True,225,Eficiente
Centro,Casa,23,3,True,321,Ineficiente
Centro,Casa,20,6,False,267,Moderado
Norte,Casa,11,5,True,201,Moderado
Centro,Departamento,11,5,True,203,Ineficiente
Centro,Casa,16,2,False,257,Moderado
Centro,Departamento,6,5,False,130,Eficiente
Centro,Casa,15,3,True,257,Ineficiente
Sur,Casa,22,4,True,345,Moderado
Norte,Casa,16,2,True,278,Moderado
Centro,Casa,24,4,True,302,Ineficiente
Centro,Casa,9,3,False,163,Eficiente
Centro,Casa,13,4,False,189,Eficiente
Centro,Casa,12,5,False,211,Eficiente
Norte,Casa,24,4,True,345,Moderado
Centro,Casa,9,6,True,230,Moderado
Centro,Casa,17,3,False,225,Eficiente
Centro,Casa,17,6,True,270,Ineficiente
Centro,Casa,13,4,True,232,Moderado
Centro,Departamento,11,6,False,156,Moderado
Centro,Casa,24,2,False,239,Eficiente
Centro,Casa,20,4,True,281,Moderado
Centro,Departamento,7,6,True,158,Ineficiente
Centro,Casa,17,5,True,268,Ineficiente
Centro,Casa,9,4,False,172,Eficiente
Centro,Casa,9,2,False,178,Eficiente
Centro,Casa,14,5,True,302,Ineficiente
Norte,Casa,13,4,True,271,Moderado
Sur,Departamento,10,5,False,185,Eficiente
Norte,Casa,19,4,True,293,Moderado
Centro,Casa,20,4,False,257,Eficiente
Centro,Casa,19,3,False,250,Eficiente
Centro,Casa,16,6,False,241,Moderado
Centro,Casa,17,4,False,229,Eficiente
Norte,Casa,24,2,True,312,Moderado
Centro,Casa,15,6,True,272,Ineficiente
Centro,Casa,14,3,False,207,Moderado
Centro,Casa,16,6,True,278,Moderado
Centro,Casa,17,6,True,269,Ineficiente
Centro,Departamento,7,4,True,117,Moderado
Centro,Casa,22,2,True,267,Moderado
Centro,Casa,22,4,True,266,Ineficiente
Centro,Casa,11,2,False,191,Eficiente
Centro,Casa,11,2,True,178,Moderado
Sur,Casa,8,5,True,236,Moderado
Centro,Casa,19,4,True,270,Moderado
Centro,Casa,9,3,True,198,Moderado
Centro,Departamento,4,6,False,135,Moderado
Centro,Casa,24,5,True,339,Ineficiente
Centro,Casa,14,3,True,223,Moderado
Centro,Departamento,14,4,True,202,Ineficiente
Centro,Departamento,6,2,False,103,Eficiente
Centro,Departamento,9,4,True,176,Moderado
Norte,Casa,21,4,True,310,Moderado
Centro,Casa,11,5,True,236,Ineficiente
Centro,Casa,12,3,True,201,Moderado
Centro,Casa,8,5,True,210,Moderado
Norte,Casa,8,3,False,162,Eficiente
Centro,Casa,13,5,True,225,Moderado
Centro,Departamento,10,6,False,162,Moderado
Centro,Casa,9,2,True,158,Moderado
Centro,Departamento,10,2,True,121,Moderado
Centro,Casa,16,2,False,198,Eficiente
Centro,Casa,22,6,True,290,Ineficiente
Centro,Casa,20,6,False,253,Eficiente
Centro,Casa,19,2,False,232,Eficiente
Centro,Casa,12,2,False,200,Eficiente
Centro,Casa,9,3,True,242,Ineficiente
Centro,Departamento,6,3,True,129,Moderado
Norte,Casa,17,4,True,291,Ineficiente
Centro,Casa,20,5,True,314,Ineficiente
Sur,Casa,19,3,True,334,Moderado
Centro,Casa,9,3,True,187,Moderado
Centro,Casa,22,3,True,311,Ineficiente
Centro,Casa,21,3,True,312,Moderado
Centro,Casa,17,6,False,279,Ineficiente
Centro,Casa,15,4,False,256,Moderado
Centro,Casa,22,3,True,271,Moderado
Centro,Casa,20,5,False,269,Eficiente
Centro,Casa,15,3,True,231,Moderado
Centro,Casa,21,6,True,275,Moderado
Centro,Casa,8,2,True,200,Ineficiente
Centro,Casa,20,2,False,254,Eficiente
Centro,Casa,15,4,True,253,Moderado
Centro,Departamento,11,2,True,162,Moderado
Centro,Casa,20,3,False,303,Moderado
Centro,Departamento,5,6,True,180,Ineficiente
Centro,Departamento,11,4,False,148,Eficiente
Centro,Casa,12,3,True,223,Moderado
Sur,Casa,13,2,False,250,Eficiente
Sur,Casa,15,5,False,290,Moderado
Norte,Casa,14,3,False,242,Eficiente
Centro,Casa,21,5,False,274,Eficiente
Sur,Casa,22,5,False,290,Eficiente
Sur,Casa,17,4,True,343,Ineficiente
Norte,Departamento,4,6,False,125,Eficiente
Norte,Casa,14,2,False,249,Eficiente
Centro,Casa,14,2,True,233,Ineficiente
Sur,Casa,18,3,False,306,Moderado
Centro,Casa,20,2,True,248,Moderado
Centro,Casa,22,4,True,286,Moderado
Centro,Departamento,6,2,True,134,Ineficiente
Norte,Casa,13,3,True,232,Eficiente
Centro,Casa,18,2,True,250,Moderado
Centro,Casa,15,6,True,285,Ineficiente
Centro,Departamento,5,5,True,156,Ineficiente
Centro,Casa,15,5,True,283,Ineficiente
Centro,Casa,15,5,False,231,Moderado
Centro,Casa,10,6,True,221,Moderado
Centro,Casa,12,4,True,202,Moderado
Norte,Casa,10,3,True,250,Moderado
Centro,Casa,22,6,True,305,Ineficiente
Centro,Casa,21,3,True,290,Moderado
Centro,Casa,22,4,True,287,Moderado
Centro,Departamento,10,6,False,216,Ineficiente
Centro,Casa,9,2,False,175,Eficiente
Centro,Casa,19,4,True,263,Moderado
Centro,Casa,23,5,True,287,Moderado
Centro,Casa,11,6,False,217,Moderado
Centro,Departamento,6,4,True,131,Moderado
Centro,Casa,21,4,True,282,Moderado
Centro,Casa,18,6,False,225,Eficiente
Centro,Casa,20,5,False,266,Eficiente
Centro,Casa,14,5,True,249,Ineficiente
Centro,Casa,17,4,True,301,Moderado
Norte,Casa,8,3,True,205,Moderado
Centro,Casa,11,4,True,178,Moderado
Centro,Departamento,9,6,False,148,Eficiente
Centro,Casa,9,6,True,244,Ineficiente
Centro,Casa,10,6,False,212,Moderado
Centro,Departamento,4,5,True,159,Ineficiente
Centro,Casa,15,2,True,249,Moderado
Centro,Casa,23,6,True,307,Ineficiente
Centro,Casa,13,6,True,223,Moderado
Centro,Casa,21,3,True,267,Moderado
Centro,Casa,10,3,False,172,Eficiente
Centro,Casa,23,4,False,293,Moderado
Centro,Departamento,4,4,False,106,Eficiente
Centro,Casa,19,4,False,217,Moderado
Centro,Casa,21,6,False,283,Moderado
Norte,Casa,16,3,True,296,Moderado
Centro,Casa,14,4,True,211,Moderado
Centro,Casa,21,3,False,272,Eficiente
Centro,Casa,12,6,True,196,Moderado
Centro,Departamento,4,6,True,125,Moderado
Centro,Casa,14,4,False,192,Eficiente
Centro,Casa,16,6,False,255,Moderado
Centro,Casa,11,6,True,265,Ineficiente
Sur,Casa,24,3,True,369,Ineficiente
Norte,Casa,19,2,True,308,Moderado
Centro,Casa,13,5,True,222,Ineficiente
Centro,Casa,15,4,True,261,Moderado
Norte,Casa,22,2,False,288,Eficiente
Centro,Casa,10,4,True,191,Moderado
Norte,Casa,9,2,True,239,Moderado
Centro,Casa,16,6,False,250,Moderado
Centro,Departamento,10,4,True,170,Moderado
Norte,Casa,11,2,False,223,Eficiente
Norte,Casa,9,5,True,235,Moderado
Centro,Casa,21,6,False,301,Moderado
Centro,Casa,9,4,True,245,Ineficiente
Centro,Casa,9,4,True,202,Moderado
Centro,Casa,14,2,True,227,Moderado
Centro,Casa,19,4,False,243,Moderado
Centro,Departamento,8,6,True,171,Ineficiente
Norte,Casa,11,3,True,264,Moderado
Centro,Casa,20,2,False,228,Eficiente
Centro,Casa,9,5,True,185,Moderado
Centro,Departamento,5,4,False,119,Moderado
Centro,Casa,16,6,False,241,Moderado
Centro,Casa,11,4,False,200,Eficiente
Norte,Casa,23,5,False,266,Eficiente
Centro,Casa,17,6,True,304,Ineficiente
Centro,Casa,13,5,False,220,Moderado
Sur,Departamento,5,6,True,238,Ineficiente
Centro,Casa,17,3,True,267,Ineficiente
Centro,Departamento,7,6,True,155,Ineficiente
Centro,Casa,16,5,True,267,Ineficiente
Sur,Casa,14,2,True,302,Ineficiente
Centro,Casa,11,3,False,177,Eficiente
Centro,Casa,11,4,False,208,Eficiente
Centro,Departamento,5,3,False,118,Eficiente
Centro,Departamento,4,3,True,139,Moderado
Centro,Departamento,6,4,True,128,Moderado
Centro,Casa,17,6,False,261,Moderado
Centro,Casa,14,3,True,249,Moderado
Norte,Casa,12,3,False,250,Moderado
Centro,Departamento,9,2,False,168,Eficiente
Centro,Casa,18,2,True,268,Ineficiente
Centro,Casa,22,5,True,308,Moderado
Centro,Casa,14,4,True,223,Moderado
Centro,Casa,13,6,True,242,Ineficiente
Centro,Departamento,5,6,True,140,Ineficiente
Centro,Casa,9,5,False,207,Moderado
Centro,Casa,8,6,True,217,Ineficiente
Centro,Casa,18,6,True,261,Moderado
Centro,Casa,12,2,True,202,Moderado
Centro,Casa,23,6,True,367,Ineficiente
Centro,Casa,8,6,False,177,Eficiente
Centro,Departamento,13,5,True,214,Ineficiente
Centro,Departamento,11,5,False,162,Eficiente
Centro,Casa,9,3,False,173,Eficiente
Centro,Casa,12,6,False,237,Moderado
Centro,Departamento,13,6,True,196,Ineficiente
Centro,Casa,8,6,True,204,Moderado
Centro,Casa,22,2,False,291,Moderado
Centro,Casa,16,6,False,234,Eficiente
Centro,Casa,12,2,False,165,Eficiente
Centro,Casa,20,3,True,257,Moderado
Centro,Departamento,6,4,True,157,Moderado
Centro,Casa,21,6,False,262,Moderado
Centro,Casa,19,5,True,305,Ineficiente
Centro,Casa,18,5,True,276,Moderado
Sur,Casa,14,6,True,308,Ineficiente
Centro,Casa,24,2,False,285,Moderado
Norte,Casa,14,5,True,289,Ineficiente
Norte,Casa,13,5,True,298,Ineficiente
Centro,Casa,18,3,True,277,Moderado
Centro,Departamento,11,3,True,187,Moderado
Centro,Departamento,4,3,False,125,Eficiente
Centro,Casa,18,5,True,264,Moderado
Norte,Casa,23,5,True,341,Moderado
Centro,Casa,19,6,True,269,Ineficiente
Centro,Casa,15,6,True,244,Ineficiente
Norte,Casa,10,2,True,215,Moderado
Norte,Casa,9,5,False,233,Moderado
Norte,Casa,13,6,False,238,Eficiente
Norte,Departamento,10,6,True,189,Ineficiente
Centro,Departamento,10,3,True,185,Ineficiente
Centro,Departamento,13,3,True,158,Moderado
Centro,Casa,9,3,False,140,Eficiente
Centro,Casa,21,4,True,286,Ineficiente
Sur,Casa,9,6,True,252,Moderado
Centro,Casa,8,3,False,191,Eficiente
Centro,Casa,9,3,True,227,Moderado
Centro,Casa,16,5,True,259,Moderado
Centro,Casa,16,3,True,247,Ineficiente
Centro,Departamento,6,5,True,136,Moderado
Norte,Casa,18,2,False,253,Eficiente
Centro,Casa,13,3,False,154,Eficiente
Centro,Casa,19,5,True,273,Moderado
Centro,Casa,10,3,True,208,Moderado
Centro,Casa,19,2,True,252,Moderado
Centro,Casa,8,3,True,183,Eficiente
Centro,Casa,16,5,True,256,Ineficiente
Norte,Casa,13,2,True,245,Moderado
Centro,Casa,18,2,True,278,Moderado
Centro,Casa,10,2,True,213,Moderado
Centro,Casa,11,4,True,239,Moderado
Centro,Departamento,5,5,True,156,Ineficiente
Centro,Casa,13,4,True,238,Moderado
Centro,Casa,8,2,True,235,Ineficiente
Sur,Casa,15,4,True,275,Moderado
Norte,Departamento,10,3,True,171,Moderado
Sur,Departamento,4,4,False,144,Eficiente
Centro,Casa,24,6,True,321,Ineficiente
Centro,Casa,8,2,True,193,Moderado
Centro,Departamento,7,2,True,124,Moderado
Norte,Casa,20,5,False,324,Eficiente
Centro,Casa,10,3,False,178,Eficiente
Centro,Casa,9,5,True,193,Moderado
Centro,Departamento,10,4,False,155,Moderado
Centro,Departamento,11,6,False,188,Moderado
Centro,Casa,23,6,True,348,Ineficiente
Centro,Casa,20,6,False,222,Eficiente
Centro,Casa,19,6,True,303,Ineficiente
Norte,Casa,19,3,True,328,Moderado
Centro,Departamento,8,4,False,124,Eficiente
Centro,Casa,15,6,False,230,Moderado
Norte,Casa,24,2,True,304,Moderado
Norte,Casa,14,4,True,251,Moderado
Centro,Casa,16,3,False,205,Eficiente
Centro,Casa,24,6,False,316,Moderado
Centro,Casa,17,3,True,256,Moderado
Norte,Casa,11,6,True,191,Moderado
Centro,Casa,14,2,True,220,Eficiente
Norte,Casa,14,4,True,249,Moderado
Centro,Casa,15,2,False,232,Moderado
Centro,Casa,15,6,True,258,Ineficiente
Centro,Departamento,9,5,False,146,Moderado
Centro,Departamento,6,4,False,134,Moderado
Sur,Departamento,9,3,True,224,Ineficiente
Centro,Casa,15,6,True,265,Ineficiente
Centro,Departamento,13,2,True,172,Moderado
Centro,Casa,10,5,True,189,Moderado
Centro,Casa,23,6,True,344,Ineficiente
Norte,Casa,22,3,True,381,Ineficiente
Norte,Casa,11,2,True,234,Moderado
Centro,Casa,23,4,True,312,Moderado
Centro,Casa,17,5,True,299,Ineficiente
Centro,Casa,18,6,True,246,Moderado
Centro,Casa,12,6,False,233,Moderado
Centro,Casa,18,6,True,288,Ineficiente
Centro,Casa,20,6,False,254,Moderado
Centro,Casa,22,2,False,253,Eficiente
Centro,Departamento,4,4,False,81,Eficiente
Centro,Departamento,7,3,False,146,Moderado
Centro,Casa,22,5,True,283,Moderado
Norte,Casa,18,6,True,309,Ineficiente
Sur,Casa,9,6,True,225,Moderado
Norte,Departamento,4,4,True,180,Ineficiente
Norte,Casa,19,4,True,293,Moderado
Centro,Casa,23,2,True,317,Moderado
Centro,Casa,9,2,True,193,Moderado
Centro,Casa,24,2,True,290,Moderado
Centro,Casa,21,5,True,270,Moderado
Centro,Departamento,4,2,True,144,Ineficiente
Centro,Casa,12,6,True,231,Ineficiente
Centro,Casa,17,2,False,234,Moderado
Centro,Departamento,11,5,False,147,Eficiente
Centro,Departamento,9,2,True,157,Moderado
Centro,Casa,23,2,False,275,Eficiente
Sur,Casa,16,6,True,271,Moderado
Norte,Casa,11,6,True,238,Moderado
Centro,Departamento,10,6,True,216,Ineficiente
Centro,Casa,18,2,False,219,Moderado
Sur,Departamento,6,6,True,215,Ineficiente
Norte,Casa,24,4,True,339,Moderado
Centro,Casa,20,3,False,265,Eficiente
Centro,Casa,11,3,True,229,Ineficiente
Centro,Casa,21,6,False,277,Moderado
Centro,Casa,17,5,True,257,Moderado
Norte,Casa,17,6,True,279,Ineficiente
Centro,Casa,17,6,False,242,Moderado
Sur,Departamento,5,2,True,195,Moderado
Centro,Casa,9,5,False,160,Eficiente
Centro,Casa,16,6,False,235,Moderado
Norte,Casa,12,4,False,193,Eficiente
Sur,Casa,15,3,True,273,Moderado
Centro,Casa,21,4,True,289,Ineficiente
Norte,Casa,14,4,True,290,Ineficiente
Centro,Departamento,11,4,True,212,Ineficiente
Centro,Casa,16,5,False,201,Eficiente
Norte,Casa,10,5,True,209,Moderado
Centro,Casa,21,5,False,268,Moderado
Norte,Casa,24,3,False,318,Eficiente
Centro,Casa,19,2,False,210,Eficiente
Centro,Departamento,8,6,False,138,Moderado
Centro,Departamento,8,6,False,166,Moderado
Centro,Casa,21,2,False,280,Moderado
Centro,Casa,16,6,False,235,Eficiente
Centro,Casa,9,4,False,142,Eficiente
Norte,Casa,18,3,False,281,Moderado
Centro,Casa,24,6,False,279,Moderado
Centro,Casa,9,3,True,213,Moderado
Centro,Casa,14,2,True,215,Eficiente
Centro,Casa,20,6,True,297,Ineficiente
Centro,Casa,12,3,True,230,Ineficiente
Sur,Casa,23,4,True,371,Moderado
Norte,Casa,22,4,False,265,Eficiente
Centro,Casa,15,2,False,197,Eficiente
Norte,Departamento,7,5,True,211,Ineficiente
Sur,Casa,8,6,False,230,Moderado
Norte,Casa,24,4,False,290,Eficiente
Norte,Casa,22,4,False,308,Moderado
Centro,Departamento,4,2,False,78,Eficiente
Centro,Casa,21,4,True,295,Ineficiente
Centro,Casa,17,6,True,260,Moderado
Centro,Casa,9,2,True,222,Moderado
Centro,Casa,13,3,True,213,Moderado
Norte,Departamento,5,2,True,96,Eficiente
Centro,Casa,12,6,False,205,Eficiente
Centro,Departamento,7,6,False,125,Moderado
Centro,Departamento,12,3,True,179,Moderado
Centro,Departamento,14,2,True,204,Ineficiente
Centro,Casa,18,6,True,257,Moderado
Centro,Casa,12,6,True,223,Ineficiente
Norte,Casa,8,3,False,190,Eficiente
Centro,Casa,18,5,True,262,Ineficiente
Centro,Casa,18,2,False,237,Eficiente
Sur,Casa,13,6,False,271,Eficiente
Centro,Casa,15,4,True,250,Ineficiente
Norte,Casa,9,3,False,220,Eficiente
Norte,Departamento,6,5,True,153,Moderado
Centro,Casa,16,5,True,250,Eficiente
Centro,Departamento,12,3,False,188,Moderado
Norte,Casa,15,5,False,235,Eficiente
Sur,Departamento,9,6,True,267,Ineficiente
Centro,Casa,21,5,True,316,Ineficiente
Sur,Casa,22,2,True,312,Moderado
Centro,Departamento,13,4,True,207,Ineficiente
Centro,Casa,16,6,False,247,Eficiente
Centro,Departamento,4,3,True,98,Moderado
Centro,Casa,13,4,False,241,Moderado
Centro,Casa,15,6,True,276,Ineficiente
Centro,Casa,24,4,False,317,Moderado
Centro,Casa,23,5,True,331,Ineficiente
Sur,Casa,20,3,True,326,Moderado
Centro,Casa,11,3,True,238,Ineficiente
Centro,Casa,11,2,True,185,Moderado
Centro,Casa,21,5,True,336,Ineficiente
Centro,Departamento,9,2,False,147,Eficiente
Norte,Departamento,5,2,False,85,Eficiente
Centro,Casa,21,5,True,267,Ineficiente
Centro,Casa,21,6,True,307,Ineficiente
Centro,Casa,21,2,True,264,Moderado
Centro,Casa,21,4,False,277,Moderado
Centro,Departamento,13,6,True,186,Ineficiente
Centro,Departamento,8,5,True,140,Ineficiente
Norte,Casa,21,3,True,296,Moderado
Centro,Casa,17,6,True,339,Ineficiente
Centro,Casa,20,2,True,253,Moderado
Centro,Departamento,9,4,True,193,Ineficiente
Centro,Casa,18,5,True,260,Moderado
Centro,Casa,22,3,True,292,Moderado
Centro,Casa,22,4,False,276,Eficiente
Norte,Casa,9,3,False,196,Eficiente
Sur,Casa,18,5,True,317,Moderado
Centro,Departamento,8,6,True,177,Ineficiente
Centro,Casa,12,2,False,164,Eficiente
Centro,Casa,20,5,True,287,Moderado
Centro,Casa,8,4,True,199,Moderado
Centro,Casa,14,6,False,239,Moderado
Centro,Casa,14,3,True,232,Moderado
Norte,Casa,17,6,True,304,Ineficiente
Centro,Casa,13,6,True,232,Moderado
Centro,Casa,19,4,True,266,Ineficiente
Centro,Casa,20,2,False,256,Eficiente
Centro,Casa,18,6,False,235,Eficiente
Centro,Departamento,7,6,False,127,Moderado
Centro,Casa,23,2,False,261,Eficiente
Sur,Casa,9,2,True,229,Moderado
Centro,Casa,13,3,False,207,Eficiente
Centro,Casa,8,3,False,153,Eficiente
Centro,Casa,18,2,True,273,Ineficiente
Sur,Casa,17,5,True,303,Ineficiente
Centro,Casa,8,2,True,199,Moderado
Centro,Casa,23,3,False,251,Eficiente
Centro,Casa,14,4,False,160,Eficiente
Centro,Departamento,13,4,True,214,Ineficiente
Norte,Departamento,5,6,True,174,Ineficiente
Centro,Casa,16,4,False,242,Moderado
Centro,Casa,9,3,True,229,Moderado
Centro,Departamento,5,4,True,121,Moderado
Centro,Departamento,11,5,False,125,Eficiente
Centro,Casa,13,2,False,220,Moderado
Centro,Casa,12,2,True,232,Ineficiente
Centro,Casa,15,3,False,242,Eficiente
Centro,Casa,15,6,False,268,Moderado
Centro,Casa,12,2,True,195,Moderado
Centro,Casa,19,4,True,296,Ineficiente
Norte,Casa,14,5,True,262,Ineficiente
Centro,Casa,20,6,True,314,Ineficiente
Centro,Casa,20,6,True,331,Ineficiente
Centro,Casa,24,6,True,323,Ineficiente
Centro,Casa,11,2,True,197,Moderado
Centro,Casa,17,6,True,246,Ineficiente
Norte,Casa,10,3,True,184,Moderado
Norte,Departamento,12,4,True,238,Ineficiente
Centro,Casa,8,5,True,236,Moderado
Centro,Casa,18,4,False,266,Moderado
Norte,Casa,20,3,True,293,Ineficiente
Centro,Casa,24,3,True,323,Ineficiente
Centro,Departamento,12,4,True,195,Moderado
Centro,Casa,24,2,False,254,Eficiente
Centro,Casa,9,3,True,225,Moderado
Centro,Casa,10,6,False,210,Moderado
Centro,Casa,10,5,False,209,Eficiente
Centro,Departamento,13,5,True,207,Ineficiente
Centro,Departamento,7,3,True,151,Moderado
Centro,Casa,21,6,False,284,Moderado
Centro,Casa,23,4,True,300,Moderado
Norte,Departamento,7,5,True,191,Ineficiente
Centro,Departamento,9,6,True,217,Ineficiente
Centro,Casa,24,6,False,307,Moderado
Sur,Casa,12,2,True,281,Moderado
Centro,Casa,8,3,True,172,Moderado
Centro,Departamento,12,6,True,215,Ineficiente
Centro,Casa,17,4,True,274,Ineficiente
Centro,Casa,19,5,False,279,Moderado
Centro,Casa,9,2,True,189,Moderado
Centro,Casa,23,4,False,300,Moderado
Centro,Casa,22,5,True,289,Moderado
Centro,Casa,20,3,False,277,Moderado
Centro,Casa,21,4,True,316,Moderado
Sur,Casa,9,5,False,205,Eficiente
Norte,Casa,9,2,False,200,Eficiente
Sur,Casa,10,5,False,230,Eficiente
Sur,Casa,12,6,True,288,Ineficiente
Centro,Departamento,6,2,False,112,Eficiente
Centro,Casa,22,4,True,294,Moderado
Centro,Casa,19,3,False,236,Eficiente
Centro,Casa,16,2,True,275,Ineficiente
Centro,Casa,21,2,False,242,Eficiente
Centro,Casa,23,2,True,285,Moderado
Centro,Casa,18,5,True,250,Moderado
Centro,Casa,13,6,True,263,Ineficiente
Centro,Casa,17,3,True,279,Ineficiente
Centro,Casa,15,3,True,252,Moderado
Centro,Casa,23,6,True,300,Ineficiente
Norte,Casa,10,5,True,205,Moderado
Norte,Casa,9,5,False,219,Moderado
Centro,Casa,23,6,True,333,Ineficiente
Norte,Casa,16,6,False,251,Moderado
Norte,Departamento,5,4,True,161,Moderado
Centro,Departamento,13,5,False,144,Moderado
Norte,Casa,17,2,True,258,Moderado
Centro,Casa,20,3,True,287,Moderado
Centro,Casa,22,5,True,301,Ineficiente
Centro,Casa,11,6,False,210,Moderado
Centro,Casa,16,2,True,269,Moderado
Centro,Departamento,14,4,False,153,Eficiente
Centro,Casa,23,4,False,285,Eficiente
Centro,Departamento,10,2,True,151,Moderado
Centro,Casa,9,2,False,169,Eficiente
Norte,Casa,21,6,False,302,Moderado
Sur,Casa,10,6,True,239,Eficiente
Centro,Casa,11,3,True,203,Moderado
Centro,Casa,8,3,False,162,Eficiente
Centro,Casa,16,4,True,264,Moderado
Centro,Casa,24,2,False,300,Eficiente
Centro,Departamento,10,4,True,141,Eficiente
Centro,Casa,24,6,False,284,Moderado
Centro,Departamento,6,5,False,124,Eficiente
Norte,Departamento,5,6,False,141,Eficiente
Centro,Casa,23,5,True,319,Ineficiente
Centro,Casa,10,2,True,180,Moderado
Centro,Casa,19,2,True,263,Ineficiente
Norte,Departamento,6,2,True,148,Moderado
Centro,Casa,22,3,False,283,Eficiente
Sur,Casa,24,3,True,349,Moderado
Centro,Casa,14,5,True,239,Ineficiente
Centro,Casa,14,4,True,267,Moderado
Norte,Casa,12,4,True,238,Ineficiente
Centro,Casa,15,5,False,214,Eficiente
Centro,Casa,23,3,True,312,Moderado
Sur,Departamento,6,6,False,162,Moderado
Centro,Casa,22,5,True,305,Moderado
Centro,Departamento,10,4,True,209,Ineficiente
Centro,Casa,12,5,True,224,Moderado
Norte,Departamento,8,5,True,166,Ineficiente
Centro,Casa,17,2,True,249,Moderado
Centro,Casa,16,3,False,220,Eficiente
Sur,Casa,8,2,True,246,Moderado
Centro,Departamento,5,3,True,107,Moderado
Centro,Casa,15,5,False,283,Moderado
Centro,Departamento,4,3,True,113,Moderado
Centro,Departamento,13,4,False,181,Moderado
Sur,Casa,11,2,True,270,Moderado
Centro,Casa,18,5,True,279,Ineficiente
Centro,Casa,12,4,True,241,Ineficiente
Centro,Casa,17,3,True,260,Ineficiente
Centro,Departamento,5,3,True,147,Moderado
Centro,Casa,20,4,True,276,Ineficiente
Centro,Casa,12,3,False,185,Eficiente
Centro,Departamento,6,2,True,101,Eficiente
Norte,Casa,20,6,True,323,Ineficiente
Norte,Departamento,9,3,True,176,Moderado
Centro,Casa,22,5,True,311,Ineficiente
Centro,Casa,20,3,True,273,Moderado
Centro,Casa,8,5,True,230,Ineficiente
Centro,Casa,13,3,False,202,Eficiente
Centro,Casa,18,3,True,253,Moderado
Centro,Casa,20,5,True,282,Moderado
Centro,Casa,8,2,True,201,Ineficiente
Centro,Casa,18,6,True,339,Ineficiente
Centro,Casa,18,6,True,308,Ineficiente
Centro,Casa,15,2,True,215,Moderado
Centro,Casa,10,3,True,214,Ineficiente
Centro,Casa,19,6,True,272,Moderado
Centro,Casa,13,2,False,193,Eficiente
Centro,Casa,15,2,True,233,Moderado
Centro,Casa,12,6,False,212,Moderado
Norte,Casa,17,5,True,306,Ineficiente
Centro,Casa,23,4,False,275,Eficiente
Sur,Casa,19,5,False,301,Eficiente
Centro,Departamento,8,3,False,130,Eficiente
Centro,Casa,13,5,True,227,Moderado
Centro,Casa,16,4,True,246,Ineficiente
Norte,Casa,17,4,True,271,Moderado
Centro,Casa,21,2,True,295,Moderado
Centro,Departamento,14,3,True,190,Ineficiente
Centro,Casa,24,2,True,338,Ineficiente
Centro,Casa,23,5,True,295,Moderado
Centro,Casa,11,5,True,211,Ineficiente
Norte,Casa,9,6,True,216,Ineficiente
Sur,Casa,23,2,True,333,Ineficiente
Centro,Casa,8,2,True,180,Eficiente
Centro,Casa,10,2,True,197,Moderado
Centro,Casa,18,2,False,256,Eficiente
Centro,Casa,23,4,True,302,Ineficiente
Centro,Casa,22,6,False,276,Moderado
Norte,Casa,16,3,True,277,Moderado
Centro,Casa,19,3,False,251,Moderado
Norte,Departamento,11,3,True,212,Moderado
Centro,Casa,15,4,False,241,Eficiente
Centro,Departamento,12,6,True,208,Ineficiente
Centro,Casa,9,6,False,211,Moderado
Sur,Casa,15,4,True,276,Moderado
Centro,Casa,9,2,True,195,Moderado
Centro,Casa,8,5,True,208,Ineficiente
Centro,Casa,20,2,False,251,Eficiente
Centro,Casa,24,3,True,369,Moderado
Centro,Casa,10,2,False,201,Eficiente
Centro,Departamento,14,4,True,224,Ineficiente
Sur,Casa,12,3,True,258,Moderado
Sur,Casa,13,5,True,279,Moderado
Centro,Casa,11,3,False,207,Eficiente
Centro,Casa,24,2,True,333,Ineficiente
Centro,Casa,23,6,False,273,Moderado
Centro,Casa,23,6,True,306,Moderado
Centro,Departamento,7,6,True,160,Ineficiente
Centro,Casa,9,3,True,208,Moderado
Sur,Casa,24,6,True,378,Ineficiente
Centro,Casa,22,4,False,288,Eficiente
Centro,Departamento,8,5,True,175,Ineficiente
Centro,Casa,13,6,True,230,Ineficiente
Sur,Casa,23,4,False,317,Eficiente
Centro,Casa,12,4,True,202,Moderado
Centro,Casa,19,3,False,267,Eficiente
Centro,Casa,13,3,True,231,Moderado
Centro,Casa,21,5,False,248,Moderado
Centro,Casa,23,5,True,358,Ineficiente
Centro,Casa,14,2,True,182,Eficiente
Centro,Casa,9,5,True,211,Ineficiente
Centro,Casa,13,3,True,257,Ineficiente
Centro,Casa,16,4,False,222,Eficiente
Centro,Casa,14,2,True,236,Moderado
Centro,Casa,9,5,False,197,Eficiente
Centro,Casa,15,4,True,204,Moderado
Sur,Casa,18,3,True,284,Moderado
Centro,Departamento,6,6,True,155,Ineficiente
Centro,Departamento,8,2,True,149,Moderado
Centro,Casa,20,4,True,258,Moderado
Centro,Casa,12,3,True,223,Moderado
Centro,Casa,9,3,False,188,Eficiente
Centro,Casa,18,2,True,286,Ineficiente
Centro,Casa,8,2,True,195,Moderado
Centro,Casa,20,5,True,271,Moderado
Centro,Casa,12,5,False,220,Moderado
Norte,Casa,21,2,True,315,Moderado
Centro,Casa,20,2,False,246,Eficiente
Centro,Casa,14,4,True,235,Moderado
Norte,Casa,15,5,True,265,Moderado
Sur,Casa,14,3,True,290,Moderado
Centro,Departamento,9,5,True,170,Ineficiente
Centro,Departamento,11,5,False,168,Moderado
Centro,Casa,18,2,True,246,Moderado
Sur,Casa,8,2,True,232,Moderado
Centro,Casa,15,5,True,232,Ineficiente
Centro,Casa,8,6,True,199,Moderado
Centro,Casa,16,6,False,242,Eficiente
Sur,Casa,16,5,False,262,Eficiente
Centro,Casa,17,6,True,266,Ineficiente
Centro,Casa,18,5,True,291,Ineficiente
Centro,Casa,8,2,False,160,Eficiente
Centro,Casa,15,2,True,232,Moderado
Centro,Casa,19,2,False,225,Eficiente
Centro,Casa,8,3,True,185,Moderado
Centro,Departamento,9,2,True,157,Moderado
Norte,Casa,11,2,False,219,Eficiente
Norte,Casa,22,5,True,293,Moderado
Centro,Departamento,7,6,False,155,Moderado
Centro,Departamento,9,6,True,170,Ineficiente
Centro,Casa,12,2,True,217,Ineficiente
Centro,Departamento,5,2,True,144,Moderado
Centro,Casa,9,2,True,242,Moderado
Norte,Casa,11,5,False,232,Eficiente
Centro,Casa,16,5,True,252,Ineficiente
Centro,Casa,17,5,True,272,Ineficiente
Norte,Casa,22,6,False,312,Moderado
Centro,Casa,8,3,False,142,Eficiente
Centro,Casa,18,6,True,259,Moderado
Centro,Casa,21,5,True,305,Moderado
Centro,Casa,17,4,True,274,Ineficiente
Norte,Casa,23,3,False,303,Eficiente
Sur,Casa,15,2,True,293,Moderado
Centro,Casa,9,6,False,185,Moderado
Sur,Casa,14,3,True,299,Moderado
Norte,Departamento,8,4,True,217,Ineficiente
Sur,Casa,22,3,True,321,Moderado
Centro,Casa,15,6,True,234,Ineficiente
Centro,Casa,21,5,True,295,Ineficiente
Norte,Casa,8,2,True,228,Moderado
Centro,Casa,20,5,True,303,Moderado
Sur,Casa,10,5,True,262,Ineficiente
Centro,Casa,13,6,True,199,Moderado
Centro,Casa,22,5,True,290,Moderado
Sur,Departamento,6,5,False,189,Moderado
Centro,Casa,10,6,True,190,Moderado
Centro,Casa,11,6,False,207,Eficiente
Centro,Departamento,11,4,True,170,Moderado
Sur,Casa,17,5,True,322,Moderado
Norte,Casa,15,3,True,231,Moderado
Centro,Casa,19,2,False,236,Eficiente
Centro,Casa,10,2,True,208,Moderado
Centro,Casa,15,6,True,252,Ineficiente
Centro,Casa,8,6,False,198,Moderado
Sur,Casa,21,4,True,301,Moderado
Sur,Casa,20,5,True,307,Moderado
Norte,Casa,19,6,False,276,Moderado
Centro,Casa,10,6,False,206,Moderado
Norte,Casa,20,2,False,280,Eficiente
Centro,Departamento,7,5,False,137,Eficiente
Centro,Casa,17,4,True,245,Moderado
Sur,Casa,8,6,False,214,Eficiente
Centro,Casa,13,6,True,268,Ineficiente
Norte,Casa,16,6,True,327,Ineficiente
Norte,Casa,17,2,True,286,Moderado
Centro,Casa,22,6,False,290,Moderado
Centro,Departamento,6,6,False,108,Eficiente
Centro,Departamento,5,2,True,133,Ineficiente
Centro,Casa,18,6,True,247,Moderado
Sur,Casa,14,5,True,314,Moderado
Centro,Casa,9,5,False,199,Moderado
Centro,Casa,21,2,True,280,Ineficiente
Centro,Casa,13,5,True,217,Moderado
Centro,Casa,12,4,True,232,Moderado
Centro,Casa,12,6,False,183,Eficiente
Norte,Casa,13,4,False,224,Moderado
Sur,Casa,17,5,False,292,Moderado
Centro,Departamento,8,2,True,136,Moderado
Centro,Casa,24,2,False,277,Eficiente
Centro,Casa,10,4,True,261,Ineficiente
Norte,Casa,8,5,True,190,Moderado
Norte,Casa,17,6,False,253,Moderado
Centro,Casa,10,5,True,214,Ineficiente
Centro,Casa,12,5,False,198,Eficiente
Centro,Casa,17,2,True,263,Moderado
Centro,Casa,23,3,True,311,Ineficiente
Centro,Casa,8,6,True,211,Ineficiente
Centro,Casa,13,6,True,248,Ineficiente
Centro,Casa,16,2,True,211,Moderado
Sur,Departamento,9,5,True,222,Ineficiente
Centro,Casa,21,2,False,260,Eficiente
Centro,Casa,17,5,False,230,Eficiente
Centro,Casa,9,3,True,235,Moderado
Centro,Departamento,12,3,True,182,Moderado
Norte,Casa,8,4,True,225,Moderado
Centro,Casa,17,5,True,268,Ineficiente
Centro,Casa,16,2,True,213,Moderado
Centro,Casa,10,2,True,184,Moderado
Centro,Casa,22,2,True,283,Moderado
Centro,Casa,11,4,False,216,Moderado
Centro,Departamento,13,6,True,196,Ineficiente
Centro,Casa,13,2,True,230,Ineficiente
Centro,Casa,24,3,True,317,Moderado
Norte,Casa,12,2,True,223,Moderado
Centro,Casa,22,2,False,245,Eficiente
Centro,Departamento,5,2,True,116,Moderado
Centro,Casa,12,6,False,199,Eficiente
Centro,Casa,20,2,True,253,Eficiente
Centro,Casa,8,6,True,228,Ineficiente
Norte,Casa,8,6,False,217,Moderado
Centro,Casa,14,4,False,196,Eficiente
Centro,Casa,12,3,True,227,Moderado
Norte,Departamento,13,2,True,199,Moderado
Centro,Departamento,9,2,False,130,Eficiente
Centro,Casa,24,2,True,303,Moderado
Centro,Departamento,11,6,True,162,Moderado
Centro,Casa,14,5,True,208,Moderado
Centro,Casa,15,3,True,245,Moderado
Centro,Casa,20,2,True,267,Moderado
Centro,Casa,18,5,True,271,Moderado
Centro,Casa,16,5,False,224,Moderado
Centro,Casa,8,5,True,205,Ineficiente
Norte,Casa,15,3,True,231,Moderado
Norte,Casa,19,5,False,278,Eficiente
Centro,Casa,9,2,True,146,Eficiente
Sur,Casa,22,2,True,314,Moderado
Centro,Casa,24,4,False,278,Moderado
Norte,Casa,22,6,True,292,Moderado
Centro,Casa,16,5,True,287,Ineficiente
Centro,Casa,10,6,True,223,Ineficiente
Centro,Departamento,4,6,True,127,Ineficiente
Centro,Casa,8,6,False,223,Moderado
Centro,Casa,22,6,False,288,Moderado
Centro,Departamento,9,6,True,184,Ineficiente
Centro,Casa,19,2,False,238,Eficiente
Centro,Casa,13,3,True,219,Ineficiente
Centro,Casa,20,5,True,293,Ineficiente
Centro,Departamento,5,5,False,62,Eficiente
Sur,Casa,20,2,False,252,Eficiente
Sur,Casa,24,2,True,312,Moderado
Centro,Casa,8,6,False,137,Eficiente
Centro,Casa,12,3,True,232,Moderado
Sur,Casa,24,5,True,342,Moderado
Norte,Casa,14,4,True,285,Ineficiente
Centro,Casa,23,2,False,265,Eficiente
Centro,Departamento,9,4,True,148,Moderado
Centro,Casa,19,5,True,278,Ineficiente
Centro,Casa,21,2,True,300,Ineficiente
Centro,Departamento,9,5,True,164,Moderado
Norte,Casa,19,2,True,309,Moderado
Centro,Casa,20,5,False,283,Moderado
Centro,Casa,15,4,True,235,Moderado
Centro,Departamento,5,3,True,121,Eficiente
Centro,Casa,16,2,True,232,Moderado
Centro,Casa,9,4,False,155,Eficiente
Centro,Departamento,6,5,False,93,Eficiente
Centro,Casa,20,4,False,246,Eficiente
Centro,Departamento,11,2,True,119,Eficiente
Centro,Departamento,14,4,False,151,Eficiente
Norte,Casa,11,5,True,253,Ineficiente
Centro,Casa,19,6,True,256,Moderado
Centro,Casa,23,3,False,297,Moderado
Centro,Casa,17,3,False,242,Eficiente
Centro,Casa,10,6,False,233,Moderado
Centro,Casa,11,2,True,249,Moderado
Centro,Departamento,7,4,True,164,Ineficiente
Centro,Casa,12,4,False,188,Eficiente
Centro,Casa,10,6,True,187,Moderado
Centro,Departamento,10,6,True,151,Moderado
Sur,Departamento,13,5,False,251,Moderado
Centro,Casa,21,5,True,263,Moderado
Centro,Departamento,11,3,False,143,Eficiente
Centro,Casa,11,2,False,207,Eficiente
Centro,Departamento,12,2,True,157,Moderado
Centro,Casa,24,6,True,345,Ineficiente
Centro,Casa,20,3,True,274,Moderado
Centro,Casa,17,3,False,234,Eficiente
Centro,Casa,18,5,True,266,Ineficiente
Centro,Casa,13,4,True,213,Moderado
Centro,Casa,9,2,False,182,Eficiente
Centro,Casa,8,3,True,203,Moderado
Sur,Departamento,6,5,True,202,Ineficiente
Centro,Casa,23,5,False,302,Eficiente
Centro,Casa,10,5,False,182,Eficiente
Centro,Casa,12,4,True,236,Moderado
Centro,Casa,22,3,True,308,Moderado
Centro,Departamento,6,6,True,161,Ineficiente
Centro,Departamento,13,6,False,168,Moderado
Norte,Casa,11,5,True,250,Ineficiente
Sur,Casa,15,5,False,226,Eficiente
Centro,Casa,14,4,True,246,Moderado
Centro,Casa,24,5,True,291,Ineficiente
Centro,Departamento,12,3,True,180,Moderado
Centro,Casa,12,5,False,196,Moderado
Norte,Casa,20,5,True,307,Ineficiente
Centro,Casa,11,3,True,182,Eficiente
Centro,Casa,24,2,True,313,Moderado
Centro,Departamento,6,6,False,146,Moderado
Norte,Casa,21,5,True,293,Moderado
Centro,Casa,21,3,False,230,Eficiente
Centro,Casa,24,6,True,301,Ineficiente
Centro,Casa,15,4,False,236,Eficiente
Centro,Casa,9,2,False,167,Eficiente
Centro,Casa,20,5,True,282,Ineficiente
Centro,Casa,23,2,False,264,Eficiente
Centro,Casa,23,5,True,293,Moderado
Centro,Casa,13,5,False,218,Eficiente
Centro,Casa,11,5,True,253,Ineficiente
Centro,Casa,10,2,True,183,Moderado
Centro,Casa,13,4,True,244,Moderado
Centro,Casa,11,3,True,212,Moderado
Centro,Casa,13,3,True,225,Moderado
Centro,Casa,12,4,True,252,Moderado
Centro,Casa,16,4,True,273,Moderado
Centro,Casa,18,5,False,247,Eficiente
Centro,Casa,13,5,True,255,Ineficiente
Norte,Casa,23,3,False,257,Eficiente
Centro,Casa,18,5,False,203,Eficiente
Norte,Casa,22,5,True,306,Moderado
Centro,Casa,16,4,True,233,Moderado
Centro,Casa,16,2,True,238,Moderado
Centro,Departamento,4,6,False,137,Moderado
Centro,Casa,17,6,True,266,Moderado
Centro,Casa,16,5,False,252,Moderado
Norte,Casa,22,5,False,313,Moderado
Centro,Casa,9,6,False,154,Eficiente
Centro,Casa,17,4,True,274,Ineficiente
Centro,Casa,24,6,True,342,Ineficiente
Centro,Departamento,6,6,False,153,Moderado
Centro,Casa,24,6,False,292,Moderado
Sur,Departamento,11,5,False,200,Eficiente
Centro,Casa,9,5,True,212,Ineficiente
Centro,Casa,8,6,True,206,Ineficiente
Centro,Casa,18,5,True,252,Moderado
Sur,Casa,17,6,False,269,Eficiente
Sur,Casa,12,4,True,278,Ineficiente
Centro,Casa,23,5,True,305,Ineficiente
Centro,Casa,12,2,True,218,Moderado
Centro,Departamento,9,5,False,167,Moderado
Norte,Departamento,13,4,True,214,Moderado
Norte,Casa,13,4,True,230,Moderado
Centro,Casa,16,5,True,303,Ineficiente
Centro,Casa,19,3,True,264,Moderado
Norte,Casa,22,6,True,319,Moderado
Centro,Casa,23,6,True,319,Ineficiente
Centro,Casa,20,4,False,254,Eficiente
Centro,Casa,14,5,True,244,Ineficiente
Centro,Casa,11,3,False,178,Eficiente
Centro,Departamento,10,2,True,181,Ineficiente
Centro,Casa,15,6,True,279,Ineficiente
Centro,Departamento,9,3,True,196,Ineficiente
Centro,Casa,17,6,True,310,Ineficiente
Centro,Casa,14,5,True,205,Moderado
Centro,Casa,14,6,False,237,Moderado
Centro,Casa,11,2,True,185,Eficiente
Centro,Casa,10,5,False,218,Moderado
Centro,Casa,14,4,True,246,Ineficiente
Norte,Casa,11,3,False,194,Eficiente
Centro,Casa,20,6,False,244,Eficiente
Norte,Casa,24,5,True,322,Ineficiente
Centro,Casa,14,5,True,229,Moderado
Centro,Casa,24,6,False,322,Moderado
Centro,Casa,11,4,True,220,Moderado
Centro,Casa,18,6,True,258,Ineficiente
Sur,Casa,10,4,True,260,Ineficiente
Centro,Departamento,6,6,False,137,Eficiente
Centro,Casa,10,5,False,189,Eficiente
Centro,Casa,19,2,True,290,Moderado
Sur,Casa,8,2,False,215,Eficiente
Centro,Casa,11,5,True,234,Ineficiente
Centro,Casa,21,2,True,243,Moderado
Centro,Casa,8,4,False,167,Eficiente
Centro,Casa,21,5,True,308,Ineficiente
Centro,Casa,20,4,True,290,Moderado
Centro,Casa,20,5,True,289,Moderado
Centro,Casa,22,4,False,286,Moderado
Centro,Casa,24,4,False,295,Eficiente
Centro,Departamento,13,2,False,175,Eficiente
Centro,Casa,21,5,True,303,Moderado
Centro,Casa,19,6,True,301,Ineficiente
Centro,Casa,11,2,True,224,Moderado
Centro,Casa,21,4,True,290,Ineficiente
Norte,Departamento,4,4,True,152,Ineficiente
Centro,Casa,18,6,False,257,Moderado
Centro,Departamento,11,6,True,167,Ineficiente
Norte,Departamento,7,4,True,143,Moderado
Centro,Casa,19,6,False,273,Moderado
Centro,Casa,21,3,True,298,Moderado
Centro,Casa,22,2,False,263,Moderado
Norte,Departamento,4,5,True,165,Moderado
Sur,Casa,13,6,True,299,Ineficiente
Centro,Casa,21,6,False,285,Moderado
Centro,Casa,10,3,False,196,Eficiente
Centro,Casa,18,5,True,250,Moderado
Centro,Casa,24,3,True,340,Ineficiente
Centro,Casa,24,5,False,299,Eficiente
Norte,Departamento,6,2,True,175,Moderado
Centro,Departamento,10,6,False,171,Moderado
Centro,Departamento,4,2,True,102,Moderado
Centro,Casa,10,5,False,181,Eficiente
Centro,Casa,9,6,True,207,Moderado
Centro,Casa,24,3,True,330,Moderado
Centro,Casa,16,4,False,212,Eficiente
Centro,Casa,13,3,True,205,Moderado
Centro,Casa,16,4,False,240,Eficiente
Norte,Casa,12,3,True,279,Ineficiente
Centro,Departamento,4,5,True,121,Moderado
Centro,Casa,22,2,True,317,Moderado
Centro,Casa,16,4,False,246,Moderado
Sur,Casa,17,5,True,300,Ineficiente
Sur,Casa,11,2,True,225,Moderado
Sur,Casa,17,2,True,287,Moderado
Centro,Departamento,12,6,True,183,Ineficiente
Centro,Departamento,4,6,True,167,Ineficiente
Centro,Departamento,8,6,True,170,Ineficiente
Centro,Departamento,10,4,True,184,Ineficiente
Centro,Casa,11,4,True,231,Moderado
Centro,Casa,22,2,False,251,Eficiente
Sur,Casa,19,4,False,294,Moderado
Centro,Casa,23,2,True,316,Ineficiente
Sur,Casa,13,5,True,279,Ineficiente
Centro,Casa,16,3,True,246,Moderado
Centro,Casa,10,2,True,218,Ineficiente
Norte,Casa,15,2,False,208,Eficiente
Norte,Casa,14,5,True,223,Moderado
Centro,Casa,11,6,True,237,Moderado
Centro,Casa,20,6,False,290,Moderado
Centro,Casa,14,6,True,289,Ineficiente
Centro,Casa,17,2,True,257,Moderado
Centro,Casa,19,2,True,284,Moderado
Norte,Casa,10,4,True,261,Ineficiente
Centro,Casa,19,4,True,278,Ineficiente
Norte,Casa,22,3,False,276,Eficiente
Centro,Casa,15,3,True,230,Ineficiente
Centro,Casa,19,4,False,247,Moderado
Norte,Casa,13,2,True,274,Moderado
Centro,Casa,17,5,True,287,Ineficiente
Centro,Casa,9,4,True,203,Moderado
Centro,Casa,20,2,True,299,Moderado
Centro,Casa,14,4,True,252,Moderado
Centro,Casa,15,6,True,255,Ineficiente
Centro,Casa,23,4,True,309,Ineficiente
Sur,Casa,18,6,True,329,Moderado
Centro,Casa,11,2,True,214,Moderado
Centro,Casa,24,6,False,332,Moderado
Centro,Casa,23,4,True,303,Ineficiente
Centro,Casa,18,6,False,228,Eficiente
Sur,Casa,14,5,True,294,Moderado
Centro,Casa,20,6,True,289,Moderado
Centro,Casa,24,6,True,296,Moderado
Norte,Casa,20,3,False,288,Eficiente
Centro,Casa,19,5,False,185,Eficiente
Centro,Casa,14,2,False,213,Eficiente
Centro,Departamento,5,6,False,77,Eficiente
Centro,Casa,8,5,True,206,Moderado
Centro,Casa,21,2,False,268,Eficiente
Norte,Casa,22,5,False,313,Eficiente
Centro,Casa,18,3,True,282,Moderado
Centro,Casa,16,2,False,200,Eficiente
Centro,Casa,24,2,False,281,Eficiente
Centro,Casa,11,6,False,192,Moderado
Centro,Departamento,12,4,False,148,Eficiente
Centro,Casa,8,2,False,163,Eficiente
Centro,Casa,16,2,False,213,Eficiente
Centro,Departamento,8,3,True,135,Moderado
Centro,Casa,9,3,True,209,Ineficiente
Sur,Departamento,6,3,True,192,Ineficiente
Centro,Casa,22,6,True,291,Ineficiente
Norte,Departamento,12,2,True,195,Moderado
Centro,Casa,20,3,False,251,Eficiente
Centro,Casa,14,3,True,234,Ineficiente
Norte,Departamento,14,5,False,201,Moderado
Sur,Casa,19,5,False,303,Moderado
Sur,Casa,10,3,False,248,Moderado
Norte,Casa,22,6,True,331,Ineficiente
Sur,Casa,14,4,True,272,Moderado
Centro,Casa,8,5,True,205,Ineficiente
Centro,Casa,21,5,True,275,Ineficiente
Centro,Casa,23,2,False,253,Eficiente
Centro,Casa,17,2,True,262,Moderado
Centro,Casa,8,3,False,108,Eficiente
Centro,Casa,12,2,True,214,Moderado
Norte,Casa,10,2,True,243,Moderado
Centro,Casa,24,4,False,296,Moderado
Centro,Casa,23,6,True,333,Ineficiente
Centro,Casa,9,3,True,209,Moderado
Centro,Casa,22,4,False,313,Eficiente
Centro,Casa,20,3,True,255,Moderado
Centro,Casa,20,6,True,297,Ineficiente
Norte,Departamento,13,3,False,200,Moderado
Norte,Casa,15,2,False,226,Eficiente
Norte,Casa,18,6,True,324,Ineficiente
Centro,Casa,15,4,False,237,Moderado
Sur,Casa,17,4,True,274,Moderado
Norte,Departamento,11,5,True,214,Moderado
Sur,Casa,19,4,True,330,Moderado
Centro,Casa,16,5,True,294,Ineficiente
Centro,Departamento,8,2,True,147,Moderado
Centro,Casa,16,4,True,268,Ineficiente
Centro,Casa,23,6,True,321,Ineficiente
Norte,Casa,15,5,True,263,Ineficiente
Centro,Casa,18,4,False,239,Eficiente
Centro,Departamento,10,2,True,121,Eficiente
Centro,Departamento,4,6,False,108,Eficiente
Centro,Casa,20,6,False,301,Moderado
Norte,Casa,21,2,True,298,Moderado
Centro,Departamento,14,4,True,219,Ineficiente
Centro,Casa,11,3,True,221,Moderado
Centro,Casa,14,4,False,226,Moderado
Centro,Departamento,11,5,False,201,Moderado
Centro,Casa,23,5,False,277,Eficiente
Centro,Casa,20,4,True,276,Ineficiente
Centro,Casa,19,5,False,279,Moderado
Centro,Departamento,13,3,True,189,Moderado
Centro,Casa,22,3,False,263,Eficiente
Norte,Casa,10,6,True,264,Ineficiente
Norte,Casa,13,5,True,266,Moderado
Norte,Casa,21,4,False,283,Eficiente
Centro,Casa,13,6,False,214,Moderado
Centro,Casa,8,3,True,179,Moderado
Centro,Casa,13,6,False,190,Eficiente
Centro,Casa,15,2,True,262,Ineficiente
Norte,Departamento,9,5,True,184,Moderado
Centro,Casa,21,4,True,257,Ineficiente
Centro,Departamento,14,3,True,233,Ineficiente
Centro,Casa,23,6,False,292,Moderado
Norte,Casa,8,4,True,221,Ineficiente
Norte,Casa,11,5,True,215,Moderado
Sur,Casa,17,4,True,315,Ineficiente
Centro,Departamento,12,5,False,158,Eficiente
Centro,Casa,11,5,True,216,Moderado
Centro,Casa,22,5,False,287,Moderado
Centro,Casa,11,6,True,234,Ineficiente
Centro,Casa,23,5,False,266,Eficiente
Centro,Casa,22,4,True,270,Moderado
Norte,Casa,14,2,False,231,Eficiente
Centro,Casa,22,4,True,300,Moderado
Centro,Casa,18,6,True,333,Ineficiente
Centro,Casa,15,5,True,210,Moderado
Centro,Casa,8,2,False,168,Eficiente
Centro,Casa,10,6,False,167,Eficiente
Centro,Casa,12,3,False,190,Eficiente
Centro,Casa,19,3,True,264,Moderado
Centro,Casa,19,3,True,283,Moderado
Norte,Casa,16,2,True,278,Moderado
Centro,Casa,18,4,True,298,Moderado
Centro,Departamento,9,2,False,137,Eficiente
Norte,Casa,23,2,True,335,Ineficiente
Centro,Casa,11,2,True,239,Moderado
Centro,Departamento,7,3,True,154,Ineficiente
Centro,Departamento,9,4,False,166,Moderado
Centro,Casa,10,2,True,209,Moderado
Centro,Departamento,8,4,False,135,Eficiente
Centro,Casa,18,5,True,263,Ineficiente
Centro,Casa,12,2,False,201,Eficiente
Centro,Casa,14,2,True,239,Moderado
Sur,Casa,13,2,True,273,Moderado
Norte,Casa,20,5,False,307,Ineficiente
Sur,Casa,9,5,True,271,Ineficiente
Centro,Casa,18,3,False,211,Eficiente
Centro,Departamento,6,6,False,102,Eficiente
Sur,Departamento,11,4,True,224,Moderado
Centro,Casa,13,6,False,201,Eficiente
Centro,Departamento,13,2,False,159,Eficiente
Centro,Departamento,8,2,False,107,Eficiente
Norte,Casa,14,3,True,259,Moderado
Centro,Casa,12,6,True,218,Moderado
Centro,Casa,22,2,True,297,Moderado
Centro,Departamento,13,6,False,159,Moderado
Centro,Casa,23,3,False,278,Eficiente
Centro,Casa,16,6,True,233,Ineficiente
Centro,Casa,14,4,True,220,Ineficiente
Norte,Casa,18,3,False,275,Moderado
Centro,Casa,16,6,False,267,Moderado
Centro,Casa,24,2,False,296,Moderado
Centro,Casa,16,5,True,277,Ineficiente
Norte,Departamento,7,5,True,208,Ineficiente
Centro,Departamento,4,3,True,147,Ineficiente
Centro,Casa,23,5,True,280,Moderado
Centro,Departamento,9,4,False,162,Moderado
Sur,Casa,14,3,True,296,Moderado
Norte,Casa,20,2,False,232,Eficiente
Centro,Casa,10,2,True,191,Moderado
Norte,Departamento,12,3,True,235,Ineficiente
Centro,Departamento,6,5,True,149,Ineficiente
Centro,Casa,20,5,True,267,Moderado
Centro,Departamento,5,2,True,147,Moderado
Norte,Casa,14,4,True,257,Moderado
Centro,Casa,11,5,False,194,Eficiente
Centro,Casa,19,4,True,295,Ineficiente
Centro,Casa,24,5,False,301,Moderado
Centro,Casa,8,3,False,168,Eficiente
Centro,Departamento,14,6,False,194,Moderado
Centro,Casa,9,2,False,169,Eficiente
Centro,Casa,13,3,True,249,Ineficiente
Centro,Casa,19,5,True,254,Ineficiente
Centro,Casa,18,2,False,232,Eficiente
Centro,Departamento,12,6,True,190,Ineficiente
Centro,Casa,15,6,True,266,Ineficiente
Centro,Casa,14,5,False,200,Eficiente
Sur,Departamento,6,2,True,206,Moderado
Centro,Casa,23,5,False,271,Eficiente
Centro,Casa,19,6,True,309,Ineficiente
Centro,Casa,16,3,False,239,Eficiente
Centro,Casa,23,3,False,280,Eficiente
Centro,Casa,23,4,False,285,Moderado
Centro,Casa,16,6,True,229,Moderado
Norte,Departamento,8,6,True,180,Moderado
Centro,Departamento,8,5,True,231,Ineficiente
Centro,Casa,17,4,False,243,Eficiente
Norte,Casa,14,4,True,271,Moderado
Centro,Departamento,7,2,True,105,Moderado
Centro,Casa,21,5,True,292,Moderado
Centro,Casa,22,3,True,286,Moderado
Centro,Casa,20,2,True,260,Moderado
Centro,Departamento,8,4,False,147,Eficiente
Centro,Casa,21,3,True,278,Ineficiente
Centro,Casa,19,6,True,273,Ineficiente
Centro,Casa,13,5,True,211,Ineficiente
Centro,Departamento,6,4,False,99,Eficiente
Sur,Casa,20,6,True,315,Moderado
Norte,Departamento,14,4,True,216,Moderado
Centro,Casa,23,3,True,291,Ineficiente
Centro,Casa,9,2,False,160,Eficiente
Centro,Casa,14,3,True,204,Eficiente
Norte,Casa,19,5,True,282,Ineficiente
Centro,Departamento,5,5,True,147,Ineficiente
Centro,Casa,21,4,False,296,Moderado
Centro,Casa,16,3,True,284,Moderado
Centro,Casa,18,2,False,275,Moderado
Centro,Casa,23,5,True,316,Ineficiente
Centro,Casa,18,2,True,259,Moderado
Centro,Casa,18,6,False,268,Moderado
Centro,Departamento,10,4,True,167,Moderado
Sur,Casa,20,2,True,331,Moderado
Centro,Casa,11,4,True,218,Moderado
Centro,Casa,17,6,True,279,Ineficiente
Centro,Casa,12,2,False,179,Eficiente
Centro,Casa,10,2,False,199,Eficiente
Centro,Departamento,5,6,False,105,Moderado
Centro,Casa,15,3,False,207,Eficiente
Centro,Casa,14,2,False,201,Eficiente
Centro,Casa,21,2,False,240,Eficiente
Centro,Departamento,10,5,True,191,Ineficiente
Centro,Casa,24,3,True,310,Moderado
Centro,Casa,8,2,False,146,Eficiente
Centro,Casa,13,6,False,210,Moderado
Centro,Casa,22,4,False,276,Moderado
Centro,Casa,19,6,True,292,Ineficiente
Centro,Casa,9,3,True,183,Moderado
Norte,Casa,12,5,True,254,Ineficiente
Centro,Casa,16,5,True,274,Ineficiente
Centro,Departamento,12,5,False,162,Eficiente
Centro,Casa,15,6,True,239,Ineficiente
Centro,Casa,9,4,True,234,Moderado
Centro,Casa,16,4,True,269,Moderado
Centro,Casa,14,2,True,224,Moderado
Centro,Casa,23,4,True,307,Ineficiente
Centro,Casa,12,4,False,196,Eficiente
Centro,Casa,22,2,False,244,Eficiente
Centro,Casa,12,6,False,227,Moderado
Centro,Departamento,7,6,False,172,Moderado
Centro,Casa,21,3,False,280,Eficiente
Centro,Departamento,5,6,True,154,Moderado
Centro,Casa,17,5,True,262,Ineficiente
Centro,Casa,13,5,True,187,Moderado
Centro,Casa,10,3,True,241,Ineficiente
Centro,Casa,9,4,True,194,Ineficiente
Norte,Casa,20,3,True,316,Ineficiente
Sur,Casa,9,2,True,256,Moderado
Centro,Departamento,11,3,False,170,Eficiente
Centro,Departamento,10,3,False,117,Eficiente
Centro,Casa,22,5,True,323,Ineficiente
Norte,Casa,24,2,False,288,Eficiente
Norte,Casa,9,2,False,191,Eficiente
Centro,Casa,22,3,True,291,Moderado
Centro,Casa,10,2,False,167,Eficiente
Centro,Departamento,6,2,True,131,Moderado
Centro,Casa,18,6,True,283,Ineficiente
Centro,Casa,16,2,True,228,Moderado
Centro,Casa,12,4,True,196,Moderado
Norte,Casa,8,2,True,228,Moderado
Centro,Casa,21,5,True,302,Ineficiente
Centro,Casa,12,6,False,176,Eficiente
Norte,Casa,15,5,False,258,Eficiente
Norte,Casa,21,5,False,288,Moderado
Centro,Casa,23,4,False,254,Moderado
Centro,Departamento,11,6,False,156,Eficiente
Centro,Casa,15,3,True,252,Moderado
Centro,Casa,9,2,False,153,Eficiente
Centro,Casa,16,4,False,211,Eficiente
Centro,Casa,12,4,True,217,Moderado
Norte,Casa,12,3,True,225,Moderado
Sur,Departamento,11,4,True,199,Moderado
Centro,Casa,23,3,True,278,Moderado
Norte,Casa,23,3,True,329,Moderado
Centro,Casa,23,3,True,282,Moderado
Centro,Casa,14,4,False,239,Eficiente
Centro,Departamento,4,3,True,171,Ineficiente
Centro,Departamento,4,4,True,129,Moderado
Centro,Casa,15,6,True,300,Ineficiente
Sur,Casa,8,3,False,221,Eficiente
Centro,Casa,14,4,False,221,Eficiente
Centro,Departamento,9,4,True,166,Ineficiente
Sur,Casa,15,4,True,250,Moderado
Norte,Departamento,10,2,True,175,Eficiente
Sur,Casa,18,2,False,253,Eficiente
Sur,Casa,22,3,False,326,Moderado
Centro,Casa,16,6,False,276,Moderado
Centro,Departamento,4,3,True,132,Moderado
Centro,Departamento,10,5,True,185,Ineficiente
Centro,Casa,13,5,True,260,Ineficiente
Sur,Casa,16,6,False,284,Moderado
Centro,Casa,9,6,True,242,Ineficiente
Centro,Casa,11,6,False,254,Ineficiente
Centro,Casa,8,2,False,194,Eficiente
Centro,Casa,18,2,False,223,Eficiente
Centro,Departamento,11,5,True,203,Ineficiente
Centro,Casa,15,6,True,246,Ineficiente
Centro,Departamento,4,4,False,103,Eficiente
Centro,Casa,12,5,False,241,Eficiente
Sur,Casa,18,6,True,301,Moderado
Centro,Casa,19,4,False,245,Moderado
Centro,Casa,16,6,True,289,Ineficiente
Centro,Casa,20,3,True,262,Moderado
Centro,Casa,10,4,True,176,Moderado
Centro,Casa,20,3,False,225,Eficiente
Sur,Casa,18,2,False,263,Eficiente
Centro,Casa,18,5,True,275,Ineficiente
Centro,Casa,14,6,True,246,Ineficiente
Norte,Departamento,9,5,True,182,Moderado
Centro,Departamento,4,6,False,119,Moderado
Centro,Casa,21,3,True,277,Moderado
Norte,Casa,8,4,False,182,Eficiente
Centro,Casa,18,4,False,250,Eficiente
Centro,Departamento,4,6,False,120,Eficiente
Norte,Casa,8,3,False,211,Eficiente
Centro,Casa,9,6,True,258,Ineficiente
Centro,Casa,16,6,False,199,Eficiente
Centro,Casa,20,6,True,305,Ineficiente
Sur,Casa,12,4,True,272,Ineficiente
Centro,Casa,16,6,True,292,Ineficiente
Centro,Casa,20,4,True,274,Ineficiente
Sur,Casa,12,2,False,226,Eficiente
Centro,Casa,22,3,False,243,Eficiente
Centro,Casa,14,2,True,253,Moderado
Norte,Departamento,14,6,True,235,Ineficiente
Centro,Casa,23,4,True,328,Ineficiente
Centro,Departamento,10,3,True,161,Moderado
Centro,Casa,9,5,False,174,Eficiente
Centro,Casa,23,3,True,315,Moderado
Centro,Departamento,6,3,True,135,Moderado
Sur,Casa,11,6,True,284,Moderado
Centro,Departamento,7,2,True,154,Moderado
Norte,Casa,13,2,True,248,Moderado
Centro,Departamento,6,5,True,139,Ineficiente
Centro,Casa,10,6,True,232,Ineficiente
Centro,Casa,11,3,True,201,Ineficiente
Sur,Casa,8,2,True,232,Moderado
Centro,Departamento,14,2,True,226,Ineficiente
Centro,Departamento,12,4,False,188,Eficiente
Centro,Departamento,12,3,False,148,Eficiente
Centro,Departamento,6,6,False,137,Moderado
Centro,Casa,17,2,True,243,Ineficiente
Centro,Casa,17,6,True,279,Ineficiente
Centro,Casa,19,3,True,254,Moderado
Centro,Casa,23,3,True,287,Moderado
Centro,Casa,13,2,True,263,Moderado
Centro,Casa,17,5,True,271,Ineficiente
Centro,Casa,22,6,True,300,Moderado
Centro,Casa,16,6,True,224,Moderado
Centro,Casa,9,4,False,186,Eficiente
Centro,Casa,19,3,True,316,Moderado
Centro,Casa,10,3,True,198,Moderado
Centro,Casa,14,2,True,225,Eficiente
Centro,Casa,16,2,False,222,Eficiente
Centro,Casa,15,2,False,202,Eficiente
Sur,Casa,13,4,True,320,Ineficiente
Norte,Casa,8,5,False,220,Moderado
Norte,Casa,21,2,True,315,Moderado
Centro,Casa,23,2,False,313,Eficiente
Centro,Casa,23,2,False,305,Eficiente
Centro,Casa,11,4,False,198,Moderado
Centro,Casa,13,6,False,215,Eficiente
Centro,Departamento,6,5,True,146,Ineficiente
Sur,Departamento,12,6,True,228,Ineficiente
Centro,Casa,8,3,True,191,Eficiente
Centro,Casa,20,3,False,244,Eficiente
Norte,Casa,20,2,True,272,Moderado
Centro,Casa,21,6,True,253,Moderado
Centro,Departamento,14,4,True,223,Ineficiente
Centro,Casa,14,5,True,194,Moderado
Centro,Casa,11,6,True,239,Ineficiente
Centro,Casa,24,6,True,342,Ineficiente
Centro,Departamento,10,5,True,188,Ineficiente
Sur,Casa,17,6,True,311,Ineficiente
Norte,Casa,13,6,False,245,Moderado
Centro,Casa,11,5,True,218,Ineficiente
Centro,Casa,18,4,True,269,Moderado
Centro,Casa,20,5,True,283,Ineficiente
Norte,Casa,15,2,True,246,Moderado
Centro,Departamento,6,2,True,160,Moderado
Centro,Departamento,7,2,False,136,Moderado
Centro,Departamento,4,2,True,120,Moderado
Centro,Casa,22,3,True,294,Moderado
Centro,Departamento,14,4,True,188,Moderado
Sur,Casa,8,3,True,243,Moderado
Centro,Casa,15,6,True,257,Ineficiente
Centro,Casa,10,6,False,193,Eficiente
Norte,Casa,8,5,False,206,Eficiente
Centro,Casa,23,2,True,297,Moderado
Centro,Casa,16,5,True,245,Ineficiente
Sur,Casa,24,6,True,380,Ineficiente
Centro,Departamento,5,2,True,149,Moderado
Centro,Casa,13,4,True,222,Moderado
Centro,Casa,14,6,True,316,Ineficiente
Centro,Casa,23,5,False,267,Moderado
Centro,Casa,15,5,True,267,Moderado
Centro,Casa,17,6,True,285,Moderado
Norte,Casa,21,3,True,321,Ineficiente
Norte,Casa,18,4,False,300,Moderado
Centro,Casa,9,6,True,212,Moderado
Centro,Casa,19,6,True,288,Ineficiente
Centro,Departamento,4,5,True,146,Ineficiente
Centro,Casa,22,2,False,230,Moderado
Centro,Casa,19,2,True,270,Moderado
Centro,Departamento,5,2,True,138,Moderado
Sur,Casa,15,5,False,255,Eficiente
Norte,Casa,23,2,True,359,Moderado
Centro,Departamento,9,6,True,183,Ineficiente
Centro,Casa,20,3,True,265,Ineficiente
Centro,Casa,19,3,True,261,Moderado
Centro,Casa,9,3,True,187,Moderado
Centro,Casa,8,2,False,150,Eficiente
Centro,Casa,15,3,True,251,Moderado
Norte,Casa,16,2,False,250,Eficiente
Centro,Casa,15,6,False,244,Moderado
Centro,Casa,24,6,False,311,Moderado
Centro,Casa,16,5,True,270,Ineficiente
Norte,Casa,13,5,True,304,Ineficiente
Centro,Casa,22,4,False,292,Moderado
Centro,Casa,20,6,False,249,Moderado
Centro,Casa,19,2,False,243,Eficiente
Norte,Departamento,7,4,True,151,Moderado
Norte,Casa,14,6,True,273,Ineficiente
Centro,Casa,21,2,False,228,Eficiente
Norte,Casa,18,6,False,271,Moderado
Centro,Casa,21,6,True,299,Ineficiente
Sur,Departamento,8,2,False,139,Eficiente
Centro,Casa,9,6,True,218,Ineficiente
Centro,Departamento,8,6,True,163,Moderado
Norte,Casa,17,6,False,247,Eficiente
Centro,Casa,15,5,True,273,Moderado
Norte,Casa,12,3,False,212,Eficiente
Centro,Departamento,14,6,False,210,Moderado
Sur,Casa,20,2,True,319,Ineficiente
Norte,Casa,23,6,False,303,Eficiente
Centro,Casa,12,5,False,189,Eficiente
Centro,Casa,23,5,False,262,Eficiente
Sur,Departamento,6,6,True,200,Moderado
Norte,Casa,16,4,True,284,Moderado
Centro,Casa,19,3,False,231,Moderado
Norte,Casa,15,2,True,235,Moderado
Centro,Casa,20,2,True,288,Ineficiente
Centro,Departamento,13,2,True,200,Moderado
Centro,Casa,21,2,True,265,Moderado
Centro,Casa,23,5,False,282,Eficiente
Centro,Departamento,9,3,False,148,Eficiente
Centro,Casa,19,6,False,240,Eficiente
Norte,Casa,22,6,False,286,Eficiente
Centro,Casa,19,4,False,269,Moderado
Sur,Casa,16,6,True,289,Ineficiente
Centro,Casa,8,3,False,172,Eficiente
Centro,Departamento,6,6,True,158,Ineficiente
Centro,Casa,19,5,True,259,Ineficiente
Norte,Casa,20,6,True,334,Ineficiente
Centro,Departamento,9,2,True,126,Eficiente
Norte,Casa,17,2,True,279,Moderado
Centro,Casa,17,2,True,244,Moderado
Norte,Casa,23,2,True,318,Moderado
Centro,Departamento,8,5,True,161,Ineficiente
Centro,Casa,23,5,True,288,Moderado
Centro,Casa,11,5,True,221,Ineficiente
Centro,Departamento,11,6,True,201,Ineficiente
Sur,Casa,9,2,True,233,Moderado
Norte,Casa,17,4,False,249,Moderado
Norte,Departamento,11,4,False,137,Eficiente
Centro,Casa,8,2,False,148,Eficiente
Centro,Casa,22,3,True,279,Moderado
Centro,Departamento,4,6,False,134,Moderado
Centro,Casa,23,4,True,298,Ineficiente
Centro,Casa,20,5,True,300,Ineficiente
Centro,Departamento,11,3,True,161,Moderado
Centro,Departamento,6,5,True,110,Moderado
Centro,Casa,11,3,False,211,Eficiente
Centro,Casa,8,3,False,155,Eficiente
Centro,Casa,14,6,False,246,Moderado
Centro,Casa,18,5,True,271,Moderado
Centro,Casa,17,5,False,271,Moderado
Centro,Casa,8,4,False,239,Moderado
Centro,Casa,18,2,True,269,Moderado
Centro,Casa,17,2,False,201,Eficiente
Centro,Casa,21,4,True,302,Moderado
Centro,Casa,21,3,True,294,Moderado
Centro,Casa,14,4,True,218,Ineficiente
Centro,Casa,18,4,False,232,Eficiente
Centro,Casa,11,5,True,218,Ineficiente
Centro,Casa,9,4,True,215,Moderado
Centro,Casa,14,3,True,219,Moderado
Centro,Casa,21,2,True,261,Moderado
Centro,Departamento,7,6,True,140,Ineficiente
Norte,Casa,19,4,True,260,Moderado
Centro,Departamento,5,4,True,152,Ineficiente
Norte,Casa,22,5,True,325,Ineficiente
Norte,Casa,12,5,True,269,Moderado
Sur,Departamento,4,4,False,133,Eficiente
Sur,Casa,21,4,False,292,Eficiente
Norte,Casa,11,3,True,243,Moderado
Centro,Casa,14,2,True,250,Moderado
Centro,Casa,14,2,False,227,Eficiente
Centro,Casa,21,6,True,279,Ineficiente
Centro,Casa,15,2,False,233,Eficiente
Sur,Casa,19,6,True,358,Ineficiente
Centro,Casa,17,5,True,277,Ineficiente
Centro,Departamento,8,6,False,169,Moderado
Centro,Casa,16,6,False,252,Moderado
Centro,Casa,13,2,True,203,Moderado
Sur,Departamento,9,4,True,226,Moderado
Centro,Casa,8,5,False,188,Moderado
Centro,Casa,8,3,True,175,Moderado
Centro,Casa,24,6,False,286,Moderado
Centro,Casa,18,6,True,289,Ineficiente
Norte,Casa,19,6,True,355,Ineficiente
Centro,Casa,10,4,True,250,Ineficiente
Centro,Departamento,5,3,True,95,Moderado
Centro,Casa,18,2,True,261,Ineficiente
Centro,Casa,20,5,True,319,Moderado
Centro,Casa,18,4,True,262,Ineficiente
Norte,Casa,15,3,False,229,Eficiente
Centro,Departamento,8,5,False,130,Eficiente
Centro,Casa,9,2,False,189,Eficiente
Sur,Casa,21,5,False,319,Moderado
Centro,Departamento,9,6,True,188,Ineficiente
Centro,Casa,24,6,False,294,Moderado
