consumo_kwh,uso_horario_pico,cantidad_equipos,tipo_inmueble,horas_alto_consumo,categoria
611,False,15,Casa,11,Ineficiente
354,False,8,Departamento,9,Ineficiente
449,False,13,Departamento,10,Ineficiente
616,True,13,Casa,11,Ineficiente
646,True,18,Casa,7,Ineficiente
524,True,12,Casa,6,Ineficiente
694,False,23,Casa,3,Moderado
375,True,7,Departamento,12,Ineficiente
288,False,6,Departamento,10,Ineficiente
455,False,14,Departamento,7,Moderado
718,True,22,Casa,9,Ineficiente
367,False,11,Departamento,10,Moderado
317,False,4,Departamento,10,Ineficiente
600,True,12,Casa,9,Ineficiente
632,True,16,Casa,11,Ineficiente
704,True,22,Casa,9,Ineficiente
442,True,10,Casa,4,Moderado
464,False,13,Casa,4,Moderado
715,False,24,Casa,3,Moderado
528,True,15,Casa,2,Moderado
387,True,9,Departamento,5,Ineficiente
533,True,13,Casa,3,Moderado
584,True,15,Casa,3,Ineficiente
679,True,17,Casa,12,Ineficiente
568,True,10,Casa,12,Ineficiente
373,True,9,Departamento,6,Ineficiente
651,False,21,Casa,5,Moderado
560,False,17,Casa,2,Eficiente
761,True,19,Casa,10,Ineficiente
484,False,13,Casa,5,Moderado
409,False,13,Departamento,6,Moderado
695,False,21,Casa,8,Moderado
458,True,9,Casa,3,Moderado
412,False,9,Departamento,9,Ineficiente
385,False,8,Departamento,12,Ineficiente
279,True,6,Departamento,3,Moderado
855,True,24,Casa,12,Ineficiente
519,False,10,Casa,11,Ineficiente
311,False,7,Departamento,6,Moderado
576,False,19,Casa,3,Eficiente
511,False,14,Casa,3,Moderado
481,True,11,Casa,5,Ineficiente
599,True,17,Casa,5,Ineficiente
330,True,8,Departamento,9,Ineficiente
430,False,9,Casa,7,Moderado
444,True,8,Departamento,11,Ineficiente
552,True,11,Casa,9,Ineficiente
488,False,12,Casa,8,Moderado
529,False,9,Casa,11,Moderado
650,True,19,Casa,5,Ineficiente
457,True,13,Departamento,3,Ineficiente
448,True,9,Departamento,10,Ineficiente
311,True,7,Departamento,3,Ineficiente
421,False,14,Departamento,2,Moderado
613,True,15,Casa,9,Ineficiente
348,False,8,Departamento,11,Ineficiente
701,False,19,Casa,10,Ineficiente
527,False,16,Casa,2,Eficiente
537,True,9,Casa,8,Ineficiente
573,True,15,Casa,3,Moderado
694,True,18,Casa,7,Ineficiente
574,True,11,Casa,12,Ineficiente
383,False,12,Departamento,6,Moderado
678,True,23,Casa,2,Moderado
501,False,15,Casa,3,Moderado
439,True,11,Casa,3,Ineficiente
687,True,17,Casa,11,Ineficiente
467,False,12,Departamento,11,Ineficiente
689,True,21,Casa,7,Ineficiente
500,True,13,Departamento,12,Ineficiente
327,True,9,Departamento,2,Moderado
660,True,14,Casa,12,Ineficiente
485,False,14,Casa,5,Moderado
479,True,8,Departamento,11,Ineficiente
346,True,5,Departamento,12,Ineficiente
328,True,7,Departamento,6,Ineficiente
254,False,5,Departamento,3,Moderado
647,True,19,Casa,3,Moderado
704,True,19,Casa,8,Ineficiente
629,True,17,Casa,8,Ineficiente
342,True,7,Departamento,7,Ineficiente
309,True,9,Departamento,2,Moderado
518,True,13,Casa,4,Moderado
680,True,17,Casa,10,Ineficiente
625,True,15,Casa,11,Ineficiente
459,True,13,Casa,2,Moderado
381,False,12,Departamento,3,Moderado
419,False,12,Departamento,9,Ineficiente
403,True,8,Departamento,8,Ineficiente
771,True,23,Casa,10,Ineficiente
651,False,17,Casa,11,Ineficiente
398,False,10,Departamento,5,Ineficiente
392,True,12,Departamento,5,Ineficiente
582,False,17,Casa,8,Moderado
362,True,12,Departamento,2,Moderado
753,True,18,Casa,11,Ineficiente
481,False,9,Casa,10,Moderado
528,False,15,Casa,3,Eficiente
409,False,14,Casa,2,Eficiente
620,True,15,Casa,8,Ineficiente
463,True,8,Casa,7,Ineficiente
371,True,8,Departamento,4,Ineficiente
681,True,22,Casa,2,Moderado
450,True,8,Casa,6,Moderado
424,True,6,Departamento,11,Ineficiente
508,True,9,Casa,5,Ineficiente
534,True,10,Casa,6,Ineficiente
215,False,4,Departamento,2,Eficiente
487,False,15,Casa,2,Eficiente
664,True,19,Casa,6,Ineficiente
624,True,17,Casa,7,Ineficiente
754,True,24,Casa,6,Ineficiente
373,False,14,Departamento,3,Eficiente
458,True,11,Departamento,10,Ineficiente
333,False,6,Departamento,6,Ineficiente
431,False,10,Departamento,12,Ineficiente
368,True,5,Departamento,12,Ineficiente
649,True,20,Casa,6,Moderado
409,False,10,Departamento,11,Ineficiente
581,True,11,Casa,10,Ineficiente
403,False,14,Departamento,4,Moderado
296,False,7,Departamento,6,Moderado
741,True,23,Casa,6,Ineficiente
389,False,8,Casa,3,Eficiente
703,False,19,Casa,12,Ineficiente
440,False,9,Casa,5,Moderado
412,True,7,Departamento,12,Ineficiente
501,True,12,Departamento,12,Ineficiente
497,True,12,Casa,3,Moderado
646,False,20,Casa,6,Moderado
540,False,10,Casa,11,Ineficiente
542,True,15,Casa,3,Moderado
714,True,19,Casa,11,Ineficiente
506,True,9,Casa,10,Ineficiente
392,False,11,Departamento,11,Moderado
595,False,19,Casa,7,Moderado
642,False,20,Casa,9,Ineficiente
419,False,12,Departamento,10,Ineficiente
661,False,19,Casa,9,Moderado
271,False,7,Departamento,6,Moderado
307,True,5,Departamento,6,Ineficiente
601,True,14,Casa,7,Ineficiente
545,False,19,Casa,2,Eficiente
745,False,23,Casa,12,Ineficiente
589,True,15,Casa,9,Ineficiente
545,True,16,Casa,3,Moderado
407,True,8,Departamento,7,Ineficiente
593,True,12,Casa,10,Ineficiente
706,True,20,Casa,4,Moderado
478,True,12,Casa,3,Moderado
530,True,12,Departamento,11,Ineficiente
604,True,17,Casa,6,Ineficiente
691,False,20,Casa,12,Ineficiente
721,True,16,Casa,10,Ineficiente
424,True,12,Departamento,7,Ineficiente
788,True,22,Casa,9,Ineficiente
468,True,12,Departamento,9,Ineficiente
448,True,13,Departamento,8,Ineficiente
506,False,15,Casa,6,Moderado
318,False,10,Departamento,3,Moderado
744,True,22,Casa,11,Ineficiente
503,True,13,Departamento,11,Ineficiente
295,True,7,Departamento,6,Ineficiente
538,False,13,Casa,8,Moderado
401,False,8,Casa,8,Moderado
503,True,12,Departamento,12,Ineficiente
525,False,18,Casa,3,Eficiente
668,False,19,Casa,8,Moderado
447,False,12,Casa,7,Moderado
702,False,23,Casa,8,Moderado
509,False,14,Departamento,12,Ineficiente
721,True,20,Casa,9,Ineficiente
705,True,24,Casa,5,Ineficiente
432,False,14,Casa,2,Eficiente
407,False,10,Departamento,9,Ineficiente
664,False,20,Casa,9,Moderado
274,True,6,Departamento,4,Ineficiente
511,True,11,Casa,4,Ineficiente
328,True,7,Departamento,6,Ineficiente
690,True,23,Casa,4,Ineficiente
601,True,17,Casa,6,Ineficiente
631,False,19,Casa,9,Moderado
293,True,8,Departamento,2,Ineficiente
306,False,9,Departamento,3,Moderado
733,True,23,Casa,3,Ineficiente
251,False,7,Departamento,5,Eficiente
364,True,6,Departamento,10,Ineficiente
573,False,19,Casa,3,Moderado
616,True,12,Casa,12,Ineficiente
569,True,10,Casa,10,Ineficiente
553,True,12,Casa,8,Ineficiente
351,True,5,Departamento,11,Ineficiente
420,False,11,Departamento,9,Ineficiente
262,False,10,Departamento,2,Eficiente
578,False,20,Casa,6,Moderado
636,False,14,Casa,10,Ineficiente
373,False,13,Departamento,5,Moderado
287,False,9,Departamento,3,Moderado
386,True,8,Departamento,7,Ineficiente
315,True,7,Departamento,3,Ineficiente
287,True,4,Departamento,4,Ineficiente
682,True,17,Casa,9,Ineficiente
490,True,13,Casa,4,Moderado
374,True,9,Departamento,3,Ineficiente
304,False,6,Departamento,7,Moderado
554,True,14,Casa,4,Ineficiente
567,True,16,Casa,2,Moderado
326,False,13,Departamento,4,Eficiente
494,False,12,Casa,7,Moderado
529,False,17,Casa,4,Moderado
661,True,18,Casa,10,Ineficiente
300,True,4,Departamento,8,Ineficiente
453,True,12,Departamento,6,Ineficiente
684,True,22,Casa,3,Moderado
383,True,6,Departamento,10,Ineficiente
611,True,17,Casa,6,Ineficiente
647,False,19,Casa,8,Moderado
440,True,10,Departamento,10,Ineficiente
444,True,12,Departamento,5,Ineficiente
444,True,9,Departamento,10,Ineficiente
361,False,13,Departamento,2,Moderado
650,True,19,Casa,7,Ineficiente
449,True,9,Casa,3,Moderado
557,True,11,Casa,9,Ineficiente
535,True,12,Casa,6,Moderado
461,True,10,Casa,4,Ineficiente
362,True,11,Departamento,3,Ineficiente
685,True,18,Casa,9,Ineficiente
336,False,9,Departamento,8,Ineficiente
402,True,8,Departamento,10,Ineficiente
366,False,8,Departamento,9,Ineficiente
778,True,21,Casa,12,Ineficiente
474,True,11,Casa,5,Ineficiente
576,True,16,Casa,3,Ineficiente
691,True,20,Casa,3,Moderado
323,True,7,Departamento,3,Ineficiente
688,True,17,Casa,12,Ineficiente
730,False,23,Casa,7,Moderado
466,False,12,Departamento,8,Ineficiente
521,False,12,Casa,7,Moderado
281,True,8,Departamento,3,Ineficiente
418,True,11,Departamento,5,Ineficiente
406,True,10,Departamento,4,Ineficiente
544,False,14,Casa,12,Ineficiente
760,True,24,Casa,5,Moderado
445,True,13,Departamento,6,Ineficiente
508,False,10,Casa,8,Moderado
479,True,12,Departamento,10,Ineficiente
405,True,6,Departamento,12,Ineficiente
351,True,9,Departamento,3,Moderado
802,True,24,Casa,9,Ineficiente
493,False,13,Casa,4,Moderado
422,True,10,Departamento,10,Ineficiente
757,False,24,Casa,11,Ineficiente
592,True,16,Casa,5,Ineficiente
521,True,11,Casa,4,Ineficiente
316,False,4,Departamento,11,Ineficiente
410,True,11,Departamento,7,Ineficiente
786,True,24,Casa,11,Ineficiente
651,True,15,Casa,10,Ineficiente
427,True,11,Departamento,8,Ineficiente
268,False,5,Departamento,5,Ineficiente
516,False,15,Casa,4,Eficiente
782,False,23,Casa,11,Ineficiente
285,False,8,Departamento,5,Moderado
426,True,11,Departamento,4,Ineficiente
325,True,6,Departamento,4,Ineficiente
442,False,13,Departamento,10,Ineficiente
634,False,22,Casa,5,Moderado
773,True,20,Casa,10,Ineficiente
434,True,10,Departamento,11,Ineficiente
422,True,11,Departamento,6,Ineficiente
339,True,5,Departamento,8,Ineficiente
469,True,14,Departamento,6,Ineficiente
486,True,11,Casa,2,Ineficiente
437,True,10,Casa,3,Moderado
526,False,13,Departamento,12,Ineficiente
367,False,12,Departamento,6,Moderado
414,False,13,Departamento,7,Ineficiente
421,True,12,Departamento,8,Ineficiente
333,True,7,Departamento,3,Ineficiente
820,True,22,Casa,11,Ineficiente
829,True,23,Casa,10,Ineficiente
573,True,12,Casa,7,Ineficiente
622,False,22,Casa,3,Moderado
713,True,24,Casa,3,Ineficiente
455,False,12,Casa,4,Moderado
553,False,20,Casa,2,Moderado
672,False,20,Casa,10,Ineficiente
732,False,21,Casa,11,Ineficiente
565,True,11,Casa,12,Ineficiente
400,False,11,Casa,5,Moderado
311,True,7,Departamento,6,Ineficiente
658,False,19,Casa,8,Moderado
478,True,14,Casa,2,Moderado
623,True,19,Casa,4,Ineficiente
345,True,9,Departamento,4,Ineficiente
449,True,9,Casa,3,Moderado
366,True,6,Departamento,9,Ineficiente
543,True,12,Casa,6,Ineficiente
526,False,17,Casa,2,Eficiente
563,True,17,Casa,3,Ineficiente
579,True,16,Casa,2,Ineficiente
256,True,4,Departamento,7,Ineficiente
536,True,14,Departamento,10,Ineficiente
407,True,5,Departamento,12,Ineficiente
660,False,17,Casa,8,Ineficiente
604,True,17,Casa,6,Ineficiente
376,True,11,Departamento,4,Ineficiente
624,True,15,Casa,9,Ineficiente
520,True,8,Casa,11,Ineficiente
757,True,24,Casa,5,Moderado
585,False,14,Casa,10,Moderado
316,True,6,Departamento,6,Ineficiente
316,True,5,Departamento,7,Ineficiente
312,True,4,Departamento,6,Ineficiente
777,True,24,Casa,11,Ineficiente
554,False,12,Casa,12,Ineficiente
624,True,15,Casa,8,Ineficiente
548,True,13,Casa,8,Ineficiente
459,False,18,Casa,2,Eficiente
307,True,5,Departamento,3,Ineficiente
375,False,10,Departamento,8,Ineficiente
681,True,20,Casa,9,Ineficiente
462,True,13,Departamento,5,Ineficiente
394,False,12,Departamento,7,Moderado
642,False,18,Casa,12,Ineficiente
358,True,4,Departamento,11,Ineficiente
447,False,11,Casa,4,Moderado
667,True,19,Casa,8,Ineficiente
675,True,17,Casa,12,Ineficiente
365,True,11,Departamento,4,Ineficiente
551,True,8,Casa,12,Ineficiente
516,False,14,Casa,8,Moderado
783,True,23,Casa,12,Ineficiente
769,True,21,Casa,12,Ineficiente
406,False,9,Departamento,9,Ineficiente
286,True,5,Departamento,4,Ineficiente
691,True,22,Casa,3,Ineficiente
565,True,13,Casa,7,Ineficiente
471,True,8,Casa,5,Ineficiente
500,False,8,Casa,9,Moderado
630,True,20,Casa,3,Moderado
485,True,10,Casa,5,Ineficiente
546,False,17,Casa,3,Moderado
428,True,13,Departamento,3,Ineficiente
382,True,11,Departamento,3,Ineficiente
480,False,15,Casa,2,Eficiente
484,True,10,Casa,5,Ineficiente
475,True,13,Departamento,3,Ineficiente
606,True,13,Casa,10,Ineficiente
397,True,10,Departamento,10,Ineficiente
423,True,8,Departamento,12,Ineficiente
749,True,20,Casa,12,Ineficiente
454,False,9,Casa,8,Moderado
335,True,6,Departamento,7,Ineficiente
534,True,13,Casa,4,Ineficiente
668,False,20,Casa,8,Ineficiente
427,True,14,Departamento,2,Moderado
631,False,16,Casa,10,Moderado
699,True,24,Casa,5,Moderado
312,True,5,Departamento,7,Ineficiente
546,False,14,Casa,7,Moderado
701,True,17,Casa,12,Ineficiente
275,False,8,Departamento,4,Moderado
579,True,16,Casa,5,Moderado
447,True,10,Departamento,12,Ineficiente
391,True,5,Departamento,11,Ineficiente
408,True,9,Casa,4,Moderado
449,False,11,Casa,7,Moderado
666,False,24,Casa,2,Moderado
537,False,12,Casa,9,Ineficiente
565,True,14,Casa,9,Ineficiente
532,True,14,Departamento,10,Ineficiente
720,False,24,Casa,7,Moderado
533,True,14,Casa,2,Moderado
365,False,12,Departamento,4,Moderado
549,True,15,Casa,2,Moderado
408,True,10,Departamento,6,Ineficiente
457,False,11,Casa,4,Moderado
476,False,13,Casa,3,Eficiente
253,False,6,Departamento,4,Moderado
353,True,5,Departamento,10,Ineficiente
438,True,8,Departamento,12,Ineficiente
435,True,9,Departamento,9,Ineficiente
422,True,10,Departamento,4,Ineficiente
780,True,21,Casa,12,Ineficiente
461,False,12,Casa,3,Eficiente
445,True,11,Departamento,6,Ineficiente
304,True,7,Departamento,2,Ineficiente
358,True,10,Departamento,5,Ineficiente
613,False,18,Casa,9,Moderado
494,True,10,Casa,2,Ineficiente
226,False,4,Departamento,6,Moderado
418,False,8,Casa,5,Moderado
321,False,9,Departamento,7,Moderado
336,False,6,Departamento,8,Moderado
704,False,22,Casa,10,Ineficiente
387,True,12,Departamento,2,Ineficiente
391,True,6,Departamento,12,Ineficiente
731,True,19,Casa,11,Ineficiente
443,True,13,Departamento,5,Ineficiente
738,False,24,Casa,7,Moderado
365,True,4,Departamento,11,Ineficiente
447,False,8,Casa,8,Moderado
455,True,11,Departamento,8,Ineficiente
766,True,22,Casa,9,Ineficiente
574,False,14,Casa,11,Moderado
457,True,12,Departamento,9,Ineficiente
724,False,21,Casa,9,Moderado
577,False,14,Casa,9,Moderado
443,True,10,Departamento,9,Ineficiente
388,True,10,Departamento,7,Moderado
590,True,15,Casa,10,Ineficiente
230,False,5,Departamento,4,Moderado
569,True,14,Casa,7,Ineficiente
507,True,11,Casa,6,Ineficiente
563,False,13,Casa,9,Moderado
351,True,6,Departamento,5,Ineficiente
403,False,12,Departamento,5,Moderado
378,False,9,Departamento,11,Ineficiente
329,False,4,Departamento,12,Ineficiente
499,False,10,Casa,11,Ineficiente
486,True,12,Casa,6,Moderado
720,False,21,Casa,12,Ineficiente
558,True,11,Casa,7,Ineficiente
632,True,14,Casa,12,Ineficiente
351,True,7,Departamento,5,Ineficiente
381,False,9,Casa,3,Eficiente
577,False,18,Casa,3,Moderado
619,False,21,Casa,4,Moderado
309,True,5,Departamento,3,Ineficiente
368,False,14,Departamento,2,Moderado
492,False,11,Casa,9,Ineficiente
704,False,22,Casa,6,Moderado
424,True,9,Departamento,11,Ineficiente
526,True,14,Casa,2,Moderado
412,True,9,Departamento,10,Ineficiente
420,True,8,Departamento,9,Ineficiente
553,True,12,Casa,5,Moderado
678,True,19,Casa,9,Ineficiente
524,True,13,Departamento,11,Ineficiente
590,True,13,Casa,8,Ineficiente
734,True,19,Casa,12,Ineficiente
462,False,10,Departamento,12,Ineficiente
476,True,11,Departamento,8,Ineficiente
345,True,11,Departamento,2,Ineficiente
439,True,10,Departamento,7,Ineficiente
659,True,19,Casa,5,Ineficiente
770,False,24,Casa,11,Ineficiente
487,True,12,Departamento,11,Ineficiente
591,True,14,Casa,11,Ineficiente
639,False,16,Casa,12,Ineficiente
350,True,9,Departamento,3,Ineficiente
588,True,9,Casa,11,Ineficiente
558,True,13,Casa,8,Ineficiente
558,True,13,Casa,10,Ineficiente
602,False,20,Casa,6,Eficiente
554,True,9,Casa,9,Ineficiente
602,False,19,Casa,6,Moderado
726,False,22,Casa,8,Moderado
493,True,14,Departamento,8,Ineficiente
384,True,8,Departamento,10,Ineficiente
559,True,12,Casa,4,Ineficiente
327,True,7,Departamento,2,Moderado
456,True,10,Casa,3,Moderado
659,True,17,Casa,7,Ineficiente
352,True,4,Departamento,11,Ineficiente
684,False,19,Casa,11,Moderado
417,True,6,Departamento,10,Ineficiente
642,False,24,Casa,4,Moderado
421,False,11,Departamento,11,Ineficiente
641,True,20,Casa,3,Ineficiente
549,True,14,Departamento,12,Ineficiente
435,True,11,Casa,2,Moderado
311,True,6,Departamento,3,Ineficiente
516,True,14,Casa,4,Ineficiente
741,True,24,Casa,8,Ineficiente
300,True,7,Departamento,3,Ineficiente
535,False,12,Casa,6,Ineficiente
370,True,7,Departamento,3,Ineficiente
361,True,6,Departamento,8,Ineficiente
731,True,20,Casa,11,Ineficiente
436,True,10,Departamento,9,Ineficiente
559,True,11,Casa,9,Ineficiente
370,False,7,Departamento,9,Ineficiente
526,True,10,Casa,11,Ineficiente
592,True,11,Casa,10,Ineficiente
223,True,5,Departamento,2,Moderado
390,True,13,Departamento,2,Ineficiente
790,True,23,Casa,11,Ineficiente
281,True,5,Departamento,3,Moderado
730,True,19,Casa,12,Ineficiente
603,True,15,Casa,7,Ineficiente
630,True,20,Casa,2,Ineficiente
476,True,11,Casa,6,Ineficiente
709,True,21,Casa,6,Moderado
658,False,21,Casa,5,Moderado
466,True,8,Departamento,12,Ineficiente
308,False,5,Departamento,6,Moderado
377,True,11,Departamento,2,Moderado
622,True,11,Casa,12,Ineficiente
659,True,15,Casa,12,Ineficiente
318,True,7,Departamento,7,Ineficiente
391,True,7,Departamento,8,Ineficiente
803,True,24,Casa,9,Ineficiente
244,False,6,Departamento,3,Moderado
374,False,10,Departamento,8,Ineficiente
348,True,6,Departamento,7,Ineficiente
400,True,8,Departamento,10,Ineficiente
453,False,13,Departamento,9,Ineficiente
716,False,22,Casa,12,Ineficiente
346,True,9,Departamento,5,Ineficiente
312,False,7,Departamento,10,Ineficiente
505,True,10,Casa,2,Moderado
732,True,19,Casa,12,Ineficiente
575,True,12,Casa,7,Ineficiente
360,False,10,Departamento,9,Ineficiente
365,False,7,Departamento,12,Ineficiente
717,False,20,Casa,12,Ineficiente
629,True,16,Casa,5,Ineficiente
580,False,20,Casa,3,Eficiente
386,True,6,Departamento,12,Ineficiente
233,True,4,Departamento,3,Moderado
363,True,5,Departamento,11,Ineficiente
387,True,8,Casa,2,Moderado
551,True,15,Casa,6,Ineficiente
749,True,23,Casa,7,Ineficiente
636,False,20,Casa,5,Eficiente
338,True,9,Departamento,5,Ineficiente
272,True,4,Departamento,6,Ineficiente
259,False,5,Departamento,6,Moderado
433,True,7,Departamento,10,Ineficiente
534,True,14,Casa,9,Ineficiente
303,False,4,Departamento,10,Ineficiente
407,True,11,Departamento,4,Moderado
310,False,10,Departamento,4,Moderado
440,True,10,Casa,2,Moderado
610,False,15,Casa,11,Ineficiente
652,True,18,Casa,7,Ineficiente
373,True,7,Departamento,5,Ineficiente
363,True,4,Departamento,12,Ineficiente
734,True,20,Casa,9,Ineficiente
219,False,4,Departamento,3,Moderado
333,False,4,Departamento,12,Ineficiente
504,False,16,Casa,3,Moderado
508,True,9,Casa,8,Ineficiente
242,False,4,Departamento,6,Moderado
593,True,19,Casa,2,Moderado
390,True,7,Departamento,8,Ineficiente
542,True,14,Casa,8,Ineficiente
400,True,5,Departamento,11,Ineficiente
588,False,20,Casa,7,Moderado
625,True,18,Casa,5,Ineficiente
492,True,12,Departamento,9,Ineficiente
692,False,21,Casa,12,Ineficiente
480,False,13,Casa,3,Moderado
477,False,13,Casa,3,Moderado
315,True,7,Departamento,3,Ineficiente
364,True,10,Departamento,4,Ineficiente
433,True,12,Departamento,7,Ineficiente
499,True,15,Casa,2,Moderado
557,False,12,Casa,12,Ineficiente
690,False,24,Casa,3,Moderado
464,False,8,Casa,11,Ineficiente
666,True,22,Casa,3,Moderado
479,False,12,Casa,2,Moderado
495,False,14,Casa,4,Eficiente
537,True,14,Departamento,11,Ineficiente
570,True,12,Casa,8,Ineficiente
525,False,17,Casa,2,Moderado
438,True,10,Departamento,8,Ineficiente
602,False,17,Casa,6,Moderado
377,True,5,Departamento,10,Ineficiente
323,False,9,Departamento,3,Moderado
323,False,14,Departamento,2,Eficiente
749,True,23,Casa,10,Ineficiente
393,False,11,Departamento,9,Ineficiente
537,True,10,Casa,11,Ineficiente
472,True,9,Casa,7,Ineficiente
501,True,9,Casa,6,Ineficiente
435,True,10,Departamento,9,Ineficiente
592,False,16,Casa,9,Moderado
680,False,23,Casa,6,Moderado
482,True,14,Departamento,8,Ineficiente
514,True,14,Casa,2,Ineficiente
699,True,20,Casa,5,Ineficiente
551,False,20,Casa,3,Moderado
615,False,14,Casa,11,Ineficiente
656,True,17,Casa,4,Ineficiente
696,True,22,Casa,2,Ineficiente
354,True,5,Departamento,12,Ineficiente
592,True,12,Casa,12,Ineficiente
423,False,9,Casa,3,Moderado
342,True,10,Departamento,2,Moderado
709,False,23,Casa,9,Ineficiente
373,False,12,Departamento,5,Moderado
471,False,14,Casa,4,Moderado
418,False,11,Casa,2,Eficiente
385,False,10,Casa,3,Eficiente
590,False,18,Casa,4,Moderado
415,True,8,Casa,4,Moderado
564,True,13,Casa,7,Ineficiente
689,True,18,Casa,11,Ineficiente
461,False,8,Casa,9,Moderado
601,True,14,Casa,7,Ineficiente
522,True,13,Casa,3,Moderado
641,True,21,Casa,3,Moderado
443,False,9,Casa,8,Moderado
371,True,8,Departamento,2,Ineficiente
616,True,18,Casa,2,Moderado
326,True,5,Departamento,8,Ineficiente
457,False,14,Departamento,10,Moderado
461,True,10,Casa,6,Ineficiente
533,True,12,Departamento,12,Ineficiente
232,False,7,Departamento,2,Eficiente
487,True,8,Casa,6,Ineficiente
733,True,18,Casa,12,Ineficiente
292,True,5,Departamento,2,Moderado
475,True,10,Departamento,11,Ineficiente
476,False,9,Casa,10,Ineficiente
647,True,19,Casa,5,Ineficiente
671,True,17,Casa,10,Ineficiente
445,False,12,Casa,3,Eficiente
353,False,11,Departamento,8,Moderado
389,True,9,Casa,3,Moderado
485,True,9,Casa,5,Ineficiente
287,False,6,Departamento,7,Moderado
566,False,17,Casa,3,Eficiente
613,True,19,Casa,3,Ineficiente
351,False,12,Departamento,3,Moderado
324,True,6,Departamento,4,Ineficiente
751,True,22,Casa,6,Ineficiente
591,True,13,Casa,10,Ineficiente
717,True,23,Casa,7,Ineficiente
827,True,24,Casa,10,Ineficiente
549,True,10,Casa,11,Ineficiente
610,True,17,Casa,6,Ineficiente
595,True,12,Casa,12,Ineficiente
689,True,21,Casa,7,Ineficiente
756,True,20,Casa,11,Ineficiente
508,False,13,Casa,9,Moderado
637,True,19,Casa,4,Moderado
512,False,15,Casa,3,Moderado
494,True,12,Casa,4,Moderado
520,True,12,Departamento,10,Ineficiente
765,True,23,Casa,7,Ineficiente
328,False,6,Departamento,11,Ineficiente
418,True,12,Departamento,5,Ineficiente
615,True,12,Casa,11,Ineficiente
475,True,10,Casa,4,Ineficiente
667,False,22,Casa,3,Moderado
634,False,20,Casa,5,Moderado
361,True,5,Departamento,10,Ineficiente
635,True,18,Casa,5,Ineficiente
557,True,9,Casa,6,Ineficiente
561,True,13,Casa,9,Ineficiente
487,True,13,Casa,3,Moderado
399,False,9,Departamento,12,Ineficiente
607,False,18,Casa,4,Moderado
537,True,15,Casa,7,Moderado
301,True,6,Departamento,8,Ineficiente
375,True,10,Departamento,5,Ineficiente
574,True,14,Casa,2,Ineficiente
575,True,13,Casa,8,Ineficiente
605,True,15,Casa,10,Ineficiente
559,True,15,Casa,2,Moderado
688,True,21,Casa,2,Ineficiente
622,False,23,Casa,2,Eficiente
676,True,16,Casa,11,Ineficiente
740,True,22,Casa,8,Ineficiente
411,True,6,Departamento,12,Ineficiente
767,True,23,Casa,10,Ineficiente
461,False,11,Casa,4,Moderado
688,False,20,Casa,9,Ineficiente
372,True,5,Departamento,10,Ineficiente
459,False,14,Casa,4,Eficiente
545,True,16,Casa,4,Moderado
232,False,7,Departamento,2,Eficiente
277,True,5,Departamento,3,Ineficiente
452,True,11,Departamento,8,Ineficiente
680,True,23,Casa,4,Moderado
538,False,13,Casa,8,Ineficiente
492,True,14,Departamento,6,Ineficiente
374,False,7,Departamento,11,Ineficiente
629,True,16,Casa,9,Ineficiente
622,False,20,Casa,6,Moderado
692,True,24,Casa,4,Moderado
515,False,14,Departamento,10,Ineficiente
622,True,15,Casa,8,Ineficiente
492,True,12,Casa,6,Ineficiente
632,False,17,Casa,8,Moderado
612,False,14,Casa,12,Ineficiente
667,False,17,Casa,11,Ineficiente
549,True,11,Casa,10,Ineficiente
314,True,6,Departamento,6,Ineficiente
698,True,21,Casa,8,Ineficiente
603,True,9,Casa,12,Ineficiente
640,True,16,Casa,10,Ineficiente
389,True,8,Casa,2,Moderado
549,False,17,Casa,5,Eficiente
521,False,17,Casa,2,Moderado
571,True,10,Casa,9,Ineficiente
533,True,13,Casa,4,Moderado
545,True,13,Casa,3,Moderado
347,False,10,Departamento,5,Moderado
546,True,9,Casa,12,Ineficiente
310,True,8,Departamento,4,Ineficiente
644,True,12,Casa,12,Ineficiente
421,True,10,Departamento,6,Ineficiente
307,False,4,Departamento,9,Ineficiente
499,False,8,Casa,11,Ineficiente
479,True,8,Casa,9,Ineficiente
827,True,24,Casa,12,Ineficiente
467,False,8,Casa,8,Moderado
456,True,10,Departamento,9,Ineficiente
337,False,9,Departamento,6,Moderado
425,False,8,Departamento,11,Ineficiente
525,False,10,Casa,11,Ineficiente
394,True,4,Departamento,12,Ineficiente
384,True,5,Departamento,12,Ineficiente
616,False,19,Casa,7,Moderado
737,True,20,Casa,9,Ineficiente
295,True,6,Departamento,2,Ineficiente
481,True,8,Casa,7,Ineficiente
405,True,11,Departamento,7,Ineficiente
549,False,10,Casa,12,Ineficiente
359,True,9,Departamento,6,Ineficiente
693,False,23,Casa,5,Moderado
466,False,15,Casa,2,Eficiente
781,True,23,Casa,12,Ineficiente
356,True,4,Departamento,11,Ineficiente
510,False,14,Departamento,12,Ineficiente
772,True,23,Casa,9,Ineficiente
666,False,22,Casa,7,Moderado
301,False,7,Departamento,4,Moderado
620,True,18,Casa,4,Ineficiente
332,False,8,Departamento,7,Moderado
733,True,22,Casa,8,Ineficiente
532,True,11,Casa,9,Ineficiente
624,False,18,Casa,6,Moderado
531,False,12,Casa,11,Ineficiente
379,True,6,Departamento,7,Ineficiente
608,True,20,Casa,2,Moderado
643,True,17,Casa,7,Ineficiente
356,True,5,Departamento,10,Ineficiente
536,True,9,Casa,11,Ineficiente
574,True,14,Casa,5,Ineficiente
512,True,12,Departamento,11,Ineficiente
389,False,14,Departamento,2,Eficiente
614,True,14,Casa,12,Ineficiente
469,True,13,Departamento,10,Ineficiente
381,False,14,Departamento,5,Moderado
571,False,19,Casa,3,Moderado
528,False,14,Casa,2,Moderado
353,True,9,Departamento,4,Ineficiente
509,True,12,Departamento,8,Ineficiente
604,True,12,Casa,12,Ineficiente
406,True,7,Departamento,11,Ineficiente
429,True,13,Departamento,3,Moderado
519,True,9,Casa,10,Ineficiente
682,True,16,Casa,12,Ineficiente
490,True,14,Casa,3,Moderado
239,False,5,Departamento,6,Moderado
508,True,11,Casa,9,Ineficiente
710,False,20,Casa,11,Moderado
290,True,4,Departamento,9,Ineficiente
426,True,11,Departamento,4,Ineficiente
703,True,23,Casa,3,Moderado
522,True,13,Departamento,10,Ineficiente
690,True,23,Casa,4,Ineficiente
395,False,12,Departamento,9,Ineficiente
443,False,12,Casa,3,Eficiente
643,True,18,Casa,4,Ineficiente
419,True,11,Departamento,2,Ineficiente
572,False,12,Casa,12,Ineficiente
494,True,11,Casa,7,Moderado
396,True,10,Departamento,8,Ineficiente
419,True,14,Departamento,5,Ineficiente
192,False,4,Departamento,2,Eficiente
312,True,7,Departamento,4,Ineficiente
649,True,16,Casa,10,Ineficiente
452,True,9,Casa,6,Moderado
497,True,11,Casa,7,Ineficiente
649,True,19,Casa,5,Ineficiente
298,False,9,Departamento,2,Moderado
683,True,22,Casa,6,Moderado
580,True,14,Casa,6,Ineficiente
772,True,24,Casa,6,Ineficiente
386,True,12,Departamento,7,Ineficiente
671,False,16,Casa,12,Ineficiente
676,True,21,Casa,3,Moderado
724,True,24,Casa,2,Moderado
389,True,13,Departamento,3,Ineficiente
558,True,9,Casa,11,Ineficiente
395,True,8,Departamento,7,Ineficiente
389,False,13,Departamento,6,Moderado
714,True,21,Casa,6,Ineficiente
396,False,12,Departamento,7,Moderado
468,False,14,Departamento,11,Ineficiente
425,False,13,Departamento,8,Moderado
765,True,22,Casa,10,Ineficiente
495,True,9,Casa,8,Ineficiente
188,False,4,Departamento,3,Eficiente
509,False,12,Casa,7,Moderado
377,False,8,Departamento,10,Ineficiente
316,True,4,Departamento,8,Ineficiente
302,True,9,Departamento,3,Moderado
485,False,14,Casa,4,Moderado
709,True,21,Casa,9,Ineficiente
512,True,10,Departamento,12,Ineficiente
339,True,4,Departamento,10,Ineficiente
513,True,12,Casa,5,Moderado
377,True,7,Departamento,10,Ineficiente
393,True,12,Departamento,3,Moderado
713,True,17,Casa,12,Ineficiente
595,True,18,Casa,6,Ineficiente
826,True,24,Casa,12,Ineficiente
484,True,12,Casa,3,Moderado
714,False,20,Casa,12,Ineficiente
368,True,10,Departamento,2,Ineficiente
587,True,16,Casa,6,Moderado
633,False,24,Casa,3,Moderado
432,False,8,Casa,8,Ineficiente
583,True,11,Casa,9,Ineficiente
363,True,9,Departamento,3,Ineficiente
619,True,16,Casa,8,Ineficiente
667,True,21,Casa,5,Ineficiente
200,False,5,Departamento,2,Eficiente
545,False,13,Casa,12,Ineficiente
573,False,17,Casa,4,Moderado
809,True,22,Casa,12,Ineficiente
457,True,11,Casa,2,Moderado
691,False,24,Casa,6,Moderado
677,True,19,Casa,9,Ineficiente
509,True,14,Casa,2,Moderado
381,False,10,Departamento,10,Ineficiente
613,True,18,Casa,4,Ineficiente
714,True,21,Casa,6,Ineficiente
345,False,6,Departamento,10,Ineficiente
602,True,17,Casa,6,Ineficiente
502,True,13,Departamento,10,Ineficiente
753,True,20,Casa,11,Ineficiente
445,True,12,Departamento,9,Ineficiente
758,True,23,Casa,8,Ineficiente
653,True,13,Casa,12,Ineficiente
622,True,20,Casa,2,Moderado
199,False,5,Departamento,5,Eficiente
680,True,21,Casa,10,Ineficiente
483,False,8,Casa,11,Moderado
571,True,12,Casa,9,Ineficiente
236,False,4,Departamento,5,Moderado
623,True,19,Casa,2,Moderado
438,True,11,Departamento,11,Ineficiente
581,False,19,Casa,5,Moderado
519,True,12,Casa,4,Ineficiente
563,True,12,Casa,7,Ineficiente
742,True,20,Casa,12,Ineficiente
524,False,16,Casa,6,Moderado
631,True,17,Casa,6,Ineficiente
254,True,4,Departamento,3,Ineficiente
446,True,10,Casa,4,Moderado
681,True,19,Casa,12,Ineficiente
523,True,10,Casa,7,Ineficiente
553,True,16,Casa,3,Moderado
471,True,9,Casa,5,Ineficiente
464,True,10,Casa,3,Ineficiente
669,False,21,Casa,10,Moderado
338,False,10,Departamento,4,Moderado
444,False,13,Departamento,11,Ineficiente
591,True,14,Casa,11,Ineficiente
585,False,19,Casa,7,Moderado
384,True,12,Departamento,2,Ineficiente
671,False,16,Casa,12,Ineficiente
540,True,9,Casa,11,Ineficiente
625,True,16,Casa,4,Ineficiente
523,True,13,Departamento,9,Ineficiente
427,True,11,Departamento,6,Ineficiente
743,False,22,Casa,9,Ineficiente
434,False,9,Casa,3,Eficiente
685,False,20,Casa,8,Moderado
307,True,5,Departamento,10,Ineficiente
551,True,12,Casa,8,Ineficiente
581,True,17,Casa,4,Moderado
405,False,10,Departamento,8,Ineficiente
651,True,17,Casa,9,Ineficiente
401,False,13,Departamento,2,Moderado
457,True,9,Casa,4,Ineficiente
532,True,12,Casa,6,Ineficiente
526,False,14,Casa,7,Moderado
314,True,7,Departamento,4,Ineficiente
283,True,4,Departamento,5,Ineficiente
305,True,5,Departamento,6,Ineficiente
416,False,10,Casa,4,Moderado
428,True,13,Departamento,5,Ineficiente
686,True,18,Casa,6,Ineficiente
762,True,24,Casa,3,Moderado
391,True,7,Departamento,11,Ineficiente
728,True,19,Casa,10,Ineficiente
788,True,24,Casa,11,Ineficiente
497,False,11,Casa,9,Moderado
418,False,9,Casa,7,Moderado
726,True,18,Casa,11,Ineficiente
608,False,14,Casa,12,Ineficiente
471,True,9,Casa,4,Ineficiente
419,True,6,Departamento,12,Ineficiente
303,True,8,Departamento,3,Moderado
710,True,21,Casa,8,Ineficiente
706,True,19,Casa,9,Ineficiente
692,True,18,Casa,11,Ineficiente
495,False,15,Casa,2,Eficiente
471,True,9,Casa,7,Ineficiente
391,False,9,Departamento,8,Ineficiente
676,True,16,Casa,10,Ineficiente
593,True,15,Casa,4,Ineficiente
513,True,12,Casa,3,Ineficiente
613,True,18,Casa,6,Ineficiente
400,False,10,Departamento,11,Ineficiente
214,False,6,Departamento,2,Eficiente
592,True,15,Casa,7,Ineficiente
318,False,4,Departamento,10,Ineficiente
547,False,14,Casa,11,Ineficiente
412,True,9,Departamento,10,Ineficiente
465,True,13,Departamento,8,Ineficiente
527,False,12,Casa,12,Moderado
490,True,8,Casa,8,Ineficiente
695,False,22,Casa,9,Moderado
818,True,23,Casa,11,Ineficiente
246,True,4,Departamento,3,Moderado
682,True,19,Casa,7,Ineficiente
589,True,15,Casa,6,Ineficiente
217,False,6,Departamento,6,Moderado
409,True,14,Departamento,4,Ineficiente
518,True,12,Casa,4,Ineficiente
724,False,24,Casa,7,Moderado
591,True,12,Casa,11,Ineficiente
806,True,22,Casa,11,Ineficiente
361,True,6,Departamento,8,Ineficiente
452,True,8,Casa,2,Moderado
555,True,18,Casa,4,Moderado
456,True,8,Casa,2,Ineficiente
685,True,18,Casa,11,Ineficiente
310,False,9,Departamento,4,Eficiente
462,True,12,Departamento,6,Ineficiente
564,True,14,Casa,10,Ineficiente
430,True,8,Casa,4,Moderado
771,False,23,Casa,11,Ineficiente
405,True,8,Departamento,11,Ineficiente
386,False,8,Departamento,10,Ineficiente
519,True,13,Casa,2,Ineficiente
368,False,10,Departamento,7,Moderado
423,True,8,Departamento,10,Ineficiente
538,False,13,Casa,6,Moderado
520,True,12,Departamento,12,Ineficiente
589,False,13,Casa,11,Ineficiente
564,True,17,Casa,3,Moderado
619,True,16,Casa,6,Ineficiente
551,True,15,Casa,2,Moderado
654,False,17,Casa,10,Moderado
293,False,5,Departamento,11,Moderado
637,True,13,Casa,11,Ineficiente
351,True,6,Departamento,10,Ineficiente
621,True,13,Casa,7,Ineficiente
573,False,14,Casa,12,Ineficiente
632,False,19,Casa,10,Moderado
420,False,10,Casa,4,Moderado
429,True,11,Departamento,5,Ineficiente
706,False,23,Casa,7,Moderado
553,False,14,Casa,5,Moderado
531,True,15,Casa,2,Moderado
390,True,9,Departamento,8,Ineficiente
414,True,12,Departamento,6,Ineficiente
437,True,11,Departamento,9,Ineficiente
618,True,16,Casa,10,Ineficiente
696,True,22,Casa,6,Ineficiente
484,True,9,Casa,9,Ineficiente
646,True,20,Casa,2,Moderado
468,True,9,Casa,2,Moderado
508,True,9,Casa,8,Ineficiente
447,False,10,Casa,7,Moderado
569,True,13,Casa,6,Ineficiente
468,True,14,Departamento,6,Ineficiente
696,True,17,Casa,10,Ineficiente
434,False,13,Casa,2,Eficiente
402,False,12,Departamento,9,Ineficiente
731,True,24,Casa,3,Ineficiente
321,False,7,Departamento,8,Moderado
604,True,14,Casa,7,Ineficiente
598,False,16,Casa,11,Moderado
317,True,7,Departamento,3,Ineficiente
404,True,11,Departamento,4,Ineficiente
292,True,7,Departamento,5,Moderado
664,True,18,Casa,8,Ineficiente
500,True,11,Casa,9,Ineficiente
596,False,12,Casa,12,Ineficiente
347,False,8,Casa,3,Moderado
374,True,7,Departamento,9,Ineficiente
748,True,20,Casa,12,Ineficiente
402,True,9,Departamento,10,Ineficiente
549,True,9,Casa,8,Ineficiente
467,True,12,Casa,2,Moderado
682,True,20,Casa,7,Ineficiente
298,False,6,Departamento,9,Moderado
325,True,7,Departamento,6,Ineficiente
412,True,13,Departamento,3,Ineficiente
378,True,8,Departamento,6,Ineficiente
473,True,12,Departamento,9,Ineficiente
324,True,9,Departamento,3,Moderado
403,False,10,Casa,2,Eficiente
684,True,23,Casa,5,Moderado
730,True,22,Casa,5,Ineficiente
387,False,10,Departamento,10,Ineficiente
271,True,5,Departamento,4,Ineficiente
535,False,18,Casa,5,Eficiente
324,True,8,Departamento,4,Ineficiente
349,True,7,Departamento,3,Ineficiente
707,False,24,Casa,5,Moderado
497,False,9,Casa,9,Ineficiente
387,True,12,Departamento,2,Ineficiente
521,True,13,Casa,9,Ineficiente
299,False,5,Departamento,9,Ineficiente
478,True,10,Casa,4,Moderado
497,True,11,Departamento,11,Ineficiente
429,False,11,Departamento,11,Ineficiente
461,True,14,Departamento,7,Ineficiente
437,False,10,Casa,5,Moderado
349,False,13,Departamento,2,Eficiente
389,False,14,Departamento,2,Moderado
413,False,8,Casa,6,Moderado
408,True,10,Departamento,9,Ineficiente
517,True,13,Casa,2,Ineficiente
604,True,19,Casa,3,Moderado
486,False,11,Casa,8,Moderado
656,False,20,Casa,9,Ineficiente
730,True,24,Casa,4,Moderado
452,True,11,Departamento,12,Ineficiente
488,False,10,Casa,9,Moderado
448,True,14,Departamento,2,Ineficiente
619,True,14,Casa,10,Ineficiente
561,False,19,Casa,3,Moderado
388,False,9,Casa,3,Moderado
365,False,11,Departamento,5,Moderado
562,False,12,Casa,11,Moderado
446,True,12,Departamento,4,Ineficiente
281,False,9,Departamento,5,Moderado
325,True,5,Departamento,7,Ineficiente
480,False,10,Casa,8,Moderado
747,True,24,Casa,6,Ineficiente
369,True,10,Departamento,3,Moderado
431,True,8,Casa,4,Moderado
486,True,13,Departamento,11,Ineficiente
727,False,21,Casa,12,Ineficiente
254,False,5,Departamento,4,Moderado
332,False,9,Departamento,6,Moderado
432,False,9,Departamento,12,Ineficiente
581,True,15,Casa,6,Ineficiente
387,False,12,Departamento,5,Moderado
448,False,10,Casa,9,Moderado
502,False,9,Casa,7,Ineficiente
439,True,12,Departamento,7,Ineficiente
354,True,11,Departamento,2,Ineficiente
357,False,10,Departamento,7,Moderado
367,True,11,Departamento,4,Ineficiente
488,False,13,Casa,7,Moderado
495,False,9,Casa,11,Ineficiente
471,True,10,Departamento,12,Ineficiente
577,False,16,Casa,7,Moderado
415,False,10,Casa,3,Eficiente
365,False,8,Casa,2,Eficiente
502,True,8,Casa,12,Ineficiente
451,False,12,Casa,4,Moderado
681,True,20,Casa,6,Ineficiente
633,True,19,Casa,5,Ineficiente
717,False,23,Casa,8,Moderado
372,False,12,Departamento,5,Moderado
646,False,19,Casa,9,Ineficiente
562,True,12,Casa,8,Ineficiente
451,True,9,Departamento,11,Ineficiente
589,False,14,Casa,10,Moderado
452,True,13,Departamento,2,Ineficiente
265,False,4,Departamento,6,Moderado
402,False,10,Casa,5,Moderado
472,False,12,Casa,7,Moderado
414,True,14,Departamento,2,Moderado
290,False,7,Departamento,7,Moderado
503,False,15,Casa,2,Moderado
289,True,6,Departamento,2,Moderado
682,True,19,Casa,9,Ineficiente
318,True,6,Departamento,3,Ineficiente
773,True,20,Casa,11,Ineficiente
318,False,10,Departamento,7,Moderado
400,False,14,Departamento,7,Moderado
355,False,8,Departamento,7,Ineficiente
788,True,23,Casa,9,Ineficiente
668,False,22,Casa,5,Moderado
635,True,19,Casa,4,Moderado
569,False,16,Casa,7,Moderado
588,True,15,Casa,5,Moderado
374,False,13,Departamento,3,Moderado
712,False,22,Casa,7,Ineficiente
512,False,11,Casa,11,Ineficiente
262,False,5,Departamento,6,Moderado
500,False,13,Departamento,12,Ineficiente
377,True,6,Departamento,10,Ineficiente
386,False,7,Departamento,12,Ineficiente
651,True,17,Casa,7,Ineficiente
714,True,24,Casa,4,Moderado
407,True,8,Departamento,12,Ineficiente
261,False,6,Departamento,6,Moderado
565,True,12,Casa,11,Ineficiente
440,True,13,Departamento,9,Ineficiente
527,False,10,Casa,10,Ineficiente
638,False,21,Casa,9,Moderado
690,False,22,Casa,4,Moderado
783,True,24,Casa,10,Ineficiente
430,True,8,Casa,4,Ineficiente
747,True,24,Casa,9,Ineficiente
412,True,7,Departamento,11,Ineficiente
790,True,24,Casa,10,Ineficiente
675,False,21,Casa,8,Ineficiente
401,True,12,Departamento,5,Ineficiente
505,True,12,Departamento,11,Ineficiente
424,True,10,Departamento,10,Ineficiente
410,True,12,Departamento,4,Ineficiente
402,True,11,Departamento,4,Ineficiente
587,True,15,Casa,3,Moderado
640,False,16,Casa,11,Moderado
439,True,8,Casa,4,Ineficiente
700,True,24,Casa,2,Moderado
546,True,13,Casa,5,Ineficiente
452,True,10,Departamento,9,Ineficiente
514,True,12,Casa,6,Ineficiente
465,True,9,Casa,3,Moderado
467,True,11,Casa,4,Moderado
396,True,12,Departamento,2,Ineficiente
600,True,17,Casa,3,Moderado
224,True,4,Departamento,2,Moderado
656,True,23,Casa,3,Moderado
718,True,24,Casa,4,Moderado
617,True,23,Casa,2,Ineficiente
500,True,12,Departamento,12,Ineficiente
747,True,23,Casa,10,Ineficiente
588,True,13,Departamento,11,Ineficiente
757,True,23,Casa,6,Ineficiente
624,True,15,Casa,9,Ineficiente
502,True,14,Departamento,6,Ineficiente
387,False,9,Departamento,9,Ineficiente
292,False,7,Departamento,8,Moderado
396,False,14,Departamento,5,Moderado
365,False,8,Departamento,8,Ineficiente
249,False,5,Departamento,7,Moderado
265,False,6,Departamento,4,Eficiente
389,True,6,Departamento,10,Ineficiente
522,True,14,Departamento,11,Ineficiente
412,True,8,Departamento,10,Ineficiente
336,False,8,Departamento,6,Moderado
561,False,13,Casa,9,Moderado
396,True,8,Departamento,8,Ineficiente
381,False,9,Departamento,10,Ineficiente
607,True,14,Casa,8,Ineficiente
244,True,5,Departamento,5,Ineficiente
485,True,8,Casa,5,Ineficiente
601,True,12,Casa,12,Ineficiente
378,True,8,Departamento,9,Ineficiente
658,False,20,Casa,7,Moderado
450,False,12,Departamento,10,Ineficiente
315,False,6,Departamento,11,Ineficiente
738,True,22,Casa,8,Ineficiente
656,False,20,Casa,8,Moderado
682,True,21,Casa,5,Ineficiente
377,True,8,Departamento,4,Ineficiente
369,False,9,Departamento,9,Ineficiente
489,True,14,Departamento,8,Ineficiente
719,True,24,Casa,5,Ineficiente
256,True,4,Departamento,5,Ineficiente
503,False,15,Casa,2,Moderado
493,True,12,Departamento,12,Ineficiente
750,True,23,Casa,8,Ineficiente
362,False,13,Departamento,2,Moderado
711,False,21,Casa,11,Ineficiente
379,False,8,Departamento,11,Ineficiente
596,True,16,Casa,5,Ineficiente
520,True,12,Departamento,12,Ineficiente
421,True,9,Departamento,4,Ineficiente
725,True,17,Casa,12,Ineficiente
318,False,10,Departamento,4,Moderado
325,True,7,Departamento,2,Ineficiente
602,True,18,Casa,5,Ineficiente
641,False,24,Casa,2,Eficiente
477,False,14,Departamento,9,Ineficiente
492,False,14,Casa,2,Moderado
497,False,11,Casa,7,Moderado
623,False,19,Casa,8,Moderado
397,False,10,Departamento,11,Ineficiente
608,True,18,Casa,3,Ineficiente
243,False,5,Departamento,5,Moderado
383,True,4,Departamento,12,Ineficiente
276,True,5,Departamento,4,Ineficiente
383,True,7,Departamento,10,Ineficiente
597,False,19,Casa,8,Moderado
265,False,6,Departamento,3,Moderado
793,True,22,Casa,12,Ineficiente
469,True,11,Casa,7,Ineficiente
565,False,13,Casa,10,Ineficiente
561,False,18,Casa,4,Moderado
524,True,12,Departamento,12,Ineficiente
352,True,7,Departamento,7,Ineficiente
551,False,18,Casa,4,Eficiente
552,True,12,Casa,4,Ineficiente
289,False,5,Departamento,5,Moderado
666,True,17,Casa,10,Ineficiente
578,True,10,Casa,12,Ineficiente
629,True,16,Casa,9,Ineficiente
216,True,5,Departamento,2,Moderado
519,True,11,Departamento,12,Ineficiente
591,True,19,Casa,2,Moderado
669,False,19,Casa,8,Ineficiente
408,True,11,Departamento,4,Ineficiente
503,False,14,Departamento,12,Ineficiente
717,True,21,Casa,8,Ineficiente
399,False,9,Departamento,10,Ineficiente
521,True,14,Casa,4,Ineficiente
632,True,17,Casa,4,Ineficiente
364,True,10,Departamento,3,Ineficiente
810,True,22,Casa,11,Ineficiente
336,False,12,Departamento,2,Moderado
665,False,19,Casa,10,Moderado
650,False,20,Casa,7,Moderado
369,True,7,Departamento,7,Ineficiente
551,False,11,Casa,9,Moderado
512,True,13,Departamento,12,Ineficiente
538,False,15,Casa,6,Moderado
607,False,16,Casa,10,Ineficiente
511,True,10,Casa,12,Ineficiente
311,True,6,Departamento,6,Ineficiente
412,True,8,Casa,3,Ineficiente
411,False,9,Departamento,7,Ineficiente
803,True,24,Casa,10,Ineficiente
268,False,6,Departamento,4,Ineficiente
664,True,18,Casa,11,Ineficiente
311,True,6,Departamento,5,Ineficiente
534,True,13,Departamento,11,Ineficiente
567,True,12,Departamento,12,Ineficiente
406,False,12,Departamento,9,Ineficiente
345,True,9,Departamento,7,Ineficiente
473,True,14,Departamento,8,Ineficiente
663,True,19,Casa,8,Ineficiente
645,True,20,Casa,5,Ineficiente
332,False,7,Departamento,7,Ineficiente
363,True,5,Departamento,10,Ineficiente
353,False,13,Departamento,4,Moderado
775,False,24,Casa,9,Ineficiente
595,False,14,Casa,8,Ineficiente
640,True,21,Casa,5,Ineficiente
396,True,5,Departamento,11,Ineficiente
675,False,24,Casa,4,Moderado
650,False,21,Casa,8,Moderado
529,False,13,Casa,11,Moderado
587,True,13,Casa,10,Ineficiente
579,True,12,Casa,11,Ineficiente
530,True,13,Casa,4,Ineficiente
465,False,10,Departamento,11,Ineficiente
622,True,15,Casa,10,Ineficiente
713,True,22,Casa,9,Ineficiente
635,False,22,Casa,4,Moderado
703,True,18,Casa,9,Ineficiente
442,True,8,Casa,5,Moderado
687,True,19,Casa,7,Ineficiente
407,True,7,Departamento,11,Ineficiente
606,True,18,Casa,3,Moderado
490,True,11,Departamento,9,Ineficiente
366,True,7,Departamento,10,Ineficiente
340,True,7,Departamento,8,Ineficiente
654,True,18,Casa,9,Ineficiente
610,False,17,Casa,8,Moderado
570,True,10,Casa,12,Ineficiente
700,True,17,Casa,11,Ineficiente
383,True,10,Departamento,5,Ineficiente
534,True,15,Casa,2,Moderado
607,True,17,Casa,4,Moderado
481,True,11,Departamento,8,Ineficiente
340,False,7,Departamento,12,Ineficiente
563,True,11,Casa,12,Ineficiente
495,False,11,Casa,8,Moderado
655,True,12,Casa,12,Ineficiente
410,True,8,Casa,4,Moderado
700,True,24,Casa,2,Ineficiente
472,False,9,Casa,11,Moderado
644,True,15,Casa,10,Ineficiente
529,True,14,Casa,7,Ineficiente
711,True,22,Casa,8,Ineficiente
516,True,12,Casa,2,Moderado
386,False,9,Casa,2,Eficiente
312,True,7,Departamento,5,Moderado
410,False,12,Departamento,8,Moderado
594,False,14,Casa,12,Ineficiente
655,True,14,Casa,12,Ineficiente
679,True,21,Casa,9,Ineficiente
467,True,12,Departamento,11,Ineficiente
367,True,7,Departamento,10,Ineficiente
590,True,17,Casa,2,Moderado
276,True,4,Departamento,5,Moderado
710,False,23,Casa,5,Moderado
520,False,14,Casa,4,Moderado
385,False,11,Departamento,8,Moderado
383,True,12,Departamento,2,Moderado
531,True,13,Departamento,10,Ineficiente
450,True,9,Departamento,9,Ineficiente
629,False,22,Casa,3,Eficiente
273,False,9,Departamento,3,Eficiente
714,True,23,Casa,9,Ineficiente
344,True,6,Departamento,12,Ineficiente
550,True,15,Casa,2,Moderado
297,False,5,Departamento,8,Ineficiente
600,True,14,Casa,10,Ineficiente
369,True,8,Departamento,4,Ineficiente
668,False,21,Casa,8,Moderado
259,False,5,Departamento,7,Moderado
676,True,17,Casa,8,Ineficiente
609,False,16,Casa,8,Moderado
789,True,23,Casa,11,Ineficiente
569,True,16,Casa,2,Ineficiente
389,True,10,Departamento,4,Ineficiente
746,False,20,Casa,11,Ineficiente
246,False,7,Departamento,2,Eficiente
665,True,21,Casa,6,Moderado
605,False,19,Casa,4,Moderado
368,True,11,Departamento,2,Ineficiente
372,False,13,Departamento,3,Moderado
790,True,23,Casa,11,Ineficiente
547,True,15,Casa,6,Moderado
529,True,13,Departamento,12,Ineficiente
437,False,11,Casa,4,Moderado
293,True,4,Departamento,7,Ineficiente
354,False,8,Departamento,10,Ineficiente
318,True,5,Departamento,7,Ineficiente
656,False,23,Casa,3,Eficiente
396,True,12,Departamento,3,Ineficiente
561,True,10,Casa,9,Ineficiente
623,True,12,Casa,12,Ineficiente
594,False,16,Casa,9,Moderado
627,True,18,Casa,7,Ineficiente
507,True,12,Departamento,11,Ineficiente
350,False,9,Departamento,8,Moderado
299,False,10,Departamento,2,Eficiente
566,True,13,Casa,10,Ineficiente
606,False,18,Casa,6,Moderado
654,False,15,Casa,10,Ineficiente
366,True,11,Departamento,3,Ineficiente
530,True,9,Casa,9,Ineficiente
353,False,7,Departamento,8,Moderado
726,False,22,Casa,12,Ineficiente
406,True,9,Casa,5,Moderado
408,True,11,Departamento,4,Ineficiente
612,True,17,Casa,5,Ineficiente
320,True,6,Departamento,5,Ineficiente
404,True,7,Departamento,11,Ineficiente
675,True,15,Casa,11,Ineficiente
521,False,12,Casa,9,Ineficiente
458,False,8,Casa,5,Moderado
396,True,9,Departamento,6,Ineficiente
540,True,13,Casa,3,Moderado
421,True,12,Departamento,5,Ineficiente
500,True,14,Departamento,8,Ineficiente
285,False,10,Departamento,4,Moderado
353,False,8,Casa,2,Eficiente
441,True,9,Departamento,9,Ineficiente
323,True,4,Departamento,9,Ineficiente
570,True,15,Casa,7,Ineficiente
539,True,12,Casa,8,Ineficiente
349,True,5,Departamento,11,Ineficiente
613,False,15,Casa,12,Ineficiente
187,False,4,Departamento,3,Eficiente
514,True,9,Casa,6,Ineficiente
589,False,16,Casa,8,Moderado
347,False,9,Departamento,10,Ineficiente
514,False,14,Casa,2,Moderado
642,False,22,Casa,4,Moderado
521,True,10,Casa,7,Ineficiente
726,True,21,Casa,8,Ineficiente
456,False,9,Casa,7,Moderado
593,False,21,Casa,2,Eficiente
312,False,8,Departamento,5,Moderado
739,True,23,Casa,7,Ineficiente
442,True,10,Departamento,9,Ineficiente
624,True,14,Casa,11,Ineficiente
323,True,7,Departamento,5,Ineficiente
484,True,10,Casa,8,Ineficiente
414,True,7,Departamento,12,Ineficiente
676,True,21,Casa,4,Ineficiente
633,True,13,Casa,9,Ineficiente
550,True,15,Casa,2,Moderado
502,True,12,Casa,5,Moderado
597,True,15,Casa,9,Ineficiente
545,True,9,Casa,11,Ineficiente
249,False,6,Departamento,5,Moderado
608,True,19,Casa,3,Moderado
694,True,24,Casa,3,Moderado
259,False,6,Departamento,5,Moderado
295,True,4,Departamento,5,Ineficiente
564,False,21,Casa,3,Eficiente
787,True,23,Casa,8,Ineficiente
566,False,16,Casa,7,Moderado
525,True,14,Departamento,12,Ineficiente
386,False,12,Departamento,4,Moderado
662,False,20,Casa,9,Ineficiente
316,True,5,Departamento,9,Ineficiente
175,False,5,Departamento,2,Eficiente
544,True,13,Casa,4,Ineficiente
469,True,13,Departamento,6,Ineficiente
414,True,8,Casa,3,Moderado
701,False,22,Casa,6,Moderado
767,True,21,Casa,12,Ineficiente
680,True,15,Casa,11,Ineficiente
530,False,17,Casa,4,Moderado
472,True,13,Departamento,10,Ineficiente
808,True,24,Casa,12,Ineficiente
502,False,16,Casa,2,Eficiente
468,False,10,Casa,5,Moderado
518,True,13,Departamento,11,Ineficiente
607,False,19,Casa,7,Moderado
671,True,17,Casa,10,Ineficiente
714,True,24,Casa,4,Ineficiente
704,True,24,Casa,4,Moderado
467,True,14,Departamento,6,Ineficiente
434,True,11,Departamento,8,Ineficiente
549,True,14,Casa,6,Ineficiente
296,False,4,Departamento,12,Ineficiente
399,True,7,Departamento,9,Ineficiente
362,False,10,Departamento,6,Moderado
508,True,8,Casa,8,Ineficiente
474,False,11,Casa,7,Moderado
691,True,19,Casa,11,Ineficiente
346,True,10,Departamento,3,Moderado
678,True,20,Casa,4,Ineficiente
537,False,13,Casa,12,Moderado
704,False,18,Casa,12,Ineficiente
393,True,12,Departamento,5,Ineficiente
750,True,23,Casa,6,Ineficiente
437,True,11,Departamento,10,Ineficiente
421,False,14,Departamento,7,Moderado
316,False,8,Casa,2,Eficiente
302,False,6,Departamento,4,Moderado
652,False,19,Casa,8,Moderado
367,False,8,Departamento,9,Ineficiente
580,True,14,Casa,8,Ineficiente
274,False,7,Departamento,6,Moderado
323,False,4,Departamento,11,Ineficiente
411,False,13,Departamento,9,Moderado
458,True,11,Departamento,10,Ineficiente
597,True,16,Casa,8,Ineficiente
490,True,11,Departamento,12,Ineficiente
280,False,6,Departamento,10,Ineficiente
591,True,20,Casa,2,Moderado
541,True,11,Casa,10,Ineficiente
424,True,12,Departamento,4,Ineficiente
359,True,8,Departamento,7,Ineficiente
493,True,12,Departamento,9,Ineficiente
690,True,20,Casa,4,Moderado
386,False,13,Departamento,5,Moderado
529,False,15,Casa,8,Moderado
499,True,13,Departamento,8,Ineficiente
365,False,8,Casa,5,Moderado
269,False,4,Departamento,10,Ineficiente
222,True,4,Departamento,4,Moderado
593,True,12,Casa,9,Ineficiente
411,True,8,Departamento,9,Ineficiente
615,True,15,Casa,5,Ineficiente
328,False,8,Departamento,8,Ineficiente
328,True,8,Departamento,5,Ineficiente
615,True,20,Casa,2,Moderado
288,False,11,Departamento,2,Eficiente
348,True,8,Departamento,2,Ineficiente
734,False,23,Casa,3,Moderado
634,True,18,Casa,7,Ineficiente
489,True,11,Departamento,11,Ineficiente
357,True,4,Departamento,12,Ineficiente
336,True,6,Departamento,6,Ineficiente
495,True,10,Departamento,12,Ineficiente
648,True,22,Casa,3,Moderado
313,True,4,Departamento,9,Ineficiente
602,False,14,Casa,10,Ineficiente
587,True,13,Casa,8,Ineficiente
508,False,10,Casa,10,Moderado
677,True,20,Casa,5,Ineficiente
608,True,14,Casa,8,Ineficiente
516,False,12,Casa,6,Moderado
451,True,12,Departamento,6,Ineficiente
723,True,24,Casa,4,Ineficiente
517,True,8,Casa,10,Ineficiente
708,False,21,Casa,11,Ineficiente
730,True,24,Casa,6,Moderado
633,True,17,Casa,7,Ineficiente
632,True,19,Casa,4,Moderado
423,False,13,Departamento,11,Ineficiente
350,True,5,Departamento,8,Ineficiente
396,True,6,Departamento,10,Ineficiente
648,True,15,Casa,10,Ineficiente
705,True,17,Casa,11,Ineficiente
524,True,14,Departamento,11,Ineficiente
673,False,23,Casa,6,Moderado
796,True,24,Casa,8,Ineficiente
680,True,23,Casa,4,Ineficiente
526,False,15,Casa,7,Moderado
598,True,13,Casa,9,Ineficiente
597,True,13,Casa,9,Ineficiente
592,True,16,Casa,3,Moderado
484,True,11,Casa,7,Ineficiente
472,True,13,Departamento,8,Ineficiente
374,True,9,Departamento,8,Ineficiente
385,False,12,Departamento,4,Moderado
397,False,8,Departamento,10,Ineficiente
346,False,11,Departamento,3,Moderado
627,True,14,Casa,12,Ineficiente
580,True,17,Casa,4,Moderado
792,True,23,Casa,12,Ineficiente
393,True,13,Departamento,3,Moderado
312,False,4,Departamento,12,Ineficiente
742,True,22,Casa,10,Ineficiente
287,False,9,Departamento,5,Eficiente
632,True,19,Casa,3,Ineficiente
348,True,8,Departamento,4,Ineficiente
527,True,10,Casa,5,Ineficiente
528,True,9,Casa,11,Ineficiente
470,False,13,Casa,7,Moderado
508,False,12,Casa,6,Moderado
730,True,23,Casa,4,Ineficiente
675,True,15,Casa,11,Ineficiente
523,True,13,Departamento,9,Ineficiente
651,False,17,Casa,9,Moderado
658,True,19,Casa,8,Ineficiente
276,False,5,Departamento,4,Moderado
268,True,6,Departamento,2,Ineficiente
624,True,16,Casa,6,Ineficiente
644,False,23,Casa,2,Moderado
682,True,21,Casa,7,Ineficiente
688,True,15,Casa,12,Ineficiente
373,True,8,Departamento,8,Ineficiente
615,True,14,Casa,6,Ineficiente
501,True,12,Casa,5,Moderado
371,True,12,Departamento,3,Moderado
579,False,18,Casa,6,Moderado
627,False,15,Casa,10,Ineficiente
364,False,8,Casa,5,Eficiente
347,True,8,Departamento,3,Ineficiente
491,False,9,Casa,7,Moderado
428,True,10,Departamento,9,Ineficiente
703,True,24,Casa,3,Moderado
744,True,21,Casa,10,Ineficiente
356,True,8,Departamento,8,Ineficiente
445,True,11,Departamento,3,Ineficiente
431,True,7,Departamento,12,Ineficiente
375,False,13,Departamento,6,Moderado
286,True,5,Departamento,6,Ineficiente
642,False,19,Casa,8,Moderado
626,True,19,Casa,6,Ineficiente
359,True,6,Departamento,12,Ineficiente
642,True,17,Casa,7,Ineficiente
371,False,7,Departamento,10,Ineficiente
449,True,13,Departamento,4,Ineficiente
633,True,19,Casa,4,Ineficiente
778,True,24,Casa,9,Ineficiente
440,True,9,Departamento,11,Ineficiente
614,False,17,Casa,7,Moderado
371,True,7,Departamento,11,Ineficiente
507,True,13,Casa,4,Moderado
378,False,14,Departamento,3,Eficiente
562,True,16,Casa,3,Moderado
296,False,9,Departamento,3,Moderado
433,False,9,Casa,6,Moderado
486,False,11,Casa,6,Moderado
440,True,12,Casa,2,Moderado
248,True,6,Departamento,3,Moderado
308,True,8,Departamento,3,Ineficiente
551,False,15,Casa,5,Moderado
666,True,19,Casa,8,Ineficiente
561,True,15,Casa,4,Moderado
355,False,10,Departamento,6,Moderado
458,True,9,Departamento,12,Ineficiente
593,False,13,Casa,10,Ineficiente
703,False,23,Casa,6,Moderado
659,True,15,Casa,10,Ineficiente
679,True,23,Casa,2,Moderado
815,True,23,Casa,10,Ineficiente
245,False,4,Departamento,6,Moderado
556,True,14,Casa,9,Ineficiente
350,True,4,Departamento,6,Ineficiente
717,False,24,Casa,7,Ineficiente
663,False,19,Casa,9,Ineficiente
271,False,9,Departamento,3,Moderado
373,True,7,Departamento,4,Ineficiente
449,True,10,Departamento,12,Ineficiente
733,True,21,Casa,10,Ineficiente
422,True,8,Casa,6,Ineficiente
271,False,5,Departamento,6,Moderado
510,False,11,Casa,10,Ineficiente
509,False,12,Casa,11,Ineficiente
498,False,14,Casa,4,Moderado
613,True,17,Casa,5,Ineficiente
486,True,14,Departamento,8,Ineficiente
487,True,14,Casa,3,Moderado
504,True,8,Casa,9,Ineficiente
492,False,14,Casa,6,Moderado
615,True,18,Casa,2,Moderado
522,False,16,Casa,4,Moderado
685,False,19,Casa,10,Ineficiente
497,True,10,Casa,6,Ineficiente
362,True,6,Departamento,9,Ineficiente
498,True,11,Casa,2,Ineficiente
680,True,20,Casa,8,Ineficiente
366,False,11,Departamento,8,Ineficiente
338,True,4,Departamento,9,Ineficiente
467,False,14,Casa,4,Moderado
618,False,23,Casa,2,Eficiente
493,True,8,Casa,12,Ineficiente
482,False,13,Departamento,10,Ineficiente
314,False,12,Departamento,2,Moderado
317,False,5,Departamento,12,Ineficiente
620,True,18,Casa,7,Ineficiente
345,True,5,Departamento,10,Ineficiente
439,True,9,Casa,3,Ineficiente
577,True,14,Casa,5,Ineficiente
598,False,22,Casa,3,Moderado
234,False,5,Departamento,5,Moderado
433,False,9,Casa,3,Moderado
375,True,10,Departamento,2,Ineficiente
570,True,11,Casa,12,Ineficiente
570,False,18,Casa,4,Moderado
564,True,9,Casa,9,Ineficiente
701,True,23,Casa,6,Ineficiente
264,True,6,Departamento,5,Ineficiente
663,True,20,Casa,6,Ineficiente
334,True,6,Departamento,7,Ineficiente
370,True,9,Departamento,7,Ineficiente
367,True,7,Departamento,6,Ineficiente
601,False,14,Casa,12,Ineficiente
547,True,13,Casa,7,Ineficiente
576,False,15,Casa,10,Moderado
324,True,7,Departamento,6,Ineficiente
366,False,9,Departamento,7,Moderado
455,True,9,Casa,5,Moderado
361,True,11,Departamento,4,Moderado
677,True,18,Casa,7,Ineficiente
345,False,6,Departamento,12,Ineficiente
607,True,14,Casa,12,Ineficiente
457,True,11,Departamento,6,Ineficiente
509,False,13,Casa,5,Eficiente
290,True,4,Departamento,6,Ineficiente
325,True,5,Departamento,8,Ineficiente
395,True,13,Departamento,2,Moderado
423,True,9,Casa,2,Moderado
580,True,11,Casa,12,Ineficiente
488,True,13,Casa,2,Moderado
665,False,24,Casa,3,Moderado
520,False,12,Casa,10,Moderado
438,True,12,Departamento,6,Ineficiente
652,True,16,Casa,10,Ineficiente
398,False,8,Casa,6,Moderado
437,False,8,Casa,8,Moderado
531,False,13,Casa,7,Moderado
304,True,10,Departamento,3,Moderado
586,False,18,Casa,4,Moderado
249,False,6,Departamento,6,Moderado
437,True,8,Casa,5,Ineficiente
434,True,12,Departamento,12,Ineficiente
477,True,13,Departamento,7,Ineficiente
478,True,8,Casa,9,Ineficiente
321,False,7,Departamento,9,Ineficiente
538,False,16,Casa,4,Moderado
236,False,7,Departamento,5,Moderado
657,False,24,Casa,2,Moderado
323,True,7,Departamento,3,Ineficiente
413,True,8,Departamento,10,Ineficiente
438,False,12,Departamento,11,Ineficiente
458,True,10,Departamento,11,Ineficiente
441,True,9,Casa,3,Moderado
563,True,12,Casa,7,Ineficiente
570,True,11,Casa,8,Ineficiente
471,False,11,Casa,7,Moderado
438,True,10,Departamento,9,Ineficiente
708,True,20,Casa,10,Ineficiente
416,False,11,Departamento,9,Ineficiente
399,False,12,Departamento,6,Moderado
293,False,5,Departamento,9,Ineficiente
767,True,21,Casa,11,Ineficiente
322,False,5,Departamento,11,Ineficiente
452,False,13,Departamento,10,Ineficiente
708,True,21,Casa,9,Ineficiente
230,False,5,Departamento,3,Moderado
256,True,5,Departamento,3,Ineficiente
683,False,23,Casa,4,Moderado
589,True,15,Casa,8,Ineficiente
551,True,10,Casa,10,Ineficiente
490,True,8,Casa,9,Ineficiente
533,True,9,Casa,10,Ineficiente
723,True,22,Casa,7,Ineficiente
509,False,17,Casa,2,Moderado
665,False,21,Casa,5,Moderado
323,False,9,Departamento,7,Moderado
705,True,20,Casa,7,Ineficiente
273,False,6,Departamento,9,Moderado
477,True,12,Casa,2,Ineficiente
742,False,20,Casa,12,Ineficiente
652,True,21,Casa,3,Ineficiente
463,True,10,Casa,3,Moderado
720,False,22,Casa,7,Ineficiente
438,False,11,Departamento,12,Ineficiente
482,False,10,Casa,8,Moderado
331,False,10,Departamento,3,Moderado
272,True,5,Departamento,6,Ineficiente
613,False,19,Casa,7,Ineficiente
650,True,19,Casa,5,Ineficiente
363,True,13,Departamento,2,Moderado
759,True,24,Casa,4,Ineficiente
665,True,15,Casa,11,Ineficiente
379,False,8,Departamento,10,Ineficiente
685,True,18,Casa,7,Ineficiente
451,True,14,Departamento,3,Ineficiente
439,True,10,Departamento,10,Ineficiente
570,True,17,Casa,5,Moderado
650,False,18,Casa,12,Ineficiente
525,False,13,Casa,9,Moderado
590,True,11,Casa,11,Ineficiente
685,True,19,Casa,8,Ineficiente
501,True,14,Departamento,12,Ineficiente
629,False,20,Casa,4,Moderado
602,True,12,Casa,9,Ineficiente
349,True,6,Departamento,5,Ineficiente
341,False,13,Departamento,3,Moderado
549,True,14,Departamento,12,Ineficiente
534,False,16,Casa,6,Eficiente
433,True,12,Departamento,2,Ineficiente
578,False,15,Casa,9,Moderado
757,True,23,Casa,9,Ineficiente
513,True,13,Casa,4,Moderado
285,True,6,Departamento,2,Ineficiente
452,False,10,Casa,5,Moderado
584,False,17,Casa,10,Moderado
543,True,8,Casa,10,Ineficiente
613,False,21,Casa,2,Moderado
512,False,13,Departamento,12,Ineficiente
328,False,5,Departamento,8,Ineficiente
307,False,7,Departamento,7,Moderado
686,True,18,Casa,8,Ineficiente
623,False,19,Casa,8,Moderado
647,True,17,Casa,9,Ineficiente
644,True,14,Casa,9,Ineficiente
610,True,14,Casa,11,Ineficiente
338,False,5,Departamento,12,Ineficiente
411,False,11,Casa,3,Moderado
387,False,8,Casa,5,Moderado
607,False,20,Casa,5,Eficiente
668,False,16,Casa,12,Ineficiente
677,True,16,Casa,11,Ineficiente
508,True,13,Departamento,9,Ineficiente
309,True,9,Departamento,4,Moderado
373,True,10,Departamento,4,Ineficiente
505,True,13,Casa,3,Moderado
677,True,22,Casa,2,Ineficiente
548,False,10,Casa,9,Ineficiente
584,False,18,Casa,10,Moderado
346,True,4,Departamento,10,Ineficiente
579,False,10,Casa,12,Ineficiente
664,True,18,Casa,9,Ineficiente
671,False,22,Casa,6,Moderado
645,True,20,Casa,2,Moderado
445,True,13,Departamento,10,Ineficiente
524,False,13,Casa,7,Moderado
717,True,22,Casa,8,Ineficiente
656,True,14,Casa,9,Ineficiente
707,True,22,Casa,6,Ineficiente
292,False,7,Departamento,7,Moderado
379,False,9,Departamento,8,Ineficiente
469,True,12,Departamento,8,Ineficiente
302,False,8,Departamento,3,Moderado
760,True,18,Casa,12,Ineficiente
352,True,11,Departamento,2,Moderado
629,True,13,Casa,9,Ineficiente
624,False,17,Casa,6,Moderado
509,True,14,Departamento,11,Ineficiente
588,True,18,Casa,3,Ineficiente
410,True,12,Departamento,4,Ineficiente
486,True,9,Casa,7,Ineficiente
418,False,8,Departamento,11,Ineficiente
369,True,9,Departamento,7,Ineficiente
403,True,8,Departamento,9,Ineficiente
305,True,6,Departamento,6,Ineficiente
471,True,14,Departamento,6,Ineficiente
493,False,8,Casa,8,Ineficiente
800,True,21,Casa,11,Ineficiente
524,True,11,Casa,6,Ineficiente
496,True,12,Departamento,10,Ineficiente
664,True,18,Casa,7,Ineficiente
368,False,10,Departamento,8,Moderado
769,False,23,Casa,9,Ineficiente
709,True,20,Casa,6,Ineficiente
438,True,8,Departamento,12,Ineficiente
668,False,23,Casa,5,Moderado
538,False,13,Casa,9,Moderado
763,True,21,Casa,11,Ineficiente
471,False,14,Departamento,10,Ineficiente
260,False,6,Departamento,2,Moderado
628,True,18,Casa,4,Moderado
461,True,10,Casa,5,Moderado
591,False,18,Casa,8,Moderado
361,True,6,Departamento,7,Ineficiente
455,False,14,Departamento,11,Moderado
575,False,14,Casa,11,Ineficiente
639,False,17,Casa,12,Ineficiente
562,True,18,Casa,2,Moderado
320,True,6,Departamento,5,Ineficiente
333,True,6,Departamento,7,Ineficiente
538,False,17,Casa,4,Moderado
666,False,21,Casa,3,Moderado
517,False,19,Casa,3,Eficiente
381,True,7,Departamento,11,Ineficiente
551,False,17,Casa,5,Moderado
252,False,9,Departamento,2,Eficiente
423,True,5,Departamento,11,Ineficiente
643,True,17,Casa,3,Moderado
476,False,9,Casa,11,Moderado
699,False,24,Casa,3,Moderado
318,False,8,Departamento,5,Moderado
426,True,10,Departamento,5,Ineficiente
292,True,7,Departamento,2,Ineficiente
468,False,9,Casa,8,Moderado
709,False,21,Casa,8,Moderado
353,False,5,Departamento,11,Ineficiente
427,False,10,Departamento,12,Ineficiente
641,True,16,Casa,11,Ineficiente
338,False,7,Departamento,11,Ineficiente
194,True,4,Departamento,2,Moderado
768,True,20,Casa,12,Ineficiente
402,True,8,Departamento,9,Ineficiente
383,False,8,Departamento,11,Ineficiente
285,False,5,Departamento,8,Moderado
654,True,19,Casa,8,Ineficiente
702,True,17,Casa,12,Ineficiente
415,False,12,Departamento,7,Moderado
535,True,14,Casa,5,Moderado
631,False,16,Casa,12,Ineficiente
570,True,13,Casa,9,Ineficiente
689,True,23,Casa,3,Ineficiente
284,True,4,Departamento,8,Ineficiente
366,True,10,Departamento,4,Moderado
747,True,23,Casa,4,Ineficiente
544,True,12,Casa,8,Ineficiente
689,True,23,Casa,4,Ineficiente
363,True,9,Departamento,6,Ineficiente
329,False,7,Departamento,9,Moderado
601,True,14,Casa,5,Ineficiente
438,True,9,Departamento,8,Ineficiente
444,False,14,Departamento,8,Ineficiente
353,False,13,Departamento,3,Eficiente
334,True,7,Departamento,9,Ineficiente
471,False,9,Casa,11,Moderado
398,False,12,Departamento,11,Ineficiente
662,False,18,Casa,10,Ineficiente
442,True,10,Departamento,7,Ineficiente
378,False,12,Departamento,6,Moderado
394,True,12,Departamento,2,Ineficiente
285,True,8,Departamento,2,Moderado
631,False,20,Casa,10,Moderado
666,True,20,Casa,5,Ineficiente
331,False,11,Departamento,2,Eficiente
403,True,4,Departamento,12,Ineficiente
572,True,8,Casa,11,Ineficiente
529,False,16,Casa,4,Eficiente
531,True,10,Casa,7,Ineficiente
341,False,5,Departamento,12,Ineficiente
478,False,13,Departamento,12,Ineficiente
451,False,8,Casa,9,Moderado
679,True,17,Casa,11,Ineficiente
250,True,4,Departamento,3,Moderado
429,False,10,Departamento,9,Ineficiente
625,False,22,Casa,2,Moderado
612,True,10,Casa,12,Ineficiente
429,False,12,Casa,3,Moderado
525,False,16,Casa,9,Moderado
572,False,16,Casa,8,Moderado
376,True,10,Departamento,6,Ineficiente
311,True,4,Departamento,11,Ineficiente
375,True,9,Departamento,3,Ineficiente
393,True,9,Departamento,10,Ineficiente
448,False,9,Casa,6,Moderado
691,True,16,Casa,9,Ineficiente
663,False,24,Casa,5,Moderado
503,True,8,Casa,10,Ineficiente
454,True,8,Departamento,11,Ineficiente
374,True,8,Departamento,8,Ineficiente
451,True,9,Casa,3,Moderado
596,True,16,Casa,4,Moderado
275,True,5,Departamento,3,Ineficiente
458,False,11,Casa,6,Moderado
459,True,11,Casa,3,Ineficiente
333,True,8,Departamento,6,Ineficiente
360,False,7,Departamento,10,Ineficiente
462,True,11,Casa,3,Ineficiente
808,True,23,Casa,10,Ineficiente
514,True,13,Departamento,8,Ineficiente
726,True,23,Casa,8,Ineficiente
632,False,19,Casa,6,Moderado
394,True,5,Departamento,9,Ineficiente
544,False,15,Casa,8,Moderado
322,False,6,Departamento,7,Moderado
601,True,17,Casa,3,Ineficiente
388,False,10,Departamento,7,Moderado
568,True,17,Casa,3,Moderado
622,True,17,Casa,2,Ineficiente
600,True,14,Casa,10,Ineficiente
477,True,8,Casa,6,Ineficiente
455,True,10,Departamento,11,Ineficiente
452,True,9,Departamento,11,Ineficiente
631,False,22,Casa,5,Eficiente
511,False,11,Casa,12,Ineficiente
458,True,11,Departamento,9,Ineficiente
270,False,6,Departamento,6,Moderado
447,False,9,Casa,8,Moderado
684,True,21,Casa,4,Ineficiente
729,True,23,Casa,9,Ineficiente
481,True,11,Departamento,9,Ineficiente
457,True,9,Casa,4,Ineficiente
464,True,10,Departamento,10,Ineficiente
672,True,17,Casa,9,Ineficiente
246,False,6,Departamento,2,Moderado
683,True,20,Casa,9,Ineficiente
562,True,8,Casa,12,Ineficiente
527,True,12,Casa,5,Ineficiente
415,True,11,Departamento,7,Ineficiente
769,True,22,Casa,11,Ineficiente
806,True,24,Casa,10,Ineficiente
690,False,23,Casa,6,Moderado
715,True,20,Casa,8,Ineficiente
408,True,11,Departamento,2,Moderado
401,True,9,Departamento,10,Ineficiente
382,False,10,Departamento,7,Moderado
503,False,9,Casa,12,Ineficiente
395,True,9,Departamento,5,Ineficiente
747,True,21,Casa,7,Ineficiente
645,True,18,Casa,6,Ineficiente
614,True,17,Casa,4,Moderado
506,False,10,Casa,8,Moderado
451,True,13,Departamento,4,Ineficiente
257,False,5,Departamento,3,Moderado
269,True,4,Departamento,5,Ineficiente
634,True,17,Casa,8,Ineficiente
513,False,15,Casa,6,Moderado
720,True,20,Casa,10,Ineficiente
545,False,12,Casa,11,Ineficiente
571,True,13,Casa,8,Ineficiente
809,True,24,Casa,10,Ineficiente
656,False,18,Casa,10,Ineficiente
693,True,23,Casa,3,Ineficiente
393,True,12,Departamento,2,Moderado
453,True,8,Departamento,12,Ineficiente
338,False,11,Departamento,5,Moderado
354,True,7,Departamento,5,Ineficiente
463,True,11,Casa,3,Ineficiente
336,True,6,Departamento,4,Ineficiente
341,True,8,Departamento,4,Ineficiente
561,False,16,Casa,6,Moderado
566,True,19,Casa,2,Moderado
488,False,14,Departamento,10,Ineficiente
517,True,9,Casa,9,Ineficiente
636,False,18,Casa,9,Ineficiente
551,False,17,Casa,4,Moderado
485,False,13,Casa,3,Moderado
451,True,9,Casa,2,Ineficiente
503,True,9,Casa,7,Ineficiente
670,False,17,Casa,11,Ineficiente
665,True,23,Casa,2,Moderado
364,True,5,Departamento,12,Ineficiente
426,False,8,Casa,6,Moderado
651,True,15,Casa,10,Ineficiente
770,False,23,Casa,12,Ineficiente
466,True,13,Departamento,10,Ineficiente
625,False,22,Casa,5,Moderado
678,True,19,Casa,8,Ineficiente
370,True,7,Departamento,12,Ineficiente
346,False,8,Departamento,8,Ineficiente
681,True,21,Casa,5,Ineficiente
383,False,13,Departamento,6,Moderado
726,False,22,Casa,12,Ineficiente
601,True,13,Casa,10,Ineficiente
582,False,18,Casa,8,Moderado
649,True,18,Casa,8,Ineficiente
459,False,13,Departamento,11,Ineficiente
495,True,9,Casa,8,Ineficiente
601,False,16,Casa,10,Ineficiente
322,True,4,Departamento,6,Ineficiente
396,True,8,Departamento,7,Ineficiente
474,True,11,Casa,4,Moderado
215,True,4,Departamento,2,Moderado
756,True,21,Casa,12,Ineficiente
427,True,12,Departamento,3,Ineficiente
307,True,6,Departamento,9,Ineficiente
333,True,9,Departamento,2,Moderado
621,True,14,Casa,11,Ineficiente
802,True,24,Casa,8,Ineficiente
773,True,24,Casa,6,Ineficiente
526,True,13,Casa,7,Ineficiente
661,False,18,Casa,9,Moderado
191,False,5,Departamento,5,Eficiente
614,True,15,Casa,7,Moderado
685,False,18,Casa,12,Ineficiente
487,True,14,Departamento,4,Ineficiente
607,False,17,Casa,8,Moderado
290,True,7,Departamento,3,Ineficiente
525,True,11,Casa,9,Ineficiente
728,False,22,Casa,8,Ineficiente
710,False,20,Casa,9,Ineficiente
431,True,9,Casa,3,Moderado
427,True,13,Departamento,4,Ineficiente
708,False,23,Casa,5,Moderado
627,False,16,Casa,10,Moderado
627,False,20,Casa,6,Moderado
490,True,10,Casa,7,Ineficiente
291,True,8,Departamento,2,Ineficiente
688,True,20,Casa,5,Ineficiente
429,True,13,Departamento,5,Moderado
338,True,4,Departamento,11,Ineficiente
611,False,16,Casa,9,Ineficiente
435,True,10,Departamento,9,Ineficiente
503,False,9,Casa,11,Ineficiente
554,True,13,Casa,7,Ineficiente
613,True,15,Casa,9,Ineficiente
480,True,13,Departamento,10,Ineficiente
360,True,7,Departamento,6,Ineficiente
370,False,8,Casa,2,Eficiente
338,True,9,Departamento,2,Moderado
561,True,17,Casa,3,Moderado
496,True,11,Casa,3,Moderado
504,True,10,Casa,6,Ineficiente
340,False,7,Departamento,8,Ineficiente
393,True,8,Departamento,8,Ineficiente
591,False,18,Casa,5,Moderado
592,False,21,Casa,5,Moderado
651,True,13,Casa,12,Ineficiente
685,True,19,Casa,11,Ineficiente
633,False,20,Casa,4,Moderado
440,False,11,Departamento,12,Ineficiente
654,True,23,Casa,3,Moderado
470,True,10,Casa,4,Ineficiente
477,True,9,Casa,9,Ineficiente
376,True,10,Departamento,2,Ineficiente
408,True,12,Departamento,5,Ineficiente
494,True,10,Casa,8,Ineficiente
467,True,13,Departamento,6,Ineficiente
657,True,21,Casa,3,Ineficiente
444,True,9,Casa,2,Ineficiente
713,False,24,Casa,7,Moderado
615,True,15,Casa,6,Ineficiente
543,False,17,Casa,4,Eficiente
375,True,7,Departamento,12,Ineficiente
360,False,8,Departamento,12,Ineficiente
551,True,14,Departamento,12,Ineficiente
528,True,10,Casa,10,Ineficiente
667,True,19,Casa,4,Moderado
349,True,11,Departamento,3,Moderado
495,False,11,Casa,6,Moderado
786,True,24,Casa,10,Ineficiente
718,False,21,Casa,9,Ineficiente
313,True,4,Departamento,7,Ineficiente
639,True,19,Casa,4,Ineficiente
561,True,12,Casa,7,Ineficiente
346,False,8,Departamento,6,Moderado
447,True,10,Casa,2,Moderado
621,False,22,Casa,6,Moderado
749,True,21,Casa,8,Ineficiente
637,False,18,Casa,10,Moderado
394,True,9,Departamento,2,Ineficiente
475,True,11,Casa,4,Moderado
685,True,19,Casa,9,Ineficiente
337,True,5,Departamento,7,Ineficiente
326,True,5,Departamento,6,Ineficiente
467,True,10,Departamento,11,Ineficiente
609,True,19,Casa,3,Moderado
677,True,23,Casa,4,Moderado
416,True,14,Departamento,3,Ineficiente
203,True,4,Departamento,2,Eficiente
716,True,18,Casa,8,Ineficiente
582,False,20,Casa,4,Eficiente
576,False,16,Casa,8,Moderado
456,True,11,Departamento,8,Ineficiente
650,False,19,Casa,9,Ineficiente
497,False,16,Casa,2,Eficiente
673,True,20,Casa,6,Ineficiente
495,True,13,Departamento,11,Ineficiente
447,False,13,Departamento,10,Ineficiente
704,True,17,Casa,12,Ineficiente
332,False,9,Departamento,8,Ineficiente
349,False,11,Departamento,2,Eficiente
786,True,24,Casa,9,Ineficiente
638,True,20,Casa,4,Ineficiente
657,True,20,Casa,5,Ineficiente
342,True,6,Departamento,5,Ineficiente
703,True,17,Casa,11,Ineficiente
438,True,10,Departamento,9,Ineficiente
387,True,13,Departamento,2,Moderado
511,True,8,Casa,9,Ineficiente
337,True,4,Departamento,10,Ineficiente
822,True,23,Casa,10,Ineficiente
712,True,22,Casa,6,Ineficiente
499,True,14,Departamento,5,Ineficiente
317,True,6,Departamento,5,Ineficiente
654,False,20,Casa,10,Moderado
479,True,8,Departamento,9,Ineficiente
492,True,14,Departamento,11,Ineficiente
696,False,23,Casa,11,Ineficiente
279,True,5,Departamento,8,Ineficiente
748,False,24,Casa,4,Moderado
682,True,18,Casa,5,Ineficiente
593,False,15,Casa,10,Ineficiente
362,False,8,Departamento,9,Ineficiente
391,True,12,Departamento,2,Ineficiente
662,True,23,Casa,4,Ineficiente
746,False,21,Casa,11,Ineficiente
331,False,9,Departamento,3,Moderado
637,False,24,Casa,3,Moderado
405,True,8,Departamento,9,Ineficiente
326,False,8,Departamento,7,Moderado
467,True,8,Casa,7,Ineficiente
350,True,9,Departamento,5,Ineficiente
662,True,22,Casa,2,Moderado
347,True,4,Departamento,12,Ineficiente
474,False,14,Departamento,8,Ineficiente
468,True,12,Departamento,9,Ineficiente
659,True,22,Casa,3,Ineficiente
207,False,4,Departamento,3,Moderado
616,False,22,Casa,2,Eficiente
606,True,17,Casa,5,Moderado
723,True,21,Casa,7,Ineficiente
544,True,13,Casa,6,Ineficiente
668,True,21,Casa,5,Ineficiente
386,True,12,Departamento,5,Ineficiente
528,True,14,Departamento,11,Ineficiente
534,True,9,Casa,8,Ineficiente
390,False,11,Departamento,8,Ineficiente
538,True,15,Casa,3,Ineficiente
330,True,6,Departamento,8,Ineficiente
335,True,11,Departamento,3,Moderado
496,True,9,Casa,5,Ineficiente
289,True,6,Departamento,2,Ineficiente
606,True,15,Casa,6,Ineficiente
689,True,23,Casa,2,Moderado
310,True,7,Departamento,5,Ineficiente
717,True,20,Casa,10,Ineficiente
736,True,22,Casa,9,Ineficiente
417,False,8,Casa,7,Moderado
404,True,9,Departamento,9,Ineficiente
578,True,13,Casa,6,Ineficiente
769,True,21,Casa,8,Ineficiente
366,False,10,Departamento,9,Ineficiente
371,False,10,Departamento,8,Moderado
598,True,16,Casa,5,Ineficiente
427,False,10,Casa,6,Moderado
684,True,17,Casa,11,Ineficiente
724,False,24,Casa,7,Moderado
639,True,14,Casa,12,Ineficiente
424,True,10,Departamento,7,Ineficiente
355,True,5,Departamento,10,Ineficiente
295,True,5,Departamento,11,Ineficiente
688,True,24,Casa,3,Ineficiente
390,True,7,Departamento,7,Ineficiente
558,True,14,Casa,4,Ineficiente
307,True,11,Departamento,3,Moderado
425,True,13,Departamento,7,Ineficiente
674,False,22,Casa,5,Moderado
337,False,10,Departamento,6,Moderado
546,False,19,Casa,6,Moderado
264,False,5,Departamento,4,Moderado
458,False,10,Casa,5,Moderado
560,True,16,Casa,4,Ineficiente
434,True,9,Departamento,8,Ineficiente
501,True,14,Casa,2,Moderado
375,True,9,Departamento,7,Ineficiente
661,False,23,Casa,5,Moderado
265,True,8,Departamento,2,Moderado
224,False,5,Departamento,2,Moderado
762,True,24,Casa,6,Ineficiente
494,False,13,Casa,6,Moderado
592,True,11,Casa,11,Ineficiente
445,True,8,Casa,8,Ineficiente
565,False,16,Casa,5,Moderado
489,True,12,Departamento,10,Ineficiente
403,True,12,Departamento,5,Ineficiente
323,True,4,Departamento,8,Ineficiente
374,True,10,Departamento,6,Ineficiente
460,True,12,Departamento,6,Ineficiente
404,True,9,Departamento,7,Ineficiente
740,True,21,Casa,9,Ineficiente
295,True,5,Departamento,6,Ineficiente
338,True,7,Departamento,4,Ineficiente
512,False,11,Casa,7,Moderado
564,False,16,Casa,3,Moderado
645,True,17,Casa,9,Ineficiente
571,True,11,Casa,9,Ineficiente
335,True,6,Departamento,4,Moderado
661,False,20,Casa,9,Moderado
697,False,19,Casa,10,Ineficiente
409,False,13,Departamento,6,Ineficiente
633,True,19,Casa,6,Ineficiente
653,True,19,Casa,7,Ineficiente
718,True,23,Casa,8,Ineficiente
372,True,10,Departamento,4,Ineficiente
410,True,11,Departamento,6,Ineficiente
597,True,18,Casa,2,Moderado
476,False,11,Departamento,12,Ineficiente
556,True,10,Casa,11,Ineficiente
417,False,14,Departamento,6,Moderado
398,True,11,Departamento,5,Ineficiente
293,False,12,Departamento,2,Eficiente
745,False,24,Casa,8,Ineficiente
228,False,6,Departamento,2,Eficiente
282,False,4,Departamento,9,Ineficiente
542,False,12,Casa,11,Ineficiente
328,True,8,Departamento,3,Ineficiente
524,True,10,Casa,11,Ineficiente
243,False,4,Departamento,6,Moderado
682,False,23,Casa,7,Moderado
310,False,5,Departamento,10,Ineficiente
477,True,9,Casa,8,Ineficiente
718,True,21,Casa,7,Ineficiente
650,False,21,Casa,6,Eficiente
395,False,8,Casa,7,Moderado
826,True,23,Casa,12,Ineficiente
688,True,22,Casa,5,Ineficiente
656,True,22,Casa,2,Ineficiente
726,True,19,Casa,10,Ineficiente
829,True,23,Casa,12,Ineficiente
457,True,14,Departamento,6,Ineficiente
706,False,22,Casa,9,Ineficiente
330,True,4,Departamento,8,Ineficiente
446,True,9,Departamento,9,Ineficiente
234,False,6,Departamento,2,Eficiente
493,False,9,Casa,10,Ineficiente
227,False,7,Departamento,2,Eficiente
435,True,10,Casa,4,Moderado
753,False,24,Casa,9,Moderado
638,True,15,Casa,12,Ineficiente
334,False,13,Departamento,2,Eficiente
663,True,21,Casa,2,Ineficiente
631,True,17,Casa,7,Moderado
474,True,14,Departamento,6,Ineficiente
346,True,5,Departamento,12,Ineficiente
405,False,8,Casa,7,Moderado
765,True,24,Casa,4,Ineficiente
494,True,13,Departamento,11,Ineficiente
623,True,14,Casa,11,Ineficiente
730,True,22,Casa,7,Ineficiente
569,False,20,Casa,3,Eficiente
493,False,14,Departamento,9,Ineficiente
310,False,7,Departamento,7,Moderado
307,True,6,Departamento,5,Ineficiente
303,True,4,Departamento,5,Ineficiente
717,True,17,Casa,12,Ineficiente
678,True,16,Casa,8,Ineficiente
570,True,16,Casa,4,Moderado
542,False,8,Casa,12,Ineficiente
741,True,24,Casa,4,Ineficiente
415,True,8,Departamento,7,Ineficiente
361,True,4,Departamento,10,Ineficiente
386,True,13,Departamento,2,Moderado
647,False,22,Casa,6,Moderado
249,True,7,Departamento,2,Moderado
226,True,6,Departamento,2,Eficiente
709,True,24,Casa,4,Moderado
377,False,11,Departamento,4,Moderado
517,False,15,Casa,5,Moderado
573,False,19,Casa,4,Moderado
724,True,21,Casa,7,Ineficiente
625,True,19,Casa,5,Moderado
705,True,17,Casa,9,Ineficiente
297,False,10,Departamento,2,Eficiente
465,False,13,Departamento,9,Ineficiente
328,False,5,Departamento,12,Ineficiente
295,True,7,Departamento,2,Moderado
678,False,17,Casa,12,Ineficiente
336,True,9,Departamento,2,Ineficiente
585,False,14,Casa,8,Moderado
465,True,12,Casa,2,Moderado
512,True,10,Casa,10,Ineficiente
633,True,18,Casa,9,Ineficiente
696,True,22,Casa,2,Ineficiente
519,True,12,Casa,3,Moderado
571,False,19,Casa,3,Moderado
422,True,13,Departamento,3,Moderado
751,True,22,Casa,7,Ineficiente
588,True,16,Casa,5,Ineficiente
560,True,14,Casa,9,Ineficiente
314,False,13,Departamento,2,Moderado
709,True,20,Casa,11,Ineficiente
577,True,15,Casa,5,Ineficiente
650,False,19,Casa,11,Ineficiente
513,False,8,Casa,12,Ineficiente
699,True,23,Casa,6,Ineficiente
734,False,24,Casa,10,Moderado
550,False,18,Casa,6,Moderado
584,False,14,Casa,12,Ineficiente
563,True,15,Casa,4,Ineficiente
360,False,5,Departamento,12,Ineficiente
559,True,14,Casa,5,Ineficiente
701,True,17,Casa,11,Ineficiente
690,True,18,Casa,8,Ineficiente
268,True,5,Departamento,2,Ineficiente
609,False,16,Casa,12,Ineficiente
591,True,14,Casa,7,Ineficiente
524,True,13,Departamento,9,Ineficiente
621,True,20,Casa,2,Moderado
546,True,10,Casa,9,Ineficiente
489,False,10,Casa,8,Moderado
285,True,7,Departamento,2,Moderado
550,True,9,Casa,10,Ineficiente
360,False,7,Departamento,12,Ineficiente
249,False,5,Departamento,4,Eficiente
509,True,13,Casa,3,Moderado
702,True,20,Casa,8,Ineficiente
511,False,8,Casa,12,Ineficiente
343,False,8,Casa,4,Moderado
401,False,9,Casa,2,Eficiente
375,False,7,Departamento,11,Ineficiente
313,False,10,Departamento,4,Moderado
417,False,13,Departamento,7,Moderado
619,False,22,Casa,4,Eficiente
377,True,10,Departamento,6,Ineficiente
397,True,7,Departamento,10,Ineficiente
504,True,11,Departamento,8,Ineficiente
459,True,9,Casa,3,Moderado
282,False,10,Departamento,2,Eficiente
603,False,16,Casa,8,Moderado
508,False,13,Casa,5,Moderado
678,False,21,Casa,12,Ineficiente
449,True,12,Departamento,8,Ineficiente
342,False,9,Departamento,7,Moderado
685,True,19,Casa,8,Ineficiente
664,True,20,Casa,5,Ineficiente
674,True,21,Casa,4,Ineficiente
590,False,19,Casa,6,Moderado
482,True,11,Casa,4,Ineficiente
547,False,17,Casa,4,Moderado
449,True,12,Departamento,5,Ineficiente
533,True,11,Casa,9,Ineficiente
616,True,19,Casa,3,Moderado
656,True,20,Casa,5,Moderado
517,False,13,Departamento,12,Ineficiente
443,True,13,Departamento,4,Ineficiente
298,False,7,Departamento,8,Ineficiente
641,False,22,Casa,3,Moderado
360,False,9,Casa,2,Eficiente
815,True,24,Casa,11,Ineficiente
230,False,4,Departamento,2,Moderado
252,True,4,Departamento,7,Ineficiente
365,True,11,Departamento,4,Ineficiente
496,True,14,Departamento,8,Ineficiente
378,False,10,Departamento,9,Ineficiente
574,True,14,Casa,6,Ineficiente
466,True,14,Departamento,6,Ineficiente
436,True,11,Casa,3,Moderado
656,True,16,Casa,9,Ineficiente
559,True,12,Casa,11,Ineficiente
625,False,22,Casa,2,Moderado
635,True,15,Casa,11,Ineficiente
614,False,13,Casa,10,Moderado
616,False,22,Casa,2,Eficiente
484,False,14,Casa,2,Eficiente
588,True,17,Casa,2,Moderado
583,True,13,Casa,8,Ineficiente
682,True,21,Casa,5,Ineficiente
748,True,24,Casa,8,Ineficiente
367,False,11,Departamento,6,Moderado
266,True,4,Departamento,8,Ineficiente
370,False,7,Departamento,11,Ineficiente
521,False,14,Departamento,8,Ineficiente
471,True,9,Casa,5,Moderado
288,False,8,Departamento,3,Moderado
674,True,20,Casa,9,Ineficiente
530,True,15,Casa,3,Ineficiente
422,False,10,Departamento,10,Ineficiente
469,False,13,Casa,6,Moderado
318,True,4,Departamento,10,Ineficiente
495,True,12,Departamento,10,Ineficiente
345,True,4,Departamento,9,Ineficiente
412,True,9,Departamento,9,Ineficiente
695,False,24,Casa,5,Moderado
515,False,14,Casa,5,Moderado
601,False,22,Casa,3,Eficiente
654,False,22,Casa,5,Eficiente
463,True,14,Departamento,5,Ineficiente
388,True,9,Departamento,7,Ineficiente
252,True,6,Departamento,4,Ineficiente
634,False,20,Casa,3,Moderado
568,False,16,Casa,9,Moderado
543,False,17,Casa,3,Moderado
559,True,11,Casa,9,Ineficiente
301,True,4,Departamento,8,Ineficiente
632,False,21,Casa,4,Eficiente
633,True,18,Casa,7,Ineficiente
751,False,23,Casa,7,Moderado
450,True,10,Departamento,11,Ineficiente
455,True,12,Departamento,6,Ineficiente
586,False,17,Casa,9,Moderado
695,True,16,Casa,12,Ineficiente
434,False,10,Casa,6,Moderado
639,False,21,Casa,8,Moderado
382,True,10,Departamento,7,Ineficiente
402,False,10,Departamento,12,Ineficiente
721,True,21,Casa,8,Ineficiente
850,True,23,Casa,10,Ineficiente
342,False,7,Departamento,4,Moderado
566,True,11,Casa,11,Ineficiente
390,True,7,Departamento,8,Ineficiente
534,False,13,Casa,11,Moderado
492,True,14,Casa,4,Moderado
632,False,22,Casa,3,Moderado
453,False,8,Casa,8,Ineficiente
404,True,10,Departamento,5,Ineficiente
439,True,8,Casa,2,Moderado
644,True,18,Casa,7,Ineficiente
768,True,21,Casa,12,Ineficiente
628,False,18,Casa,7,Ineficiente
619,False,17,Casa,7,Moderado
690,True,24,Casa,3,Moderado
354,True,10,Departamento,2,Moderado
660,False,22,Casa,4,Moderado
698,True,23,Casa,3,Moderado
420,False,14,Departamento,7,Moderado
572,False,16,Casa,7,Moderado
356,True,7,Departamento,6,Ineficiente
681,True,18,Casa,11,Ineficiente
418,False,12,Departamento,11,Ineficiente
502,True,13,Departamento,6,Ineficiente
395,True,7,Departamento,10,Ineficiente
393,False,11,Departamento,6,Ineficiente
553,False,12,Casa,11,Moderado
435,True,10,Departamento,7,Ineficiente
768,True,21,Casa,12,Ineficiente
715,True,22,Casa,5,Ineficiente
565,True,12,Casa,11,Ineficiente
422,True,11,Casa,2,Moderado
455,True,9,Casa,5,Ineficiente
497,True,14,Casa,3,Moderado
630,True,17,Casa,11,Ineficiente
308,True,6,Departamento,4,Ineficiente
286,True,5,Departamento,8,Ineficiente
796,True,24,Casa,8,Ineficiente
665,True,20,Casa,2,Moderado
415,False,8,Casa,9,Moderado
492,True,8,Casa,8,Ineficiente
666,False,22,Casa,2,Moderado
440,False,8,Casa,9,Moderado
530,True,13,Casa,3,Ineficiente
483,False,12,Departamento,9,Ineficiente
395,True,8,Casa,4,Moderado
567,True,12,Casa,11,Ineficiente
643,True,16,Casa,8,Ineficiente
815,True,24,Casa,7,Ineficiente
713,True,23,Casa,6,Ineficiente
457,True,6,Departamento,12,Ineficiente
767,False,24,Casa,11,Ineficiente
690,False,22,Casa,12,Ineficiente
382,True,9,Departamento,3,Ineficiente
313,True,8,Departamento,3,Moderado
252,True,4,Departamento,2,Moderado
557,True,13,Casa,10,Ineficiente
477,False,14,Departamento,12,Ineficiente
459,True,8,Casa,9,Ineficiente
618,True,17,Casa,9,Ineficiente
532,False,17,Casa,2,Eficiente
466,False,10,Casa,6,Moderado
747,True,24,Casa,7,Ineficiente
569,True,18,Casa,3,Ineficiente
317,True,4,Departamento,11,Ineficiente
460,True,13,Departamento,6,Ineficiente
447,True,12,Departamento,7,Ineficiente
752,True,21,Casa,10,Ineficiente
450,False,10,Departamento,11,Ineficiente
715,True,24,Casa,2,Moderado
539,True,14,Departamento,11,Ineficiente
694,True,19,Casa,4,Moderado
348,True,5,Departamento,10,Ineficiente
652,True,18,Casa,2,Moderado
366,True,9,Departamento,2,Ineficiente
341,True,10,Departamento,2,Moderado
577,True,12,Casa,8,Ineficiente
689,True,21,Casa,6,Ineficiente
301,True,6,Departamento,7,Ineficiente
748,True,22,Casa,9,Ineficiente
324,True,10,Departamento,3,Moderado
700,True,23,Casa,3,Ineficiente
637,True,18,Casa,4,Ineficiente
476,False,13,Casa,4,Moderado
667,False,23,Casa,4,Moderado
444,True,13,Departamento,5,Ineficiente
413,False,8,Casa,4,Moderado
571,True,16,Casa,3,Moderado
654,False,19,Casa,10,Moderado
780,True,24,Casa,7,Ineficiente
268,True,4,Departamento,4,Ineficiente
301,True,5,Departamento,10,Ineficiente
638,True,19,Casa,5,Ineficiente
345,False,11,Departamento,5,Moderado
508,True,14,Departamento,9,Ineficiente
701,True,20,Casa,8,Ineficiente
390,True,11,Departamento,8,Ineficiente
717,True,21,Casa,11,Ineficiente
623,True,17,Casa,8,Ineficiente
512,True,13,Departamento,11,Ineficiente
667,True,14,Casa,12,Ineficiente
293,False,9,Departamento,6,Moderado
422,True,11,Departamento,8,Ineficiente
717,True,23,Casa,5,Ineficiente
337,True,6,Departamento,9,Ineficiente
754,False,24,Casa,10,Ineficiente
669,True,20,Casa,4,Ineficiente
348,True,7,Departamento,8,Ineficiente
330,False,5,Departamento,11,Ineficiente
650,True,16,Casa,10,Ineficiente
474,True,13,Casa,2,Ineficiente
375,True,11,Departamento,3,Ineficiente
405,False,11,Departamento,8,Ineficiente
351,False,10,Departamento,3,Moderado
715,False,21,Casa,8,Moderado
686,True,24,Casa,2,Moderado
457,True,10,Casa,4,Moderado
398,True,10,Departamento,6,Ineficiente
744,False,23,Casa,12,Ineficiente
728,False,23,Casa,7,Moderado
339,True,4,Departamento,10,Ineficiente
753,False,24,Casa,10,Ineficiente
299,True,5,Departamento,4,Ineficiente
472,True,12,Departamento,9,Ineficiente
356,True,8,Departamento,5,Ineficiente
545,True,11,Casa,8,Ineficiente
649,True,18,Casa,7,Ineficiente
392,True,9,Departamento,9,Ineficiente
461,False,13,Departamento,7,Ineficiente
209,False,4,Departamento,5,Eficiente
547,False,15,Casa,3,Moderado
402,False,11,Departamento,8,Ineficiente
453,True,10,Departamento,12,Ineficiente
482,True,10,Departamento,12,Ineficiente
395,False,12,Departamento,5,Moderado
433,True,7,Departamento,10,Ineficiente
367,False,10,Departamento,10,Moderado
454,False,9,Casa,8,Ineficiente
612,False,17,Casa,6,Moderado
653,True,19,Casa,4,Ineficiente
575,True,15,Casa,4,Ineficiente
680,False,18,Casa,10,Ineficiente
621,False,17,Casa,10,Moderado
644,False,20,Casa,12,Ineficiente
727,True,24,Casa,5,Ineficiente
555,True,12,Departamento,12,Ineficiente
239,False,6,Departamento,2,Eficiente
670,False,20,Casa,11,Ineficiente
412,True,9,Departamento,6,Ineficiente
662,True,16,Casa,9,Ineficiente
695,False,20,Casa,11,Moderado
589,True,15,Casa,5,Ineficiente
468,False,9,Casa,11,Ineficiente
375,True,6,Departamento,11,Ineficiente
275,True,4,Departamento,5,Ineficiente
725,False,21,Casa,10,Ineficiente
765,True,23,Casa,10,Ineficiente
664,True,18,Casa,8,Ineficiente
557,True,8,Casa,11,Ineficiente
623,False,14,Casa,9,Ineficiente
697,True,23,Casa,5,Ineficiente
364,True,6,Departamento,9,Ineficiente
326,False,10,Departamento,7,Moderado
670,True,21,Casa,4,Ineficiente
341,True,6,Departamento,8,Ineficiente
738,True,23,Casa,4,Moderado
746,False,24,Casa,12,Ineficiente
542,True,13,Casa,8,Ineficiente
381,True,7,Departamento,6,Ineficiente
351,True,9,Departamento,5,Ineficiente
260,False,6,Departamento,4,Moderado
747,False,24,Casa,9,Moderado
419,True,13,Departamento,5,Ineficiente
549,True,12,Casa,9,Ineficiente
440,False,10,Departamento,11,Ineficiente
507,True,11,Casa,4,Ineficiente
529,False,11,Casa,11,Ineficiente
541,True,10,Casa,10,Ineficiente
317,False,7,Departamento,7,Ineficiente
578,True,14,Casa,6,Ineficiente
455,False,14,Departamento,6,Moderado
652,True,20,Casa,4,Ineficiente
390,True,11,Departamento,3,Moderado
390,True,8,Departamento,7,Ineficiente
469,True,9,Departamento,12,Ineficiente
485,True,10,Casa,2,Moderado
772,True,24,Casa,8,Ineficiente
599,False,19,Casa,6,Moderado
322,True,7,Departamento,5,Ineficiente
606,False,15,Casa,10,Ineficiente
770,True,22,Casa,11,Ineficiente
542,True,12,Casa,2,Ineficiente
587,True,11,Casa,12,Ineficiente
208,False,4,Departamento,5,Moderado
652,False,22,Casa,4,Moderado
447,True,10,Departamento,7,Ineficiente
593,False,19,Casa,6,Moderado
499,True,10,Casa,8,Ineficiente
570,True,17,Casa,2,Moderado
696,True,22,Casa,6,Moderado
553,True,17,Casa,3,Moderado
232,True,5,Departamento,3,Moderado
529,False,10,Casa,12,Ineficiente
432,True,7,Departamento,12,Ineficiente
362,False,8,Casa,3,Moderado
543,True,10,Casa,10,Ineficiente
425,True,8,Departamento,11,Ineficiente
436,False,12,Casa,4,Moderado
425,False,8,Casa,5,Moderado
475,False,11,Casa,6,Eficiente
516,True,11,Casa,5,Ineficiente
284,False,6,Departamento,5,Moderado
710,False,21,Casa,6,Ineficiente
485,True,13,Departamento,11,Ineficiente
386,True,8,Departamento,10,Ineficiente
587,True,10,Casa,10,Ineficiente
353,True,6,Departamento,7,Ineficiente
588,True,11,Casa,12,Ineficiente
334,False,11,Departamento,4,Moderado
647,True,18,Casa,7,Ineficiente
388,False,9,Departamento,11,Ineficiente
402,False,10,Casa,5,Moderado
551,True,13,Casa,4,Ineficiente
376,True,11,Departamento,7,Ineficiente
339,True,4,Departamento,12,Ineficiente
669,False,22,Casa,7,Moderado
469,False,10,Casa,3,Moderado
460,True,11,Departamento,10,Ineficiente
449,False,13,Departamento,9,Ineficiente
387,True,10,Departamento,7,Ineficiente
379,False,13,Departamento,2,Eficiente
434,True,10,Departamento,3,Ineficiente
307,True,5,Departamento,5,Ineficiente
674,True,19,Casa,8,Ineficiente
728,True,23,Casa,10,Ineficiente
384,True,5,Departamento,11,Ineficiente
345,False,11,Departamento,6,Moderado
592,True,13,Casa,11,Ineficiente
736,True,24,Casa,3,Ineficiente
475,True,11,Departamento,12,Ineficiente
575,False,13,Casa,12,Ineficiente
614,False,14,Casa,12,Ineficiente
350,False,8,Casa,2,Eficiente
488,True,8,Casa,11,Ineficiente
496,True,12,Casa,2,Moderado
524,False,13,Casa,6,Moderado
740,True,23,Casa,8,Ineficiente
321,True,4,Departamento,10,Ineficiente
715,True,21,Casa,10,Ineficiente
387,False,9,Departamento,9,Ineficiente
369,False,11,Departamento,2,Moderado
601,False,17,Casa,6,Moderado
478,True,14,Departamento,7,Ineficiente
634,True,16,Casa,7,Ineficiente
373,False,13,Departamento,5,Eficiente
458,True,10,Casa,2,Ineficiente
345,True,10,Departamento,4,Moderado
507,True,13,Departamento,11,Ineficiente
691,True,20,Casa,5,Ineficiente
685,True,20,Casa,5,Ineficiente
309,True,5,Departamento,5,Ineficiente
479,True,14,Departamento,6,Ineficiente
514,True,8,Casa,12,Ineficiente
457,False,13,Departamento,10,Ineficiente
504,True,10,Casa,5,Moderado
348,True,5,Departamento,10,Ineficiente
674,False,20,Casa,10,Ineficiente
256,False,8,Departamento,2,Moderado
453,True,8,Casa,6,Ineficiente
516,False,12,Casa,10,Moderado
737,True,24,Casa,5,Ineficiente
578,True,15,Casa,6,Ineficiente
664,True,22,Casa,5,Moderado
544,True,11,Casa,3,Ineficiente
350,False,8,Departamento,11,Ineficiente
493,True,12,Casa,3,Moderado
426,True,8,Casa,3,Moderado
426,False,12,Casa,2,Eficiente
524,True,13,Casa,4,Moderado
485,False,9,Casa,12,Ineficiente
494,False,8,Casa,11,Moderado
466,True,11,Casa,2,Moderado
529,False,14,Casa,5,Moderado
449,True,8,Casa,2,Ineficiente
441,True,8,Casa,5,Ineficiente
582,True,15,Casa,4,Ineficiente
817,True,23,Casa,10,Ineficiente
381,True,12,Departamento,2,Ineficiente
676,True,17,Casa,9,Ineficiente
349,True,4,Departamento,12,Ineficiente
538,True,8,Casa,10,Ineficiente
255,False,4,Departamento,8,Moderado
231,False,5,Departamento,2,Eficiente
464,False,10,Casa,5,Moderado
364,False,9,Departamento,11,Ineficiente
558,True,17,Casa,2,Moderado
701,True,23,Casa,5,Ineficiente
291,True,4,Departamento,4,Ineficiente
214,False,6,Departamento,3,Eficiente
439,True,9,Casa,2,Moderado
491,True,8,Casa,7,Ineficiente
588,False,16,Casa,8,Moderado
675,False,20,Casa,7,Ineficiente
306,True,5,Departamento,10,Ineficiente
632,True,14,Casa,10,Ineficiente
645,False,23,Casa,3,Eficiente
639,True,22,Casa,3,Moderado
661,True,18,Casa,10,Ineficiente
452,True,8,Casa,2,Moderado
448,True,12,Departamento,6,Ineficiente
306,False,9,Departamento,2,Eficiente
498,True,13,Departamento,8,Ineficiente
547,True,12,Casa,10,Ineficiente
451,True,12,Departamento,7,Ineficiente
388,True,10,Departamento,3,Ineficiente
452,True,13,Departamento,7,Ineficiente
732,False,21,Casa,10,Moderado
583,True,17,Casa,4,Moderado
656,True,16,Casa,10,Ineficiente
623,False,17,Casa,9,Moderado
593,True,13,Casa,8,Ineficiente
777,True,24,Casa,9,Ineficiente
591,False,13,Casa,11,Ineficiente
419,True,10,Departamento,7,Ineficiente
432,True,10,Casa,4,Moderado
584,True,11,Casa,8,Ineficiente
262,False,7,Departamento,5,Moderado
516,True,10,Departamento,12,Ineficiente
525,True,14,Departamento,11,Ineficiente
460,True,14,Departamento,6,Ineficiente
506,True,8,Casa,9,Ineficiente
331,True,6,Departamento,8,Ineficiente
491,True,11,Casa,8,Moderado
728,True,21,Casa,9,Ineficiente
566,True,10,Casa,11,Ineficiente
547,True,12,Casa,4,Ineficiente
515,True,14,Casa,4,Moderado
285,True,5,Departamento,3,Ineficiente
292,True,7,Departamento,2,Moderado
656,False,18,Casa,11,Moderado
578,False,15,Casa,7,Moderado
396,True,10,Departamento,7,Ineficiente
353,True,4,Departamento,11,Ineficiente
758,True,21,Casa,9,Ineficiente
344,True,5,Departamento,7,Ineficiente
604,True,17,Casa,7,Moderado
667,True,23,Casa,2,Ineficiente
264,False,4,Departamento,8,Moderado
685,True,18,Casa,8,Ineficiente
784,True,23,Casa,11,Ineficiente
438,False,12,Departamento,10,Ineficiente
299,False,4,Departamento,8,Ineficiente
632,True,16,Casa,9,Ineficiente
629,True,16,Casa,5,Ineficiente
612,True,16,Casa,10,Ineficiente
249,True,5,Departamento,2,Moderado
660,True,19,Casa,9,Ineficiente
655,True,20,Casa,4,Ineficiente
313,True,7,Departamento,2,Moderado
645,False,23,Casa,3,Eficiente
416,False,8,Casa,7,Moderado
427,True,8,Casa,6,Ineficiente
361,True,7,Departamento,4,Ineficiente
598,True,13,Casa,10,Ineficiente
629,True,16,Casa,9,Ineficiente
322,True,5,Departamento,4,Ineficiente
641,False,23,Casa,3,Moderado
717,False,24,Casa,9,Moderado
398,False,8,Casa,6,Moderado
568,False,15,Casa,10,Moderado
377,False,10,Casa,2,Eficiente
575,True,12,Casa,11,Ineficiente
578,False,15,Casa,4,Moderado
432,True,8,Casa,6,Ineficiente
395,True,14,Departamento,3,Moderado
289,True,5,Departamento,4,Ineficiente
338,False,10,Departamento,5,Moderado
347,True,7,Departamento,5,Ineficiente
771,True,22,Casa,12,Ineficiente
387,True,8,Departamento,10,Ineficiente
598,True,16,Casa,2,Ineficiente
314,True,5,Departamento,10,Ineficiente
373,False,8,Departamento,10,Ineficiente
369,False,6,Departamento,12,Ineficiente
330,False,7,Departamento,7,Ineficiente
615,True,13,Casa,12,Ineficiente
651,True,23,Casa,2,Moderado
840,True,23,Casa,12,Ineficiente
659,True,19,Casa,7,Ineficiente
823,True,24,Casa,9,Ineficiente
289,False,6,Departamento,6,Ineficiente
276,True,4,Departamento,6,Ineficiente
503,False,15,Casa,2,Eficiente
314,False,9,Departamento,2,Moderado
363,True,6,Departamento,9,Ineficiente
279,False,7,Departamento,6,Moderado
235,False,4,Departamento,9,Ineficiente
546,True,10,Casa,11,Ineficiente
273,True,4,Departamento,3,Ineficiente
323,True,8,Departamento,5,Moderado
694,True,16,Casa,12,Ineficiente
665,True,16,Casa,11,Ineficiente
463,True,10,Departamento,10,Ineficiente
432,True,11,Casa,4,Moderado
265,True,4,Departamento,7,Ineficiente
403,True,7,Departamento,12,Ineficiente
549,True,9,Casa,8,Ineficiente
652,True,21,Casa,4,Ineficiente
237,True,4,Departamento,2,Ineficiente
550,True,12,Casa,3,Ineficiente
732,False,21,Casa,12,Ineficiente
578,True,10,Casa,11,Ineficiente
576,True,14,Casa,8,Ineficiente
360,True,5,Departamento,8,Ineficiente
608,True,17,Casa,2,Ineficiente
451,True,9,Departamento,11,Ineficiente
752,True,23,Casa,8,Ineficiente
633,False,16,Casa,11,Ineficiente
329,False,7,Departamento,12,Moderado
436,True,10,Departamento,7,Ineficiente
754,False,24,Casa,12,Ineficiente
520,True,11,Casa,7,Ineficiente
760,False,24,Casa,8,Moderado
656,True,16,Casa,8,Ineficiente
326,True,11,Departamento,2,Ineficiente
677,True,18,Casa,11,Ineficiente
693,True,20,Casa,6,Ineficiente
534,False,15,Casa,9,Moderado
360,True,4,Departamento,9,Ineficiente
285,True,5,Departamento,4,Ineficiente
670,True,19,Casa,4,Moderado
294,True,4,Departamento,8,Ineficiente
648,True,20,Casa,5,Ineficiente
597,False,16,Casa,7,Moderado
446,False,13,Departamento,10,Moderado
335,True,5,Departamento,11,Ineficiente
303,True,6,Departamento,3,Ineficiente
673,True,24,Casa,3,Moderado
608,False,16,Casa,7,Moderado
296,False,8,Departamento,4,Moderado
660,True,23,Casa,2,Moderado
426,False,9,Casa,3,Moderado
676,True,17,Casa,8,Ineficiente
367,True,9,Departamento,5,Ineficiente
508,False,12,Casa,3,Moderado
841,True,22,Casa,12,Ineficiente
333,True,4,Departamento,9,Ineficiente
646,False,20,Casa,5,Moderado
697,True,20,Casa,5,Ineficiente
648,True,22,Casa,3,Moderado
609,False,21,Casa,2,Eficiente
476,False,15,Casa,2,Eficiente
551,False,18,Casa,4,Moderado
448,True,12,Departamento,7,Ineficiente
651,True,17,Casa,8,Ineficiente
251,False,4,Departamento,10,Ineficiente
541,True,12,Casa,6,Ineficiente
718,True,20,Casa,10,Ineficiente
531,True,8,Casa,9,Ineficiente
568,True,15,Casa,2,Moderado
375,True,6,Departamento,12,Ineficiente
460,False,10,Casa,4,Moderado
573,False,14,Casa,9,Moderado
493,True,13,Departamento,10,Ineficiente
237,False,5,Departamento,5,Moderado
389,False,13,Departamento,7,Moderado
499,False,15,Casa,5,Moderado
291,True,4,Departamento,10,Ineficiente
533,True,14,Casa,3,Moderado
601,True,18,Casa,7,Moderado
691,True,18,Casa,12,Ineficiente
741,True,24,Casa,4,Moderado
648,True,13,Casa,11,Ineficiente
546,True,15,Casa,5,Ineficiente
304,True,6,Departamento,3,Ineficiente
687,True,17,Casa,12,Ineficiente
520,True,10,Casa,9,Ineficiente
533,False,11,Casa,11,Ineficiente
344,True,6,Departamento,9,Ineficiente
617,False,22,Casa,2,Moderado
477,False,8,Casa,11,Moderado
465,False,14,Departamento,7,Moderado
338,False,10,Departamento,2,Moderado
629,False,20,Casa,7,Eficiente
360,True,7,Departamento,8,Ineficiente
354,False,11,Departamento,3,Moderado
395,False,10,Departamento,10,Ineficiente
685,False,20,Casa,9,Moderado
485,True,11,Departamento,10,Ineficiente
618,True,12,Casa,11,Ineficiente
478,False,12,Casa,5,Moderado
653,True,21,Casa,5,Ineficiente
681,False,21,Casa,9,Moderado
526,True,15,Casa,2,Moderado
434,True,9,Departamento,9,Ineficiente
631,True,14,Casa,8,Ineficiente
775,True,22,Casa,8,Ineficiente
585,True,11,Casa,10,Ineficiente
641,True,16,Casa,11,Ineficiente
420,True,8,Departamento,8,Ineficiente
669,True,21,Casa,3,Ineficiente
626,True,21,Casa,2,Moderado
551,False,17,Casa,2,Moderado
704,False,23,Casa,8,Moderado
439,False,12,Casa,6,Moderado
342,True,9,Departamento,5,Ineficiente
395,True,10,Departamento,6,Ineficiente
734,True,20,Casa,11,Ineficiente
439,False,13,Departamento,11,Ineficiente
292,False,5,Departamento,7,Ineficiente
523,True,13,Departamento,11,Ineficiente
662,False,23,Casa,7,Moderado
496,True,9,Casa,2,Ineficiente
520,True,15,Casa,3,Moderado
370,False,13,Departamento,4,Moderado
394,True,10,Departamento,5,Ineficiente
641,True,18,Casa,7,Ineficiente
812,False,24,Casa,12,Ineficiente
332,True,4,Departamento,10,Ineficiente
247,True,5,Departamento,3,Ineficiente
439,False,12,Departamento,9,Ineficiente
390,True,11,Departamento,10,Ineficiente
564,True,15,Casa,3,Moderado
685,True,16,Casa,10,Ineficiente
255,True,4,Departamento,8,Ineficiente
768,True,23,Casa,10,Ineficiente
521,True,13,Casa,7,Moderado
379,True,11,Departamento,3,Ineficiente
787,True,21,Casa,9,Ineficiente
363,False,7,Departamento,11,Ineficiente
656,False,19,Casa,10,Ineficiente
299,False,9,Departamento,9,Ineficiente
541,True,16,Casa,3,Moderado
511,True,9,Casa,9,Ineficiente
384,False,13,Departamento,4,Moderado
463,True,9,Casa,4,Ineficiente
374,True,5,Departamento,10,Ineficiente
395,False,11,Departamento,10,Ineficiente
564,True,11,Casa,10,Ineficiente
634,True,19,Casa,5,Ineficiente
560,False,16,Casa,8,Moderado
484,False,11,Casa,9,Moderado
446,True,12,Departamento,6,Ineficiente
176,True,4,Departamento,2,Moderado
434,True,12,Departamento,10,Ineficiente
353,False,5,Departamento,7,Ineficiente
654,True,21,Casa,4,Ineficiente
427,True,11,Departamento,4,Ineficiente
428,False,11,Departamento,11,Ineficiente
406,True,14,Departamento,2,Ineficiente
350,False,7,Departamento,9,Ineficiente
508,False,15,Casa,3,Moderado
344,True,10,Departamento,2,Ineficiente
618,False,18,Casa,8,Moderado
650,True,14,Casa,12,Ineficiente
734,False,24,Casa,10,Ineficiente
297,False,7,Departamento,7,Moderado
336,True,6,Departamento,9,Ineficiente
249,False,4,Departamento,9,Ineficiente
410,False,8,Departamento,10,Ineficiente
534,True,12,Casa,8,Moderado
487,True,11,Departamento,10,Ineficiente
662,True,17,Casa,10,Ineficiente
618,True,12,Casa,12,Ineficiente
475,False,14,Casa,2,Moderado
211,False,4,Departamento,7,Moderado
325,True,4,Departamento,9,Ineficiente
752,True,20,Casa,11,Ineficiente
701,True,20,Casa,10,Ineficiente
335,True,4,Departamento,5,Ineficiente
463,True,9,Casa,3,Ineficiente
543,True,13,Departamento,12,Ineficiente
504,True,12,Departamento,10,Ineficiente
459,False,11,Casa,10,Ineficiente
712,True,19,Casa,9,Ineficiente
429,True,10,Departamento,4,Ineficiente
487,True,14,Departamento,6,Ineficiente
481,False,14,Casa,3,Eficiente
300,False,10,Departamento,4,Moderado
571,False,21,Casa,2,Moderado
631,True,20,Casa,5,Ineficiente
332,True,7,Departamento,6,Ineficiente
280,True,7,Departamento,3,Moderado
487,True,11,Casa,4,Ineficiente
351,False,9,Departamento,7,Moderado
421,False,10,Casa,7,Moderado
609,True,16,Casa,8,Ineficiente
530,True,10,Casa,10,Ineficiente
288,False,8,Departamento,5,Moderado
551,True,13,Casa,6,Ineficiente
734,True,19,Casa,12,Ineficiente
369,False,8,Casa,3,Moderado
392,True,10,Departamento,7,Ineficiente
375,False,12,Departamento,5,Ineficiente
325,True,4,Departamento,6,Ineficiente
565,False,17,Casa,8,Moderado
320,False,6,Departamento,7,Ineficiente
663,False,22,Casa,9,Moderado
364,True,7,Departamento,7,Ineficiente
555,True,14,Departamento,11,Ineficiente
535,True,12,Casa,9,Ineficiente
447,True,13,Departamento,5,Ineficiente
449,False,10,Casa,8,Moderado
574,True,14,Casa,4,Moderado
615,False,24,Casa,2,Eficiente
486,True,8,Casa,10,Ineficiente
584,True,12,Casa,10,Ineficiente
435,False,13,Departamento,7,Moderado
427,True,8,Casa,3,Moderado
328,False,6,Departamento,9,Ineficiente
687,True,18,Casa,11,Ineficiente
580,False,18,Casa,7,Moderado
403,True,7,Departamento,8,Ineficiente
398,False,9,Casa,2,Moderado
532,True,14,Casa,4,Moderado
325,True,11,Departamento,2,Moderado
668,False,17,Casa,11,Ineficiente
435,False,10,Casa,2,Eficiente
725,True,19,Casa,12,Ineficiente
386,True,13,Departamento,2,Moderado
288,True,5,Departamento,5,Ineficiente
487,True,14,Departamento,8,Ineficiente
467,False,14,Departamento,8,Moderado
702,True,23,Casa,6,Ineficiente
512,True,11,Casa,7,Ineficiente
221,False,5,Departamento,3,Eficiente
719,True,22,Casa,6,Ineficiente
461,False,8,Casa,8,Ineficiente
507,False,10,Casa,10,Ineficiente
588,True,12,Casa,7,Ineficiente
333,False,7,Departamento,11,Ineficiente
719,True,21,Casa,5,Moderado
557,True,16,Casa,4,Moderado
535,True,10,Casa,10,Ineficiente
448,True,11,Departamento,8,Ineficiente
598,True,10,Casa,12,Ineficiente
643,True,18,Casa,7,Ineficiente
295,False,5,Departamento,8,Moderado
308,False,6,Departamento,9,Moderado
574,False,20,Casa,6,Moderado
706,True,23,Casa,4,Ineficiente
513,True,14,Casa,4,Moderado
672,True,20,Casa,3,Moderado
582,True,11,Casa,9,Ineficiente
536,True,16,Casa,2,Moderado
589,False,17,Casa,9,Moderado
565,True,16,Casa,4,Moderado
512,True,13,Departamento,10,Ineficiente
536,True,13,Departamento,12,Ineficiente
500,True,13,Departamento,3,Ineficiente
693,True,18,Casa,11,Ineficiente
583,True,12,Casa,10,Ineficiente
484,False,14,Departamento,7,Ineficiente
582,True,17,Casa,2,Ineficiente
658,False,23,Casa,6,Moderado
745,True,20,Casa,11,Ineficiente
408,True,7,Departamento,10,Ineficiente
355,False,10,Departamento,7,Moderado
684,True,18,Casa,8,Ineficiente
646,True,18,Casa,5,Ineficiente
364,False,14,Departamento,2,Moderado
661,True,17,Casa,6,Ineficiente
305,True,8,Departamento,3,Ineficiente
380,False,9,Departamento,9,Ineficiente
234,False,5,Departamento,5,Eficiente
532,True,17,Casa,2,Moderado
583,True,11,Casa,11,Ineficiente
632,False,16,Casa,8,Moderado
377,True,5,Departamento,12,Ineficiente
251,True,6,Departamento,3,Moderado
622,True,18,Casa,4,Ineficiente
551,False,14,Casa,10,Moderado
435,True,8,Departamento,10,Ineficiente
364,False,13,Departamento,3,Eficiente
274,True,7,Departamento,4,Ineficiente
833,True,24,Casa,12,Ineficiente
487,False,9,Casa,10,Moderado
260,False,8,Departamento,2,Eficiente
299,True,8,Departamento,3,Moderado
847,True,23,Casa,12,Ineficiente
422,False,11,Casa,3,Eficiente
588,False,13,Casa,11,Moderado
515,True,13,Casa,4,Ineficiente
718,True,18,Casa,11,Ineficiente
293,False,8,Departamento,4,Moderado
512,False,10,Casa,11,Ineficiente
313,False,11,Departamento,3,Moderado
546,True,10,Casa,9,Ineficiente
432,True,8,Departamento,9,Ineficiente
461,True,13,Departamento,9,Ineficiente
584,True,18,Casa,3,Moderado
834,True,22,Casa,10,Ineficiente
579,True,12,Casa,12,Ineficiente
741,True,23,Casa,8,Ineficiente
467,True,12,Departamento,6,Ineficiente
357,False,7,Departamento,8,Ineficiente
535,False,16,Casa,9,Moderado
564,True,10,Casa,10,Ineficiente
636,True,20,Casa,3,Ineficiente
315,True,5,Departamento,7,Ineficiente
601,False,14,Casa,10,Ineficiente
554,True,13,Casa,7,Ineficiente
267,False,8,Departamento,3,Eficiente
286,True,7,Departamento,2,Moderado
680,True,22,Casa,4,Moderado
468,False,12,Departamento,12,Ineficiente
656,True,17,Casa,6,Ineficiente
495,True,8,Casa,8,Ineficiente
402,True,7,Departamento,11,Ineficiente
542,True,14,Departamento,11,Ineficiente
456,True,8,Casa,4,Moderado
793,True,23,Casa,10,Ineficiente
711,False,22,Casa,11,Ineficiente
684,False,23,Casa,5,Moderado
603,False,18,Casa,11,Moderado
553,True,13,Casa,3,Ineficiente
655,True,18,Casa,4,Moderado
455,True,12,Departamento,6,Ineficiente
404,True,10,Departamento,4,Ineficiente
341,True,7,Departamento,6,Ineficiente
493,False,14,Casa,5,Eficiente
401,True,8,Departamento,12,Ineficiente
509,False,14,Departamento,11,Ineficiente
264,True,5,Departamento,4,Ineficiente
381,True,9,Departamento,7,Ineficiente
438,True,10,Departamento,9,Ineficiente
538,True,13,Casa,5,Ineficiente
515,True,8,Casa,10,Ineficiente
336,False,11,Departamento,7,Moderado
346,False,10,Departamento,6,Moderado
258,False,5,Departamento,4,Moderado
504,True,11,Casa,6,Ineficiente
430,False,10,Casa,6,Moderado
427,False,8,Casa,5,Moderado
344,True,7,Departamento,7,Ineficiente
522,False,15,Casa,4,Eficiente
515,True,8,Casa,11,Ineficiente
646,True,21,Casa,2,Ineficiente
577,True,11,Casa,8,Ineficiente
489,True,13,Departamento,8,Ineficiente
282,True,6,Departamento,5,Ineficiente
453,True,11,Departamento,10,Ineficiente
459,False,13,Casa,3,Eficiente
345,False,12,Departamento,2,Moderado
630,False,20,Casa,4,Moderado
331,True,5,Departamento,8,Ineficiente
761,True,22,Casa,10,Ineficiente
639,True,23,Casa,3,Moderado
325,False,6,Departamento,7,Ineficiente
440,True,14,Departamento,4,Ineficiente
611,True,16,Casa,6,Ineficiente
388,False,9,Departamento,10,Ineficiente
705,True,24,Casa,4,Moderado
694,True,24,Casa,2,Moderado
684,False,24,Casa,6,Moderado
645,True,19,Casa,2,Moderado
657,True,20,Casa,9,Ineficiente
659,True,19,Casa,8,Ineficiente
758,True,21,Casa,12,Ineficiente
470,True,14,Departamento,3,Ineficiente
523,False,9,Casa,12,Ineficiente
314,True,5,Departamento,10,Ineficiente
521,False,14,Casa,6,Moderado
457,True,11,Departamento,8,Ineficiente
756,True,22,Casa,5,Ineficiente
449,False,13,Casa,2,Eficiente
458,False,10,Casa,9,Ineficiente
511,True,13,Casa,2,Ineficiente
660,False,23,Casa,4,Moderado
330,True,5,Departamento,7,Ineficiente
522,True,14,Departamento,9,Ineficiente
377,False,9,Departamento,9,Ineficiente
302,True,6,Departamento,3,Ineficiente
603,True,11,Casa,10,Ineficiente
549,True,14,Casa,5,Ineficiente
472,True,11,Casa,5,Moderado
630,True,19,Casa,3,Moderado
452,True,12,Casa,2,Moderado
564,True,12,Casa,11,Ineficiente
500,True,10,Casa,8,Ineficiente
681,True,18,Casa,12,Ineficiente
414,True,6,Departamento,11,Ineficiente
374,True,10,Departamento,4,Ineficiente
565,False,16,Casa,5,Moderado
436,False,10,Departamento,12,Ineficiente
304,False,5,Departamento,10,Ineficiente
713,True,20,Casa,7,Ineficiente
652,True,22,Casa,2,Moderado
576,True,12,Casa,10,Ineficiente
454,False,14,Departamento,10,Ineficiente
360,True,6,Departamento,6,Ineficiente
611,False,17,Casa,9,Ineficiente
670,False,20,Casa,8,Moderado
554,True,10,Casa,12,Ineficiente
644,True,15,Casa,9,Ineficiente
672,True,16,Casa,10,Ineficiente
374,True,13,Departamento,3,Ineficiente
421,True,8,Departamento,11,Ineficiente
372,False,11,Departamento,6,Moderado
335,True,5,Departamento,9,Ineficiente
335,True,6,Departamento,4,Ineficiente
520,True,9,Casa,12,Ineficiente
466,False,13,Departamento,12,Ineficiente
676,False,23,Casa,7,Moderado
425,False,12,Departamento,7,Ineficiente
576,False,17,Casa,8,Ineficiente
495,True,14,Departamento,12,Ineficiente
735,True,24,Casa,4,Moderado
763,True,23,Casa,9,Ineficiente
739,True,20,Casa,9,Ineficiente
502,False,9,Casa,10,Moderado
413,True,9,Departamento,9,Ineficiente
318,True,9,Departamento,4,Moderado
497,True,11,Casa,7,Ineficiente
752,True,24,Casa,10,Ineficiente
580,False,20,Casa,2,Moderado
474,True,11,Casa,4,Ineficiente
411,False,10,Casa,3,Eficiente
365,True,6,Departamento,9,Ineficiente
646,True,15,Casa,7,Ineficiente
508,False,9,Casa,11,Ineficiente
579,False,13,Casa,12,Ineficiente
655,True,17,Casa,12,Ineficiente
695,True,19,Casa,9,Ineficiente
455,True,14,Departamento,3,Moderado
704,True,17,Casa,12,Ineficiente
437,False,10,Casa,7,Moderado
637,True,17,Casa,8,Ineficiente
597,False,16,Casa,9,Ineficiente
687,False,21,Casa,10,Ineficiente
273,True,4,Departamento,6,Ineficiente
397,True,9,Departamento,12,Ineficiente
543,True,15,Casa,4,Ineficiente
539,True,14,Casa,3,Moderado
608,True,13,Casa,9,Ineficiente
594,True,18,Casa,2,Ineficiente
366,False,6,Departamento,11,Ineficiente
443,True,12,Departamento,7,Ineficiente
592,False,21,Casa,3,Eficiente
461,True,10,Casa,4,Ineficiente
716,False,22,Casa,9,Moderado
315,False,11,Departamento,2,Moderado
302,True,5,Departamento,7,Ineficiente
551,False,19,Casa,4,Moderado
558,True,14,Casa,7,Ineficiente
336,False,11,Departamento,4,Moderado
473,False,8,Casa,12,Ineficiente
760,True,22,Casa,12,Ineficiente
535,True,8,Casa,9,Ineficiente
412,True,10,Departamento,6,Ineficiente
755,True,22,Casa,5,Ineficiente
459,False,10,Casa,10,Moderado
269,False,5,Departamento,6,Moderado
564,True,15,Casa,5,Ineficiente
650,False,19,Casa,9,Moderado
696,False,19,Casa,9,Ineficiente
669,True,20,Casa,9,Ineficiente
262,True,4,Departamento,5,Ineficiente
484,True,13,Casa,2,Ineficiente
491,False,15,Casa,3,Eficiente
405,False,11,Casa,5,Moderado
453,True,8,Departamento,11,Ineficiente
430,True,12,Departamento,3,Ineficiente
556,False,11,Casa,12,Ineficiente
496,False,11,Casa,11,Ineficiente
262,False,6,Departamento,4,Moderado
602,True,12,Casa,10,Ineficiente
508,True,13,Departamento,10,Ineficiente
467,True,10,Departamento,12,Ineficiente
408,True,6,Departamento,10,Ineficiente
710,False,24,Casa,8,Moderado
714,True,23,Casa,5,Ineficiente
247,False,6,Departamento,2,Moderado
462,True,9,Casa,4,Ineficiente
645,False,18,Casa,9,Moderado
470,True,14,Departamento,5,Ineficiente
524,True,13,Departamento,11,Ineficiente
529,True,9,Casa,11,Ineficiente
551,True,16,Casa,3,Moderado
473,False,9,Casa,9,Ineficiente
422,True,8,Departamento,8,Ineficiente
378,True,5,Departamento,12,Ineficiente
742,False,22,Casa,11,Moderado
628,False,17,Casa,10,Ineficiente
429,True,11,Departamento,3,Ineficiente
556,False,16,Casa,6,Moderado
542,True,11,Casa,7,Ineficiente
253,True,5,Departamento,3,Moderado
666,True,23,Casa,3,Moderado
348,True,4,Departamento,11,Ineficiente
748,True,23,Casa,5,Ineficiente
512,True,8,Casa,9,Ineficiente
470,True,13,Departamento,12,Ineficiente
596,False,17,Casa,6,Moderado
352,True,7,Departamento,10,Ineficiente
478,False,11,Casa,5,Moderado
621,False,20,Casa,4,Moderado
787,True,23,Casa,11,Ineficiente
605,True,13,Casa,9,Ineficiente
586,True,18,Casa,2,Moderado
503,False,10,Casa,10,Moderado
575,True,17,Casa,5,Ineficiente
526,True,8,Casa,12,Ineficiente
441,False,11,Departamento,10,Ineficiente
417,True,11,Departamento,9,Ineficiente
465,True,14,Departamento,4,Ineficiente
512,True,15,Casa,4,Moderado
614,False,18,Casa,10,Ineficiente
266,False,7,Departamento,4,Eficiente
560,True,14,Casa,5,Ineficiente
656,True,17,Casa,10,Ineficiente
306,False,9,Departamento,5,Eficiente
415,False,8,Departamento,12,Ineficiente
655,False,21,Casa,4,Moderado
744,True,23,Casa,8,Ineficiente
354,False,10,Departamento,7,Moderado
567,True,17,Casa,2,Moderado
422,True,5,Departamento,11,Ineficiente
316,False,6,Departamento,9,Ineficiente
334,True,7,Departamento,2,Ineficiente
440,False,9,Casa,5,Moderado
578,True,14,Casa,7,Ineficiente
275,False,6,Departamento,7,Moderado
404,True,8,Departamento,8,Ineficiente
422,False,11,Departamento,12,Ineficiente
631,True,18,Casa,6,Ineficiente
585,True,14,Casa,6,Ineficiente
315,False,9,Departamento,5,Moderado
345,True,7,Departamento,7,Ineficiente
449,True,12,Departamento,8,Ineficiente
493,True,13,Departamento,11,Ineficiente
505,False,9,Casa,11,Ineficiente
367,True,11,Departamento,2,Moderado
303,True,4,Departamento,10,Ineficiente
502,True,9,Casa,9,Ineficiente
348,False,9,Departamento,8,Moderado
571,True,12,Casa,10,Ineficiente
523,True,12,Casa,4,Ineficiente
448,False,13,Departamento,11,Ineficiente
525,False,11,Casa,5,Moderado
663,True,16,Casa,8,Ineficiente
624,False,17,Casa,7,Ineficiente
669,True,23,Casa,3,Moderado
536,True,17,Casa,3,Ineficiente
674,True,17,Casa,11,Ineficiente
437,False,13,Departamento,8,Ineficiente
594,True,13,Casa,10,Ineficiente
807,True,24,Casa,12,Ineficiente
537,True,12,Casa,10,Ineficiente
323,False,8,Departamento,8,Moderado
778,True,22,Casa,12,Ineficiente
348,True,6,Departamento,9,Ineficiente
408,True,8,Departamento,11,Ineficiente
344,False,12,Departamento,4,Moderado
445,False,10,Casa,2,Moderado
330,True,4,Departamento,8,Ineficiente
493,False,9,Casa,9,Ineficiente
259,True,4,Departamento,3,Ineficiente
402,False,12,Departamento,10,Moderado
647,True,18,Casa,5,Ineficiente
788,True,21,Casa,11,Ineficiente
795,False,23,Casa,12,Ineficiente
379,False,8,Departamento,10,Ineficiente
725,True,24,Casa,4,Ineficiente
640,True,16,Casa,9,Ineficiente
833,True,24,Casa,12,Ineficiente
256,False,9,Departamento,3,Eficiente
460,True,14,Departamento,4,Ineficiente
354,True,11,Departamento,2,Moderado
488,True,12,Departamento,6,Ineficiente
450,False,11,Casa,5,Moderado
543,True,15,Casa,2,Moderado
370,True,5,Departamento,11,Ineficiente
491,True,8,Casa,10,Ineficiente
610,True,15,Casa,7,Ineficiente
481,True,8,Casa,7,Ineficiente
693,False,18,Casa,12,Ineficiente
650,False,22,Casa,3,Eficiente
317,True,4,Departamento,8,Ineficiente
605,False,17,Casa,10,Moderado
651,True,19,Casa,7,Ineficiente
574,True,8,Casa,12,Ineficiente
372,False,9,Departamento,9,Ineficiente
800,True,24,Casa,6,Ineficiente
286,True,7,Departamento,3,Moderado
430,False,12,Departamento,5,Moderado
677,True,24,Casa,2,Moderado
275,False,9,Departamento,2,Eficiente
285,False,5,Departamento,7,Moderado
367,True,9,Departamento,3,Moderado
425,True,10,Departamento,7,Ineficiente
581,True,20,Casa,2,Ineficiente
788,True,23,Casa,12,Ineficiente
672,True,18,Casa,11,Ineficiente
447,False,13,Casa,4,Eficiente
516,True,14,Departamento,10,Ineficiente
372,True,8,Casa,3,Moderado
511,True,13,Departamento,9,Ineficiente
427,True,10,Departamento,7,Ineficiente
404,False,10,Departamento,7,Ineficiente
286,True,4,Departamento,8,Ineficiente
625,False,21,Casa,6,Moderado
847,True,24,Casa,12,Ineficiente
477,True,8,Casa,5,Ineficiente
524,True,9,Casa,7,Ineficiente
633,True,14,Casa,9,Ineficiente
616,True,17,Casa,5,Ineficiente
439,True,13,Departamento,6,Ineficiente
728,False,23,Casa,8,Moderado
533,True,12,Casa,7,Ineficiente
270,False,6,Departamento,5,Moderado
727,True,24,Casa,5,Ineficiente
797,True,23,Casa,11,Ineficiente
416,True,10,Departamento,5,Ineficiente
232,True,4,Departamento,2,Moderado
339,False,10,Departamento,6,Moderado
656,True,17,Casa,9,Ineficiente
427,True,12,Departamento,8,Ineficiente
413,True,10,Departamento,6,Ineficiente
655,True,20,Casa,4,Ineficiente
423,False,10,Departamento,12,Ineficiente
393,True,12,Departamento,2,Moderado
403,False,8,Casa,8,Moderado
604,True,10,Casa,12,Ineficiente
207,False,4,Departamento,4,Moderado
312,False,9,Departamento,5,Moderado
572,True,13,Casa,6,Ineficiente
394,True,7,Departamento,9,Ineficiente
597,False,14,Casa,8,Moderado
556,True,12,Casa,10,Ineficiente
518,False,11,Casa,12,Moderado
397,True,13,Departamento,4,Ineficiente
544,True,14,Departamento,12,Ineficiente
487,False,9,Casa,11,Ineficiente
611,True,20,Casa,2,Ineficiente
663,True,22,Casa,2,Ineficiente
395,True,8,Departamento,11,Ineficiente
351,True,8,Departamento,2,Ineficiente
316,False,11,Departamento,3,Moderado
193,False,4,Departamento,3,Eficiente
316,False,10,Departamento,8,Ineficiente
503,True,10,Casa,10,Ineficiente
518,True,10,Casa,9,Ineficiente
450,False,11,Casa,5,Moderado
306,True,6,Departamento,3,Ineficiente
281,True,7,Departamento,4,Moderado
613,False,15,Casa,11,Moderado
412,True,10,Departamento,6,Moderado
651,True,15,Casa,10,Ineficiente
630,True,14,Casa,9,Ineficiente
271,True,6,Departamento,4,Ineficiente
386,True,6,Departamento,10,Ineficiente
474,False,11,Departamento,11,Ineficiente
670,True,19,Casa,4,Ineficiente
730,True,17,Casa,11,Ineficiente
304,False,5,Departamento,9,Ineficiente
596,True,19,Casa,2,Moderado
457,True,12,Casa,5,Ineficiente
245,True,4,Departamento,5,Moderado
558,False,16,Casa,7,Moderado
334,True,9,Departamento,3,Ineficiente
437,True,12,Departamento,8,Ineficiente
649,True,18,Casa,6,Ineficiente
633,True,14,Casa,11,Ineficiente
302,True,4,Departamento,7,Ineficiente
461,False,11,Departamento,12,Ineficiente
325,True,6,Departamento,7,Ineficiente
343,False,4,Departamento,12,Ineficiente
396,True,11,Departamento,7,Ineficiente
341,True,4,Departamento,11,Ineficiente
648,True,16,Casa,9,Ineficiente
644,False,20,Casa,11,Ineficiente
391,False,8,Casa,5,Moderado
511,False,9,Casa,11,Ineficiente
657,False,20,Casa,9,Moderado
562,False,16,Casa,10,Moderado
308,True,7,Departamento,5,Ineficiente
649,True,23,Casa,2,Moderado
557,True,14,Casa,4,Moderado
505,True,13,Casa,2,Moderado
625,True,18,Casa,8,Ineficiente
570,True,19,Casa,2,Moderado
676,True,17,Casa,12,Ineficiente
665,True,20,Casa,5,Ineficiente
242,True,5,Departamento,2,Ineficiente
387,True,11,Departamento,3,Ineficiente
377,False,7,Departamento,12,Ineficiente
416,True,13,Departamento,2,Moderado
497,True,12,Casa,6,Ineficiente
315,False,7,Departamento,8,Ineficiente
435,True,12,Departamento,4,Ineficiente
606,True,15,Casa,9,Ineficiente
322,True,7,Departamento,6,Ineficiente
592,True,16,Casa,6,Moderado
366,True,9,Departamento,6,Ineficiente
328,True,4,Departamento,9,Ineficiente
572,True,17,Casa,3,Moderado
157,False,4,Departamento,3,Eficiente
390,True,6,Departamento,9,Ineficiente
475,True,11,Departamento,10,Ineficiente
734,True,19,Casa,12,Ineficiente
382,True,6,Departamento,11,Ineficiente
665,False,19,Casa,11,Ineficiente
495,True,13,Casa,3,Moderado
627,False,23,Casa,5,Eficiente
437,True,8,Departamento,9,Ineficiente
208,False,4,Departamento,3,Eficiente
326,True,9,Departamento,5,Moderado
413,True,9,Departamento,11,Ineficiente
411,False,10,Casa,2,Eficiente
585,False,19,Casa,3,Moderado
574,True,14,Casa,8,Ineficiente
467,False,15,Casa,2,Eficiente
542,True,16,Casa,2,Moderado
610,True,21,Casa,3,Ineficiente
509,True,12,Casa,5,Ineficiente
698,False,23,Casa,8,Moderado
640,False,19,Casa,5,Moderado
503,True,11,Casa,6,Ineficiente
337,True,7,Departamento,5,Ineficiente
316,True,4,Departamento,5,Ineficiente
310,True,4,Departamento,10,Ineficiente
547,True,13,Casa,7,Ineficiente
495,True,12,Casa,4,Ineficiente
277,True,5,Departamento,7,Ineficiente
694,True,20,Casa,8,Ineficiente
676,True,17,Casa,8,Ineficiente
527,False,11,Casa,9,Ineficiente
604,True,15,Casa,5,Ineficiente
577,True,18,Casa,2,Moderado
732,True,24,Casa,7,Moderado
525,True,12,Departamento,9,Ineficiente
736,True,23,Casa,6,Ineficiente
549,False,19,Casa,4,Eficiente
476,False,14,Departamento,5,Ineficiente
719,False,23,Casa,9,Moderado
399,True,8,Casa,7,Ineficiente
325,True,4,Departamento,6,Ineficiente
703,True,22,Casa,10,Ineficiente
573,False,13,Casa,11,Ineficiente
611,False,19,Casa,4,Moderado
628,True,15,Casa,8,Ineficiente
655,True,14,Casa,10,Ineficiente
449,False,10,Departamento,12,Ineficiente
777,True,19,Casa,12,Ineficiente
635,False,21,Casa,5,Moderado
735,False,23,Casa,11,Ineficiente
692,True,18,Casa,11,Ineficiente
308,False,7,Departamento,4,Ineficiente
514,False,17,Casa,2,Moderado
773,False,24,Casa,10,Ineficiente
589,True,19,Casa,2,Moderado
493,True,13,Casa,3,Moderado
718,True,18,Casa,10,Ineficiente
443,True,12,Departamento,6,Ineficiente
485,True,13,Casa,5,Moderado
757,True,23,Casa,10,Ineficiente
669,False,23,Casa,10,Moderado
423,True,14,Departamento,3,Ineficiente
502,True,12,Casa,4,Moderado
415,True,13,Departamento,4,Ineficiente
346,False,8,Departamento,6,Ineficiente
437,True,13,Departamento,4,Ineficiente
726,True,16,Casa,11,Ineficiente
729,False,24,Casa,7,Ineficiente
392,True,11,Departamento,3,Ineficiente
469,True,13,Departamento,7,Ineficiente
249,False,4,Departamento,7,Moderado
615,False,22,Casa,3,Moderado
503,True,10,Casa,7,Ineficiente
441,False,9,Casa,7,Moderado
289,False,6,Departamento,7,Ineficiente
656,True,18,Casa,6,Ineficiente
528,True,10,Casa,8,Ineficiente
402,True,11,Departamento,6,Ineficiente
640,True,15,Casa,12,Ineficiente
426,True,14,Departamento,2,Moderado
656,False,20,Casa,10,Moderado
624,True,19,Casa,4,Moderado
654,False,24,Casa,3,Eficiente
463,True,7,Departamento,11,Ineficiente
657,True,20,Casa,7,Ineficiente
675,True,19,Casa,9,Ineficiente
311,True,8,Departamento,3,Moderado
545,True,14,Casa,5,Ineficiente
620,False,20,Casa,3,Moderado
592,True,13,Casa,10,Ineficiente
541,True,11,Casa,11,Ineficiente
405,False,13,Departamento,3,Moderado
797,True,23,Casa,11,Ineficiente
489,True,11,Casa,3,Moderado
567,True,13,Casa,6,Ineficiente
285,False,8,Departamento,6,Moderado
754,True,23,Casa,8,Ineficiente
505,True,12,Casa,2,Moderado
570,True,17,Casa,3,Ineficiente
711,False,20,Casa,12,Ineficiente
780,True,21,Casa,12,Ineficiente
499,False,14,Casa,7,Moderado
326,False,12,Departamento,3,Eficiente
499,True,14,Casa,5,Moderado
381,False,8,Departamento,11,Ineficiente
321,False,5,Departamento,7,Ineficiente
557,True,13,Casa,8,Ineficiente
516,True,8,Casa,11,Ineficiente
540,True,11,Casa,6,Ineficiente
457,True,11,Departamento,9,Ineficiente
655,False,22,Casa,7,Moderado
535,True,10,Casa,6,Ineficiente
579,True,15,Casa,5,Ineficiente
268,False,5,Departamento,7,Moderado
369,True,8,Departamento,7,Ineficiente
631,True,16,Casa,7,Ineficiente
180,False,4,Departamento,2,Eficiente
584,True,12,Casa,7,Ineficiente
633,False,21,Casa,2,Moderado
379,True,9,Departamento,6,Ineficiente
576,True,13,Casa,8,Ineficiente
445,True,11,Casa,2,Moderado
523,True,15,Casa,2,Moderado
227,False,4,Departamento,7,Moderado
388,False,11,Departamento,8,Moderado
365,False,10,Departamento,7,Moderado
267,True,5,Departamento,6,Ineficiente
661,False,20,Casa,7,Moderado
550,False,18,Casa,4,Moderado
645,True,15,Casa,10,Ineficiente
562,False,15,Casa,6,Moderado
691,True,21,Casa,3,Moderado
484,True,10,Departamento,11,Ineficiente
553,False,10,Casa,11,Ineficiente
559,True,11,Casa,8,Ineficiente
693,True,22,Casa,4,Ineficiente
653,True,22,Casa,2,Moderado
235,False,5,Departamento,4,Moderado
693,True,16,Casa,10,Ineficiente
618,True,17,Casa,6,Ineficiente
492,True,14,Departamento,8,Ineficiente
707,True,21,Casa,4,Ineficiente
398,False,8,Casa,5,Moderado
627,True,21,Casa,2,Moderado
699,True,21,Casa,4,Ineficiente
400,True,10,Departamento,8,Ineficiente
422,False,14,Departamento,5,Moderado
664,True,21,Casa,3,Ineficiente
287,False,6,Departamento,6,Moderado
670,True,23,Casa,6,Moderado
552,True,14,Casa,3,Moderado
738,False,22,Casa,12,Ineficiente
731,False,24,Casa,7,Moderado
704,False,20,Casa,11,Ineficiente
293,False,7,Departamento,5,Moderado
204,False,5,Departamento,2,Eficiente
418,False,10,Casa,4,Eficiente
462,False,8,Casa,10,Moderado
795,True,23,Casa,11,Ineficiente
600,True,15,Casa,8,Ineficiente
712,True,20,Casa,7,Ineficiente
485,False,15,Casa,2,Moderado
492,True,14,Departamento,10,Ineficiente
712,False,21,Casa,10,Moderado
568,True,14,Casa,2,Ineficiente
695,True,22,Casa,7,Ineficiente
751,True,23,Casa,8,Ineficiente
541,True,13,Casa,3,Moderado
381,True,5,Departamento,11,Ineficiente
710,True,19,Casa,9,Ineficiente
280,False,4,Departamento,9,Ineficiente
604,True,19,Casa,7,Ineficiente
731,True,20,Casa,10,Ineficiente
572,True,15,Casa,4,Ineficiente
416,False,14,Departamento,3,Moderado
514,True,14,Casa,3,Ineficiente
415,True,8,Departamento,7,Ineficiente
693,True,20,Casa,8,Ineficiente
360,True,8,Departamento,7,Ineficiente
613,False,16,Casa,12,Ineficiente
246,False,4,Departamento,4,Moderado
487,True,11,Casa,6,Ineficiente
502,True,13,Departamento,9,Ineficiente
650,True,19,Casa,7,Ineficiente
495,True,12,Casa,3,Moderado
509,False,14,Casa,8,Moderado
344,True,4,Departamento,9,Ineficiente
517,True,12,Casa,5,Ineficiente
362,True,10,Departamento,2,Ineficiente
609,False,21,Casa,3,Moderado
615,False,19,Casa,5,Moderado
492,False,11,Casa,8,Ineficiente
361,True,9,Departamento,3,Ineficiente
332,True,5,Departamento,7,Ineficiente
383,True,11,Departamento,3,Ineficiente
462,True,8,Casa,8,Ineficiente
242,True,4,Departamento,3,Ineficiente
245,True,4,Departamento,4,Ineficiente
544,True,8,Casa,10,Ineficiente
305,False,7,Departamento,5,Moderado
343,True,7,Departamento,6,Ineficiente
448,True,11,Departamento,10,Ineficiente
293,True,4,Departamento,8,Ineficiente
698,True,19,Casa,9,Ineficiente
831,True,22,Casa,12,Ineficiente
445,True,14,Departamento,4,Ineficiente
725,True,17,Casa,12,Ineficiente
511,True,12,Departamento,12,Ineficiente
453,True,13,Departamento,5,Ineficiente
445,True,12,Departamento,8,Ineficiente
380,True,10,Departamento,5,Ineficiente
512,True,14,Casa,3,Ineficiente
690,True,17,Casa,11,Ineficiente
529,False,14,Casa,7,Moderado
589,True,12,Casa,10,Ineficiente
598,True,19,Casa,3,Ineficiente
649,False,23,Casa,2,Moderado
392,False,10,Departamento,9,Ineficiente
199,False,4,Departamento,2,Eficiente
449,False,12,Casa,2,Moderado
647,True,20,Casa,4,Ineficiente
402,True,5,Departamento,6,Ineficiente
547,False,12,Casa,10,Moderado
580,False,13,Casa,12,Ineficiente
647,True,14,Casa,11,Ineficiente
528,False,17,Casa,3,Moderado
669,True,23,Casa,2,Moderado
297,True,6,Departamento,2,Ineficiente
618,False,16,Casa,9,Ineficiente
559,False,11,Casa,11,Moderado
566,False,15,Casa,11,Ineficiente
580,False,14,Casa,11,Ineficiente
297,True,6,Departamento,3,Moderado
409,True,7,Departamento,10,Ineficiente
323,False,5,Departamento,10,Ineficiente
583,True,18,Casa,3,Moderado
313,True,6,Departamento,4,Ineficiente
441,True,14,Departamento,3,Ineficiente
326,True,5,Departamento,7,Ineficiente
709,True,22,Casa,8,Ineficiente
638,False,21,Casa,7,Moderado
536,True,11,Casa,4,Ineficiente
433,True,12,Departamento,4,Ineficiente
576,False,19,Casa,3,Eficiente
423,True,8,Casa,3,Moderado
497,False,11,Departamento,12,Ineficiente
470,True,14,Departamento,6,Ineficiente
403,False,9,Departamento,12,Ineficiente
639,True,15,Casa,12,Ineficiente
481,True,13,Departamento,9,Ineficiente
439,False,11,Casa,7,Moderado
567,False,13,Casa,10,Ineficiente
834,True,23,Casa,12,Ineficiente
699,False,22,Casa,6,Moderado
737,True,21,Casa,11,Ineficiente
300,False,11,Departamento,5,Moderado
715,True,19,Casa,10,Ineficiente
489,True,10,Departamento,11,Ineficiente
744,True,22,Casa,12,Ineficiente
667,True,20,Casa,6,Moderado
601,True,18,Casa,2,Moderado
727,True,24,Casa,6,Moderado
669,True,22,Casa,6,Ineficiente
676,True,21,Casa,6,Ineficiente
572,True,17,Casa,3,Ineficiente
578,False,19,Casa,7,Moderado
757,True,23,Casa,6,Ineficiente
264,False,5,Departamento,3,Moderado
638,False,17,Casa,11,Ineficiente
415,True,8,Departamento,9,Ineficiente
237,False,5,Departamento,7,Eficiente
519,True,13,Departamento,12,Ineficiente
388,True,7,Departamento,11,Ineficiente
723,True,18,Casa,12,Ineficiente
197,True,4,Departamento,4,Moderado
428,False,12,Departamento,10,Ineficiente
602,True,11,Casa,12,Ineficiente
610,True,12,Casa,12,Ineficiente
495,False,12,Casa,5,Moderado
358,True,10,Departamento,4,Moderado
368,True,11,Departamento,8,Ineficiente
794,True,23,Casa,9,Ineficiente
602,False,16,Casa,8,Ineficiente
461,False,11,Casa,2,Moderado
432,True,9,Casa,2,Ineficiente
389,True,9,Departamento,6,Ineficiente
591,True,10,Casa,9,Ineficiente
564,True,13,Casa,11,Ineficiente
679,False,18,Casa,12,Ineficiente
349,True,7,Departamento,4,Ineficiente
574,True,12,Casa,9,Ineficiente
221,False,4,Departamento,4,Moderado
402,False,10,Casa,5,Moderado
701,True,16,Casa,11,Ineficiente
565,True,11,Casa,8,Ineficiente
757,True,24,Casa,4,Ineficiente
736,True,24,Casa,5,Ineficiente
442,True,11,Departamento,9,Ineficiente
366,True,9,Departamento,5,Ineficiente
370,False,6,Departamento,10,Ineficiente
469,False,12,Casa,5,Moderado
422,True,10,Departamento,5,Ineficiente
709,True,22,Casa,6,Ineficiente
382,False,10,Casa,2,Eficiente
424,False,10,Casa,8,Moderado
568,False,13,Casa,10,Moderado
392,True,6,Departamento,10,Ineficiente
600,True,20,Casa,2,Moderado
680,False,20,Casa,7,Moderado
239,False,7,Departamento,4,Eficiente
538,True,12,Casa,5,Ineficiente
515,True,8,Casa,9,Ineficiente
574,False,16,Casa,5,Moderado
293,True,5,Departamento,9,Ineficiente
402,False,12,Departamento,5,Moderado
541,True,10,Casa,10,Ineficiente
671,False,22,Casa,7,Moderado
595,True,17,Casa,2,Ineficiente
373,True,4,Departamento,11,Ineficiente
528,False,19,Casa,3,Moderado
659,False,22,Casa,8,Ineficiente
649,False,16,Casa,11,Ineficiente
658,True,17,Casa,8,Ineficiente
540,False,16,Casa,4,Moderado
324,True,10,Departamento,2,Moderado
507,True,8,Casa,9,Ineficiente
524,False,9,Casa,11,Ineficiente
436,True,5,Departamento,12,Ineficiente
406,True,7,Departamento,12,Ineficiente
632,True,13,Casa,11,Ineficiente
729,True,19,Casa,8,Ineficiente
691,False,22,Casa,11,Ineficiente
477,True,10,Departamento,9,Ineficiente
418,True,8,Casa,2,Moderado
257,False,6,Departamento,4,Moderado
401,True,13,Departamento,3,Ineficiente
421,True,9,Casa,2,Moderado
550,True,14,Casa,6,Moderado
539,True,15,Casa,4,Moderado
784,True,22,Casa,11,Ineficiente
641,False,17,Casa,9,Moderado
328,True,7,Departamento,7,Ineficiente
349,True,5,Departamento,11,Ineficiente
731,True,20,Casa,10,Ineficiente
399,True,9,Departamento,10,Ineficiente
530,False,10,Casa,12,Ineficiente
646,True,18,Casa,7,Ineficiente
375,False,10,Casa,3,Eficiente
366,True,5,Departamento,10,Ineficiente
382,True,12,Departamento,3,Ineficiente
344,True,7,Departamento,4,Ineficiente
675,False,22,Casa,7,Moderado
623,True,20,Casa,3,Moderado
532,True,12,Casa,6,Ineficiente
465,False,11,Casa,3,Moderado
386,False,10,Departamento,5,Ineficiente
447,True,8,Departamento,12,Ineficiente
319,False,5,Departamento,12,Ineficiente
410,False,9,Casa,4,Moderado
530,True,12,Casa,6,Ineficiente
739,True,23,Casa,7,Ineficiente
586,True,14,Casa,8,Ineficiente
496,True,8,Casa,11,Ineficiente
466,False,13,Departamento,9,Ineficiente
484,True,11,Departamento,10,Ineficiente
647,True,19,Casa,5,Ineficiente
633,False,19,Casa,5,Moderado
697,True,19,Casa,8,Ineficiente
682,False,21,Casa,11,Moderado
367,False,8,Departamento,11,Ineficiente
543,False,9,Casa,12,Ineficiente
508,False,11,Casa,10,Ineficiente
785,True,23,Casa,12,Ineficiente
343,True,8,Departamento,3,Moderado
741,True,20,Casa,12,Ineficiente
505,True,9,Casa,7,Ineficiente
556,True,10,Casa,11,Ineficiente
437,True,10,Departamento,11,Ineficiente
316,False,7,Departamento,9,Ineficiente
607,False,21,Casa,6,Moderado
351,True,9,Departamento,6,Ineficiente
376,True,6,Departamento,9,Ineficiente
451,True,14,Departamento,2,Ineficiente
312,False,8,Departamento,7,Moderado
323,False,7,Departamento,11,Ineficiente
699,True,17,Casa,10,Ineficiente
438,True,10,Departamento,7,Ineficiente
557,True,11,Casa,8,Ineficiente
303,False,10,Departamento,5,Moderado
569,True,10,Casa,11,Ineficiente
308,True,7,Departamento,2,Moderado
386,False,8,Departamento,10,Ineficiente
593,False,17,Casa,7,Moderado
363,False,13,Departamento,4,Moderado
510,True,12,Casa,5,Moderado
387,False,7,Departamento,11,Ineficiente
698,True,20,Casa,7,Ineficiente
620,True,18,Casa,7,Ineficiente
505,True,11,Departamento,10,Ineficiente
747,True,23,Casa,5,Ineficiente
384,True,7,Departamento,6,Ineficiente
732,False,24,Casa,6,Moderado
467,True,11,Casa,4,Moderado
460,False,12,Casa,3,Moderado
620,True,14,Casa,9,Ineficiente
505,True,9,Casa,11,Ineficiente
479,True,8,Casa,10,Ineficiente
692,False,19,Casa,11,Ineficiente
715,True,17,Casa,12,Ineficiente
423,False,8,Departamento,10,Ineficiente
426,True,12,Departamento,6,Ineficiente
643,False,19,Casa,12,Ineficiente
387,True,7,Departamento,10,Ineficiente
587,False,17,Casa,5,Moderado
369,True,11,Departamento,3,Ineficiente
366,False,12,Departamento,4,Moderado
251,False,8,Departamento,2,Eficiente
688,True,19,Casa,6,Ineficiente
268,False,7,Departamento,2,Eficiente
710,True,19,Casa,12,Ineficiente
317,True,9,Departamento,2,Moderado
759,False,24,Casa,12,Ineficiente
494,True,14,Departamento,12,Ineficiente
365,True,8,Departamento,8,Ineficiente
352,True,12,Departamento,3,Moderado
475,False,8,Casa,9,Ineficiente
506,True,14,Departamento,7,Ineficiente
513,True,12,Casa,5,Ineficiente
315,False,5,Departamento,10,Ineficiente
754,False,22,Casa,11,Ineficiente
651,False,18,Casa,9,Ineficiente
652,False,15,Casa,11,Ineficiente
470,False,12,Casa,4,Eficiente
491,True,9,Casa,4,Moderado
649,True,19,Casa,5,Ineficiente
479,False,9,Casa,10,Moderado
470,False,13,Departamento,10,Ineficiente
347,False,9,Departamento,6,Moderado
655,True,17,Casa,10,Ineficiente
578,True,15,Casa,7,Ineficiente
606,True,14,Casa,9,Ineficiente
440,False,8,Casa,12,Moderado
452,False,14,Departamento,9,Ineficiente
324,True,4,Departamento,11,Ineficiente
740,True,23,Casa,8,Ineficiente
438,False,11,Casa,5,Moderado
711,False,24,Casa,5,Moderado
456,True,12,Departamento,7,Ineficiente
518,True,14,Departamento,10,Ineficiente
430,False,8,Casa,8,Moderado
639,False,19,Casa,6,Moderado
347,True,6,Departamento,6,Ineficiente
484,True,13,Departamento,9,Ineficiente
794,True,24,Casa,7,Ineficiente
588,True,18,Casa,2,Moderado
634,True,20,Casa,2,Moderado
620,True,15,Casa,10,Ineficiente
649,True,17,Casa,9,Ineficiente
538,False,15,Casa,7,Moderado
556,True,15,Casa,2,Moderado
578,True,16,Casa,3,Moderado
394,True,8,Departamento,11,Ineficiente
685,True,21,Casa,4,Ineficiente
583,True,9,Casa,11,Ineficiente
600,True,18,Casa,4,Ineficiente
488,False,15,Casa,3,Moderado
388,False,14,Departamento,3,Moderado
714,False,22,Casa,7,Moderado
465,False,10,Casa,8,Moderado
440,False,13,Departamento,5,Moderado
638,True,22,Casa,2,Moderado
278,False,5,Departamento,7,Ineficiente
640,True,19,Casa,8,Ineficiente
479,True,11,Casa,5,Ineficiente
503,True,10,Casa,7,Ineficiente
542,False,12,Casa,10,Ineficiente
353,False,9,Departamento,5,Moderado
394,False,10,Departamento,11,Ineficiente
477,True,9,Casa,5,Moderado
685,True,19,Casa,11,Ineficiente
395,False,11,Departamento,6,Moderado
288,False,6,Departamento,4,Moderado
735,False,21,Casa,11,Ineficiente
612,True,17,Casa,3,Ineficiente
542,True,10,Casa,10,Ineficiente
256,False,7,Departamento,2,Moderado
548,True,13,Casa,6,Ineficiente
684,False,23,Casa,6,Moderado
450,True,12,Departamento,9,Ineficiente
687,False,22,Casa,7,Moderado
663,True,18,Casa,7,Ineficiente
452,False,8,Casa,7,Moderado
530,True,12,Casa,5,Moderado
651,True,20,Casa,2,Moderado
652,True,21,Casa,4,Ineficiente
655,False,16,Casa,11,Ineficiente
769,False,24,Casa,12,Ineficiente
429,True,14,Departamento,7,Ineficiente
414,False,14,Departamento,6,Moderado
733,True,19,Casa,11,Ineficiente
505,True,13,Casa,2,Moderado
682,True,23,Casa,6,Moderado
457,False,12,Casa,3,Moderado
560,True,16,Casa,2,Moderado
414,True,13,Departamento,5,Ineficiente
568,False,15,Casa,7,Moderado
670,False,21,Casa,8,Ineficiente
658,True,19,Casa,10,Ineficiente
261,False,4,Departamento,6,Moderado
672,False,20,Casa,9,Moderado
434,True,8,Departamento,9,Ineficiente
592,False,15,Casa,12,Ineficiente
457,True,11,Departamento,10,Ineficiente
390,False,12,Departamento,4,Moderado
450,True,10,Casa,4,Moderado
561,False,12,Casa,10,Moderado
781,True,23,Casa,8,Ineficiente
699,False,24,Casa,5,Moderado
362,True,11,Departamento,2,Moderado
332,True,6,Departamento,8,Ineficiente
384,True,7,Departamento,11,Ineficiente
425,False,13,Departamento,7,Ineficiente
365,True,8,Casa,4,Ineficiente
645,True,19,Casa,6,Ineficiente
391,True,12,Departamento,4,Ineficiente
517,False,13,Casa,9,Moderado
293,True,4,Departamento,6,Ineficiente
547,False,14,Casa,11,Ineficiente
785,True,21,Casa,11,Ineficiente
395,True,8,Departamento,7,Ineficiente
692,True,21,Casa,3,Ineficiente
302,False,6,Departamento,9,Moderado
468,True,11,Departamento,10,Ineficiente
447,True,13,Departamento,4,Ineficiente
477,True,14,Departamento,7,Ineficiente
728,True,23,Casa,7,Ineficiente
309,True,7,Departamento,3,Ineficiente
578,False,14,Casa,11,Ineficiente
740,True,23,Casa,9,Ineficiente
391,True,13,Departamento,6,Ineficiente
743,True,21,Casa,12,Ineficiente
708,True,21,Casa,12,Ineficiente
628,False,19,Casa,9,Ineficiente
532,True,8,Casa,9,Ineficiente
317,False,12,Departamento,4,Moderado
670,True,19,Casa,6,Ineficiente
460,False,13,Departamento,8,Ineficiente
411,True,13,Departamento,6,Ineficiente
363,True,5,Departamento,7,Ineficiente
648,False,23,Casa,3,Eficiente
439,False,11,Departamento,9,Ineficiente
575,True,14,Casa,6,Ineficiente
361,True,8,Departamento,7,Ineficiente
610,True,23,Casa,2,Moderado
294,False,5,Departamento,11,Moderado
287,True,5,Departamento,3,Moderado
688,False,17,Casa,12,Ineficiente
683,True,23,Casa,5,Ineficiente
503,True,12,Departamento,12,Ineficiente
713,True,20,Casa,10,Ineficiente
437,True,11,Departamento,7,Ineficiente
499,True,8,Casa,9,Ineficiente
613,True,19,Casa,3,Moderado
373,False,7,Departamento,11,Ineficiente
289,True,5,Departamento,6,Ineficiente
232,False,6,Departamento,2,Eficiente
684,True,20,Casa,5,Moderado
429,False,12,Departamento,11,Ineficiente
647,False,24,Casa,2,Moderado
356,False,7,Departamento,12,Ineficiente
345,False,5,Departamento,12,Ineficiente
535,True,9,Casa,10,Ineficiente
421,False,11,Casa,3,Eficiente
466,False,9,Casa,8,Moderado
320,True,11,Departamento,4,Ineficiente
517,True,12,Casa,3,Ineficiente
389,True,9,Departamento,5,Ineficiente
634,True,17,Casa,8,Ineficiente
385,True,9,Departamento,8,Ineficiente
515,True,14,Departamento,10,Ineficiente
630,True,20,Casa,4,Moderado
709,False,24,Casa,8,Moderado
624,True,16,Casa,7,Ineficiente
324,False,4,Departamento,11,Ineficiente
392,True,8,Departamento,8,Ineficiente
791,True,21,Casa,8,Ineficiente
470,True,9,Departamento,11,Ineficiente
551,True,12,Casa,6,Ineficiente
760,True,21,Casa,10,Ineficiente
369,True,7,Departamento,8,Ineficiente
605,True,14,Casa,8,Ineficiente
567,True,15,Casa,4,Ineficiente
673,True,21,Casa,2,Moderado
688,True,21,Casa,6,Ineficiente
668,True,18,Casa,9,Ineficiente
724,True,21,Casa,6,Ineficiente
409,True,8,Departamento,11,Ineficiente
449,True,10,Casa,4,Moderado
526,True,10,Casa,10,Ineficiente
659,True,20,Casa,3,Moderado
701,True,19,Casa,4,Ineficiente
254,True,4,Departamento,5,Ineficiente
374,False,7,Departamento,11,Ineficiente
524,True,14,Casa,2,Moderado
569,True,14,Departamento,12,Ineficiente
599,False,18,Casa,5,Moderado
685,False,22,Casa,5,Moderado
678,True,17,Casa,10,Ineficiente
683,False,22,Casa,9,Moderado
623,True,20,Casa,3,Moderado
408,True,9,Departamento,8,Ineficiente
727,False,24,Casa,7,Moderado
402,False,12,Departamento,8,Moderado
745,True,17,Casa,12,Ineficiente
427,False,8,Casa,5,Moderado
335,False,12,Departamento,6,Moderado
721,True,22,Casa,7,Ineficiente
753,True,23,Casa,10,Ineficiente
462,True,13,Departamento,3,Ineficiente
296,False,6,Departamento,12,Ineficiente
383,True,6,Departamento,10,Ineficiente
451,False,12,Departamento,11,Ineficiente
441,True,14,Departamento,2,Ineficiente
447,True,13,Departamento,5,Ineficiente
566,True,11,Casa,6,Ineficiente
504,False,9,Casa,10,Ineficiente
625,True,19,Casa,7,Ineficiente
592,True,14,Casa,5,Ineficiente
294,True,6,Departamento,3,Ineficiente
504,True,14,Departamento,6,Ineficiente
615,True,15,Casa,9,Ineficiente
659,False,21,Casa,9,Ineficiente
395,True,11,Departamento,7,Ineficiente
757,True,19,Casa,12,Ineficiente
440,True,14,Departamento,2,Ineficiente
653,False,20,Casa,9,Moderado
436,True,11,Casa,5,Moderado
722,True,23,Casa,3,Ineficiente
596,True,21,Casa,2,Moderado
457,True,9,Departamento,8,Ineficiente
216,True,4,Departamento,3,Moderado
457,True,14,Departamento,5,Ineficiente
499,False,13,Casa,5,Moderado
548,True,9,Casa,11,Ineficiente
411,True,13,Departamento,2,Moderado
400,True,12,Departamento,3,Moderado
492,True,13,Casa,2,Moderado
629,True,17,Casa,7,Ineficiente
257,False,7,Departamento,4,Moderado
658,False,24,Casa,2,Moderado
606,False,19,Casa,9,Moderado
744,True,24,Casa,5,Ineficiente
689,False,20,Casa,11,Ineficiente
370,True,6,Departamento,8,Ineficiente
458,False,13,Departamento,11,Ineficiente
467,False,12,Casa,3,Eficiente
756,True,23,Casa,7,Ineficiente
559,True,13,Casa,7,Ineficiente
673,True,18,Casa,8,Ineficiente
622,False,24,Casa,2,Eficiente
454,True,14,Departamento,2,Ineficiente
456,False,13,Casa,3,Eficiente
708,True,18,Casa,12,Ineficiente
596,True,19,Casa,3,Ineficiente
657,True,20,Casa,6,Moderado
463,False,11,Casa,2,Moderado
644,True,14,Casa,12,Ineficiente
281,True,6,Departamento,3,Ineficiente
555,True,13,Casa,7,Ineficiente
527,True,13,Casa,4,Moderado
268,False,5,Departamento,5,Moderado
371,True,11,Departamento,2,Moderado
547,False,15,Casa,6,Moderado
244,False,6,Departamento,5,Eficiente
489,True,8,Casa,9,Ineficiente
413,False,9,Casa,4,Eficiente
673,False,19,Casa,11,Ineficiente
311,False,11,Departamento,2,Moderado
399,False,10,Departamento,11,Ineficiente
507,True,10,Casa,6,Ineficiente
658,True,21,Casa,2,Ineficiente
547,True,13,Departamento,12,Ineficiente
636,False,20,Casa,6,Moderado
484,False,12,Casa,10,Moderado
509,True,13,Departamento,6,Ineficiente
378,True,11,Departamento,3,Moderado
368,True,11,Departamento,3,Ineficiente
410,False,10,Departamento,11,Ineficiente
607,True,14,Casa,10,Ineficiente
322,True,7,Departamento,6,Ineficiente
376,True,4,Departamento,12,Ineficiente
547,True,11,Casa,9,Ineficiente
536,True,9,Casa,11,Ineficiente
503,False,17,Casa,5,Moderado
491,True,12,Casa,3,Moderado
313,False,10,Departamento,5,Moderado
419,True,8,Departamento,12,Ineficiente
598,True,16,Casa,5,Ineficiente
697,True,18,Casa,12,Ineficiente
280,False,4,Departamento,10,Ineficiente
622,False,16,Casa,11,Moderado
790,True,23,Casa,12,Ineficiente
491,False,13,Casa,7,Ineficiente
657,True,18,Casa,11,Ineficiente
769,True,24,Casa,7,Ineficiente
502,True,11,Casa,6,Moderado
638,False,22,Casa,7,Moderado
444,True,8,Casa,2,Moderado
469,True,8,Casa,6,Ineficiente
587,True,16,Casa,7,Ineficiente
379,True,8,Departamento,9,Ineficiente
375,True,8,Departamento,5,Ineficiente
672,True,20,Casa,6,Ineficiente
546,True,14,Casa,5,Ineficiente
322,False,6,Departamento,8,Ineficiente
732,True,20,Casa,11,Ineficiente
683,True,18,Casa,7,Ineficiente
374,True,10,Departamento,5,Moderado
286,True,4,Departamento,7,Ineficiente
250,False,5,Departamento,5,Eficiente
701,True,18,Casa,9,Ineficiente
430,False,10,Departamento,12,Ineficiente
628,False,21,Casa,4,Moderado
439,False,14,Departamento,9,Moderado
689,True,24,Casa,3,Moderado
533,True,10,Casa,7,Ineficiente
441,True,9,Departamento,9,Ineficiente
447,False,11,Casa,2,Eficiente
762,True,23,Casa,7,Ineficiente
366,True,5,Departamento,10,Ineficiente
747,True,20,Casa,11,Ineficiente
767,False,24,Casa,11,Ineficiente
520,False,15,Casa,3,Moderado
431,True,8,Departamento,12,Ineficiente
362,True,10,Departamento,2,Moderado
699,True,22,Casa,3,Moderado
329,True,8,Departamento,6,Ineficiente
743,False,24,Casa,7,Ineficiente
356,False,13,Departamento,2,Moderado
539,True,9,Casa,8,Ineficiente
654,True,13,Casa,12,Ineficiente
260,False,7,Departamento,5,Moderado
734,False,23,Casa,10,Moderado
669,False,24,Casa,7,Moderado
598,False,16,Casa,10,Moderado
321,True,8,Departamento,2,Moderado
425,False,8,Casa,5,Moderado
471,False,13,Casa,3,Moderado
673,False,21,Casa,7,Moderado
719,True,24,Casa,5,Ineficiente
463,False,8,Casa,10,Moderado
268,True,5,Departamento,4,Ineficiente
266,True,5,Departamento,2,Moderado
801,True,21,Casa,12,Ineficiente
621,True,13,Casa,12,Ineficiente
468,True,13,Casa,2,Moderado
513,True,8,Casa,10,Ineficiente
399,False,9,Departamento,10,Ineficiente
429,False,10,Casa,6,Moderado
573,False,17,Casa,3,Eficiente
322,True,4,Departamento,10,Ineficiente
594,False,17,Casa,9,Moderado
406,True,9,Departamento,12,Ineficiente
581,True,11,Casa,11,Ineficiente
574,True,14,Departamento,11,Ineficiente
445,False,14,Departamento,7,Moderado
402,True,10,Departamento,8,Ineficiente
367,True,7,Departamento,7,Ineficiente
625,True,16,Casa,6,Ineficiente
640,True,17,Casa,5,Ineficiente
381,False,12,Departamento,8,Ineficiente
712,False,23,Casa,5,Moderado
814,True,24,Casa,11,Ineficiente
780,True,20,Casa,11,Ineficiente
722,True,19,Casa,11,Ineficiente
640,False,17,Casa,10,Ineficiente
437,True,8,Casa,6,Moderado
439,True,9,Departamento,9,Ineficiente
464,True,9,Casa,7,Ineficiente
725,True,23,Casa,5,Ineficiente
624,True,19,Casa,4,Ineficiente
674,True,16,Casa,12,Ineficiente
508,True,14,Departamento,7,Ineficiente
458,True,11,Casa,2,Moderado
425,False,9,Casa,3,Moderado
392,True,9,Departamento,8,Ineficiente
614,True,17,Casa,5,Moderado
739,False,23,Casa,6,Moderado
671,False,18,Casa,12,Ineficiente
455,True,10,Departamento,11,Ineficiente
497,False,15,Casa,2,Eficiente
668,True,22,Casa,3,Moderado
666,False,24,Casa,5,Moderado
593,False,13,Casa,9,Ineficiente
744,True,21,Casa,11,Ineficiente
446,True,10,Casa,5,Moderado
541,True,14,Casa,4,Moderado
327,True,7,Departamento,4,Ineficiente
283,True,4,Departamento,6,Ineficiente
660,False,23,Casa,4,Moderado
500,True,14,Departamento,9,Ineficiente
579,True,14,Casa,6,Ineficiente
595,True,13,Casa,8,Ineficiente
464,True,10,Departamento,12,Ineficiente
389,True,4,Departamento,9,Ineficiente
369,True,7,Departamento,6,Ineficiente
703,False,22,Casa,9,Moderado
394,True,13,Departamento,4,Ineficiente
460,False,9,Casa,8,Moderado
363,True,5,Departamento,9,Ineficiente
342,False,7,Departamento,8,Ineficiente
513,False,18,Casa,3,Eficiente
381,True,7,Departamento,9,Ineficiente
478,True,9,Casa,7,Ineficiente
828,True,23,Casa,11,Ineficiente
593,False,19,Casa,4,Eficiente
643,True,22,Casa,5,Ineficiente
376,True,7,Departamento,8,Ineficiente
252,True,6,Departamento,4,Moderado
469,False,13,Casa,2,Eficiente
383,True,5,Departamento,7,Ineficiente
479,True,14,Departamento,4,Ineficiente
539,True,8,Casa,12,Ineficiente
494,True,13,Departamento,11,Ineficiente
720,True,20,Casa,7,Ineficiente
400,True,6,Departamento,11,Ineficiente
601,False,20,Casa,4,Moderado
486,False,12,Casa,7,Moderado
627,False,17,Casa,12,Ineficiente
412,True,11,Departamento,5,Ineficiente
645,False,22,Casa,5,Eficiente
579,True,11,Casa,11,Ineficiente
562,True,9,Casa,11,Ineficiente
412,False,10,Departamento,12,Ineficiente
432,False,10,Casa,3,Moderado
587,True,14,Casa,5,Moderado
659,False,17,Casa,12,Moderado
511,False,13,Casa,5,Moderado
479,True,10,Departamento,12,Ineficiente
313,True,4,Departamento,8,Ineficiente
724,False,24,Casa,6,Moderado
753,True,20,Casa,9,Ineficiente
424,True,9,Departamento,8,Ineficiente
561,False,13,Casa,11,Ineficiente
440,True,10,Departamento,10,Ineficiente
501,True,14,Departamento,9,Ineficiente
540,True,14,Departamento,10,Ineficiente
507,True,14,Casa,2,Moderado
702,False,22,Casa,11,Moderado
249,False,5,Departamento,4,Moderado
731,True,23,Casa,6,Ineficiente
455,False,11,Departamento,10,Ineficiente
665,False,23,Casa,9,Moderado
516,True,13,Departamento,11,Ineficiente
555,False,15,Casa,8,Moderado
643,True,19,Casa,3,Ineficiente
778,True,22,Casa,12,Ineficiente
412,True,11,Departamento,7,Ineficiente
309,False,7,Departamento,5,Moderado
600,True,14,Casa,6,Ineficiente
629,False,20,Casa,6,Moderado
410,False,14,Departamento,5,Moderado
570,True,13,Casa,5,Moderado
693,True,20,Casa,5,Ineficiente
738,True,18,Casa,12,Ineficiente
576,True,17,Casa,3,Ineficiente
666,True,23,Casa,2,Ineficiente
753,True,24,Casa,3,Moderado
788,True,24,Casa,8,Ineficiente
448,True,11,Casa,2,Moderado
542,True,12,Casa,7,Ineficiente
640,False,21,Casa,5,Moderado
539,False,17,Casa,3,Eficiente
284,False,8,Departamento,4,Moderado
515,True,8,Casa,8,Ineficiente
666,True,18,Casa,7,Ineficiente
754,False,23,Casa,7,Ineficiente
610,False,15,Casa,9,Ineficiente
662,True,17,Casa,9,Ineficiente
670,True,17,Casa,7,Ineficiente
375,True,11,Departamento,2,Moderado
698,False,17,Casa,11,Ineficiente
449,True,12,Departamento,8,Ineficiente
544,True,10,Casa,9,Ineficiente
526,False,15,Casa,6,Moderado
667,True,16,Casa,12,Ineficiente
512,True,12,Casa,5,Ineficiente
533,True,9,Casa,8,Ineficiente
510,True,12,Departamento,12,Ineficiente
519,True,14,Casa,7,Ineficiente
429,True,11,Departamento,7,Ineficiente
276,True,6,Departamento,4,Moderado
674,False,19,Casa,12,Ineficiente
522,False,9,Casa,11,Ineficiente
577,True,17,Casa,5,Moderado
430,True,8,Casa,6,Ineficiente
476,False,11,Casa,10,Moderado
703,True,20,Casa,9,Ineficiente
592,True,19,Casa,4,Moderado
612,True,18,Casa,7,Ineficiente
361,True,5,Departamento,11,Ineficiente
302,True,7,Departamento,2,Ineficiente
215,False,5,Departamento,4,Moderado
818,True,24,Casa,11,Ineficiente
514,False,12,Casa,8,Moderado
516,True,9,Casa,8,Ineficiente
497,False,16,Casa,3,Eficiente
576,True,13,Casa,4,Ineficiente
356,True,8,Departamento,8,Ineficiente
393,True,10,Departamento,7,Ineficiente
623,True,15,Casa,8,Ineficiente
766,False,24,Casa,11,Ineficiente
566,True,10,Casa,10,Ineficiente
651,True,17,Casa,9,Ineficiente
730,True,24,Casa,7,Ineficiente
545,False,18,Casa,5,Moderado
691,True,15,Casa,11,Ineficiente
446,False,13,Departamento,10,Ineficiente
651,False,20,Casa,8,Moderado
451,False,13,Departamento,6,Moderado
520,True,14,Casa,3,Moderado
743,True,21,Casa,10,Ineficiente
531,True,12,Casa,8,Ineficiente
611,False,18,Casa,10,Ineficiente
823,False,24,Casa,12,Ineficiente
546,True,13,Departamento,10,Ineficiente
491,False,13,Departamento,11,Ineficiente
557,True,12,Casa,6,Ineficiente
755,True,22,Casa,8,Ineficiente
306,True,6,Departamento,6,Ineficiente
525,False,15,Casa,4,Moderado
679,False,20,Casa,11,Moderado
657,False,23,Casa,9,Moderado
397,False,9,Departamento,9,Ineficiente
440,True,9,Departamento,10,Ineficiente
599,False,16,Casa,12,Moderado
363,True,8,Departamento,7,Ineficiente
306,False,8,Departamento,3,Moderado
413,False,9,Casa,4,Moderado
634,True,16,Casa,12,Ineficiente
706,True,20,Casa,11,Ineficiente
443,True,6,Departamento,12,Ineficiente
573,False,16,Casa,7,Moderado
321,True,7,Departamento,2,Ineficiente
470,True,8,Casa,3,Ineficiente
322,False,7,Departamento,9,Ineficiente
595,True,11,Casa,12,Ineficiente
501,True,11,Casa,9,Ineficiente
429,True,12,Departamento,7,Ineficiente
387,True,10,Departamento,4,Ineficiente
221,False,5,Departamento,3,Eficiente
754,True,23,Casa,7,Ineficiente
354,True,9,Departamento,2,Ineficiente
769,True,21,Casa,11,Ineficiente
481,True,8,Casa,7,Ineficiente
630,False,17,Casa,10,Ineficiente
677,False,22,Casa,8,Moderado
593,True,14,Casa,10,Ineficiente
412,True,11,Departamento,3,Ineficiente
786,True,21,Casa,12,Ineficiente
413,True,12,Departamento,6,Ineficiente
744,True,21,Casa,10,Ineficiente
441,False,10,Casa,8,Moderado
785,True,24,Casa,10,Ineficiente
518,True,12,Departamento,12,Ineficiente
343,True,6,Departamento,7,Ineficiente
387,True,8,Departamento,8,Ineficiente
299,False,5,Departamento,11,Ineficiente
505,True,12,Casa,6,Ineficiente
658,True,17,Casa,7,Ineficiente
337,True,7,Departamento,2,Ineficiente
381,False,8,Casa,2,Eficiente
636,True,20,Casa,3,Moderado
554,False,10,Casa,12,Ineficiente
607,True,18,Casa,5,Moderado
784,False,23,Casa,12,Ineficiente
539,False,13,Casa,10,Moderado
507,True,10,Casa,8,Ineficiente
509,False,13,Casa,7,Moderado
491,False,15,Casa,2,Moderado
699,True,20,Casa,6,Ineficiente
436,True,10,Departamento,12,Ineficiente
595,True,17,Casa,5,Ineficiente
457,False,10,Casa,6,Eficiente
473,False,12,Departamento,12,Ineficiente
421,False,8,Casa,10,Moderado
588,False,20,Casa,4,Eficiente
260,False,8,Departamento,5,Eficiente
659,True,18,Casa,9,Ineficiente
308,True,7,Departamento,4,Moderado
250,False,5,Departamento,4,Moderado
387,True,10,Departamento,10,Ineficiente
567,True,13,Casa,6,Ineficiente
661,False,19,Casa,11,Ineficiente
548,True,16,Casa,2,Ineficiente
671,True,17,Casa,8,Ineficiente
554,True,10,Casa,8,Ineficiente
492,True,10,Casa,7,Ineficiente
681,False,23,Casa,7,Moderado
464,True,10,Casa,4,Moderado
582,True,17,Casa,4,Ineficiente
665,True,18,Casa,11,Ineficiente
360,True,4,Departamento,12,Ineficiente
582,True,13,Casa,10,Ineficiente
595,True,18,Casa,2,Ineficiente
409,True,7,Departamento,8,Ineficiente
800,True,23,Casa,12,Ineficiente
718,True,20,Casa,11,Ineficiente
469,False,10,Casa,8,Moderado
319,False,6,Departamento,9,Moderado
657,False,21,Casa,7,Moderado
716,True,21,Casa,9,Ineficiente
443,True,12,Casa,2,Moderado
391,False,14,Departamento,2,Moderado
612,True,15,Casa,10,Ineficiente
692,False,22,Casa,5,Moderado
300,False,9,Departamento,4,Moderado
505,False,13,Casa,7,Moderado
346,False,7,Departamento,11,Ineficiente
557,False,13,Casa,10,Ineficiente
426,False,12,Departamento,11,Ineficiente
552,True,10,Casa,12,Ineficiente
301,False,7,Departamento,5,Moderado
347,True,6,Departamento,10,Ineficiente
699,False,23,Casa,6,Moderado
793,True,24,Casa,8,Ineficiente
633,True,18,Casa,4,Moderado
667,False,23,Casa,4,Moderado
463,True,12,Casa,4,Moderado
493,False,12,Casa,9,Moderado
673,True,21,Casa,7,Ineficiente
580,False,15,Casa,10,Moderado
536,False,12,Casa,10,Ineficiente
376,False,11,Departamento,9,Ineficiente
678,True,23,Casa,2,Ineficiente
724,True,21,Casa,7,Ineficiente
451,False,12,Casa,5,Moderado
572,True,16,Casa,5,Ineficiente
520,True,11,Casa,4,Ineficiente
539,True,11,Casa,10,Ineficiente
703,True,23,Casa,3,Ineficiente
307,True,6,Departamento,2,Moderado
743,True,22,Casa,11,Ineficiente
291,True,7,Departamento,4,Moderado
388,False,13,Departamento,5,Moderado
404,True,11,Departamento,5,Ineficiente
401,False,13,Departamento,7,Moderado
552,True,13,Casa,2,Moderado
498,True,12,Casa,2,Moderado
268,True,6,Departamento,3,Moderado
684,True,23,Casa,5,Moderado
645,True,17,Casa,8,Ineficiente
428,False,13,Departamento,7,Moderado
533,True,11,Departamento,12,Ineficiente
437,False,12,Departamento,10,Ineficiente
378,True,8,Departamento,8,Ineficiente
300,True,6,Departamento,6,Ineficiente
644,True,17,Casa,7,Ineficiente
401,False,8,Departamento,11,Ineficiente
680,True,20,Casa,10,Ineficiente
585,False,20,Casa,2,Moderado
371,True,6,Departamento,12,Ineficiente
475,True,8,Casa,10,Ineficiente
785,True,23,Casa,7,Ineficiente
678,False,22,Casa,5,Moderado
300,False,8,Departamento,6,Moderado
498,True,13,Casa,2,Moderado
278,False,5,Departamento,8,Moderado
504,True,10,Casa,9,Ineficiente
410,False,10,Departamento,12,Ineficiente
317,False,7,Departamento,6,Moderado
419,False,11,Casa,3,Moderado
463,False,8,Casa,9,Moderado
561,True,11,Casa,11,Ineficiente
418,False,14,Departamento,8,Moderado
396,True,5,Departamento,11,Ineficiente
445,True,13,Departamento,10,Ineficiente
511,True,9,Casa,5,Ineficiente
493,True,10,Departamento,12,Ineficiente
341,True,4,Departamento,10,Ineficiente
373,True,10,Departamento,5,Ineficiente
417,True,13,Departamento,4,Moderado
592,True,11,Casa,12,Ineficiente
468,False,12,Casa,4,Eficiente
415,True,9,Departamento,11,Ineficiente
317,False,10,Departamento,3,Moderado
527,True,8,Casa,11,Ineficiente
591,True,17,Casa,4,Moderado
732,True,18,Casa,9,Ineficiente
817,True,24,Casa,12,Ineficiente
578,True,15,Casa,9,Ineficiente
299,True,8,Departamento,3,Ineficiente
432,True,7,Departamento,12,Ineficiente
424,True,9,Casa,3,Moderado
427,False,12,Casa,3,Eficiente
591,True,10,Casa,11,Ineficiente
777,True,24,Casa,8,Ineficiente
420,False,14,Departamento,7,Moderado
345,True,7,Departamento,12,Ineficiente
491,False,14,Casa,2,Moderado
379,True,11,Departamento,3,Ineficiente
399,True,11,Departamento,2,Moderado
405,True,8,Departamento,12,Ineficiente
727,True,22,Casa,8,Ineficiente
452,True,12,Departamento,7,Ineficiente
663,False,22,Casa,3,Moderado
701,True,23,Casa,3,Ineficiente
407,True,8,Casa,3,Ineficiente
709,True,18,Casa,9,Ineficiente
549,True,12,Casa,8,Ineficiente
489,True,12,Casa,2,Moderado
557,True,13,Casa,5,Ineficiente
436,True,6,Departamento,12,Ineficiente
376,True,9,Departamento,5,Ineficiente
783,True,21,Casa,8,Ineficiente
412,True,13,Departamento,3,Moderado
320,True,6,Departamento,5,Ineficiente
333,True,10,Departamento,2,Ineficiente
577,True,10,Casa,12,Ineficiente
377,False,7,Departamento,12,Ineficiente
330,False,8,Departamento,5,Moderado
471,False,12,Departamento,12,Ineficiente
354,False,8,Casa,2,Eficiente
656,False,23,Casa,3,Eficiente
245,False,7,Departamento,3,Moderado
669,False,18,Casa,11,Moderado
504,False,15,Casa,4,Eficiente
417,False,8,Casa,9,Moderado
404,True,8,Departamento,12,Ineficiente
289,True,5,Departamento,7,Ineficiente
540,False,15,Casa,7,Moderado
495,True,14,Departamento,10,Ineficiente
613,False,17,Casa,9,Moderado
315,True,8,Departamento,3,Ineficiente
313,True,4,Departamento,7,Ineficiente
331,False,11,Departamento,2,Eficiente
427,False,12,Departamento,10,Ineficiente
714,True,21,Casa,5,Moderado
334,False,11,Departamento,5,Moderado
759,False,23,Casa,10,Ineficiente
286,True,5,Departamento,4,Ineficiente
333,True,7,Departamento,6,Ineficiente
287,True,5,Departamento,2,Ineficiente
738,True,22,Casa,7,Ineficiente
400,True,13,Departamento,4,Ineficiente
638,True,20,Casa,2,Moderado
728,True,19,Casa,11,Ineficiente
335,False,7,Departamento,7,Ineficiente
787,True,22,Casa,11,Ineficiente
431,True,13,Departamento,3,Ineficiente
665,True,18,Casa,9,Ineficiente
716,False,21,Casa,12,Ineficiente
381,False,14,Departamento,3,Moderado
463,True,11,Casa,5,Ineficiente
712,False,24,Casa,4,Moderado
354,False,9,Departamento,10,Ineficiente
494,False,14,Casa,3,Eficiente
211,False,4,Departamento,4,Eficiente
587,True,14,Casa,8,Ineficiente
347,True,7,Departamento,5,Ineficiente
461,True,14,Departamento,7,Ineficiente
312,True,6,Departamento,4,Ineficiente
694,True,23,Casa,2,Moderado
314,False,5,Departamento,12,Ineficiente
467,True,12,Departamento,7,Ineficiente
392,False,11,Departamento,5,Moderado
583,True,14,Casa,3,Ineficiente
342,True,6,Departamento,8,Ineficiente
407,True,7,Departamento,11,Ineficiente
755,True,24,Casa,6,Ineficiente
498,False,11,Casa,7,Ineficiente
353,False,7,Departamento,7,Ineficiente
683,True,17,Casa,10,Ineficiente
292,False,8,Departamento,3,Eficiente
228,False,4,Departamento,7,Moderado
550,True,13,Departamento,10,Ineficiente
554,False,17,Casa,5,Moderado
754,True,24,Casa,12,Ineficiente
280,True,6,Departamento,7,Ineficiente
502,False,11,Casa,8,Moderado
317,True,10,Departamento,2,Moderado
660,True,19,Casa,6,Ineficiente
699,True,24,Casa,5,Ineficiente
771,False,24,Casa,11,Ineficiente
556,False,17,Casa,3,Moderado
383,True,11,Departamento,3,Moderado
677,True,23,Casa,3,Ineficiente
722,True,20,Casa,8,Ineficiente
514,False,10,Casa,12,Ineficiente
546,True,9,Casa,12,Ineficiente
661,False,23,Casa,5,Moderado
411,False,13,Departamento,7,Moderado
576,False,13,Casa,8,Moderado
724,True,20,Casa,10,Ineficiente
609,True,14,Casa,12,Ineficiente
337,True,10,Departamento,3,Moderado
622,True,14,Casa,11,Ineficiente
462,False,9,Casa,10,Ineficiente
420,True,6,Departamento,12,Ineficiente
641,True,20,Casa,6,Ineficiente
695,False,23,Casa,7,Moderado
516,True,9,Casa,7,Ineficiente
453,True,10,Departamento,12,Ineficiente
510,False,14,Casa,4,Moderado
377,True,5,Departamento,12,Ineficiente
333,False,5,Departamento,12,Ineficiente
776,False,24,Casa,11,Moderado
663,False,23,Casa,8,Moderado
731,True,20,Casa,8,Ineficiente
349,True,8,Departamento,9,Ineficiente
759,True,23,Casa,6,Moderado
705,True,23,Casa,3,Ineficiente
673,False,23,Casa,4,Ineficiente
350,False,5,Departamento,10,Ineficiente
592,True,13,Casa,7,Ineficiente
300,False,4,Departamento,9,Ineficiente
678,False,21,Casa,9,Moderado
721,True,23,Casa,6,Moderado
650,True,20,Casa,2,Moderado
736,True,22,Casa,7,Ineficiente
645,False,19,Casa,8,Moderado
651,True,16,Casa,10,Ineficiente
323,False,11,Departamento,3,Moderado
326,True,10,Departamento,3,Moderado
320,False,4,Departamento,11,Ineficiente
534,True,15,Casa,2,Moderado
679,False,23,Casa,6,Moderado
496,False,17,Casa,3,Moderado
321,True,7,Departamento,4,Ineficiente
191,False,5,Departamento,3,Eficiente
639,False,17,Casa,12,Ineficiente
477,False,11,Casa,5,Moderado
534,True,8,Casa,12,Ineficiente
488,True,11,Casa,4,Moderado
499,False,11,Casa,10,Moderado
326,False,6,Departamento,11,Ineficiente
346,True,7,Departamento,3,Ineficiente
603,False,16,Casa,8,Ineficiente
737,True,20,Casa,12,Ineficiente
307,False,9,Departamento,4,Moderado
599,True,12,Casa,11,Ineficiente
723,True,20,Casa,9,Ineficiente
718,True,23,Casa,5,Ineficiente
476,True,12,Casa,5,Moderado
634,True,15,Casa,10,Ineficiente
448,True,9,Departamento,12,Ineficiente
488,True,8,Casa,4,Ineficiente
642,True,13,Casa,8,Ineficiente
266,False,7,Departamento,2,Eficiente
738,True,23,Casa,8,Ineficiente
509,True,12,Departamento,11,Ineficiente
408,True,9,Departamento,12,Ineficiente
474,False,14,Casa,3,Moderado
341,False,11,Departamento,7,Moderado
666,True,16,Casa,10,Ineficiente
261,False,6,Departamento,7,Moderado
636,False,22,Casa,4,Moderado
239,True,4,Departamento,2,Moderado
303,False,8,Departamento,5,Moderado
581,True,16,Casa,5,Moderado
721,True,20,Casa,9,Ineficiente
335,True,5,Departamento,11,Ineficiente
509,False,13,Departamento,11,Ineficiente
711,True,22,Casa,8,Ineficiente
457,True,10,Departamento,11,Ineficiente
734,True,21,Casa,8,Ineficiente
610,True,14,Casa,8,Ineficiente
714,True,23,Casa,3,Ineficiente
595,True,15,Casa,10,Ineficiente
404,True,11,Departamento,7,Ineficiente
635,False,22,Casa,3,Moderado
325,True,8,Departamento,2,Ineficiente
780,True,20,Casa,12,Ineficiente
490,True,13,Casa,2,Moderado
462,True,12,Casa,2,Moderado
723,True,24,Casa,5,Ineficiente
613,True,14,Casa,5,Ineficiente
591,False,13,Casa,10,Ineficiente
426,True,9,Casa,2,Moderado
649,True,18,Casa,4,Ineficiente
530,True,14,Casa,4,Moderado
601,False,15,Casa,9,Moderado
245,False,8,Departamento,3,Eficiente
399,True,9,Departamento,7,Ineficiente
792,True,21,Casa,12,Ineficiente
593,False,19,Casa,5,Moderado
824,True,24,Casa,11,Ineficiente
376,True,9,Departamento,7,Ineficiente
702,True,21,Casa,6,Ineficiente
586,True,13,Casa,10,Ineficiente
736,False,22,Casa,10,Ineficiente
444,False,14,Casa,2,Eficiente
600,False,21,Casa,4,Moderado
273,True,4,Departamento,2,Ineficiente
501,True,13,Casa,7,Ineficiente
302,True,7,Departamento,4,Ineficiente
436,False,12,Casa,2,Moderado
634,False,19,Casa,7,Moderado
313,True,6,Departamento,6,Ineficiente
684,True,20,Casa,9,Ineficiente
355,True,8,Departamento,3,Moderado
766,False,24,Casa,9,Moderado
739,True,24,Casa,6,Ineficiente
280,True,4,Departamento,9,Ineficiente
690,True,17,Casa,11,Ineficiente
371,True,9,Departamento,5,Ineficiente
405,False,9,Casa,5,Eficiente
363,False,10,Departamento,11,Ineficiente
559,False,17,Casa,5,Moderado
723,False,20,Casa,12,Ineficiente
359,True,6,Departamento,7,Ineficiente
329,True,7,Departamento,5,Ineficiente
411,True,9,Departamento,10,Ineficiente
490,False,14,Departamento,10,Ineficiente
344,True,10,Departamento,4,Ineficiente
604,False,19,Casa,8,Moderado
476,True,9,Casa,6,Ineficiente
619,True,12,Casa,10,Ineficiente
437,False,9,Casa,3,Moderado
575,False,20,Casa,4,Moderado
546,True,10,Casa,11,Ineficiente
701,True,18,Casa,6,Ineficiente
316,False,9,Departamento,6,Moderado
516,False,8,Casa,11,Ineficiente
689,True,18,Casa,8,Ineficiente
670,True,16,Casa,9,Ineficiente
367,True,7,Departamento,9,Ineficiente
374,True,12,Departamento,2,Ineficiente
209,False,6,Departamento,2,Eficiente
726,True,23,Casa,4,Ineficiente
408,True,10,Casa,2,Moderado
462,True,11,Casa,2,Moderado
669,True,14,Casa,11,Ineficiente
709,True,19,Casa,9,Ineficiente
510,True,12,Casa,2,Moderado
629,True,17,Casa,10,Ineficiente
246,True,5,Departamento,3,Ineficiente
528,True,13,Departamento,10,Ineficiente
740,True,22,Casa,8,Ineficiente
483,True,8,Casa,10,Ineficiente
488,True,10,Casa,4,Moderado
417,True,9,Casa,2,Moderado
358,True,7,Departamento,2,Ineficiente
502,False,8,Casa,12,Ineficiente
316,False,6,Departamento,11,Ineficiente
657,True,17,Casa,7,Ineficiente
326,False,5,Departamento,8,Ineficiente
760,True,22,Casa,10,Ineficiente
335,True,7,Departamento,7,Ineficiente
750,True,24,Casa,6,Ineficiente
309,True,8,Departamento,3,Moderado
616,True,19,Casa,3,Moderado
417,False,8,Casa,9,Moderado
235,False,5,Departamento,2,Eficiente
440,True,12,Departamento,9,Ineficiente
556,True,14,Departamento,12,Ineficiente
503,True,13,Departamento,11,Ineficiente
384,True,5,Departamento,12,Ineficiente
608,False,18,Casa,8,Moderado
462,False,9,Casa,8,Moderado
426,False,8,Casa,6,Moderado
211,False,4,Departamento,4,Moderado
711,True,23,Casa,8,Ineficiente
655,True,17,Casa,8,Ineficiente
746,True,22,Casa,8,Ineficiente
469,True,12,Departamento,12,Ineficiente
517,False,17,Casa,3,Eficiente
464,True,10,Casa,4,Moderado
649,True,23,Casa,4,Moderado
511,False,13,Casa,5,Moderado
487,False,10,Casa,10,Moderado
536,True,14,Departamento,11,Ineficiente
277,False,10,Departamento,2,Eficiente
453,True,9,Departamento,8,Ineficiente
503,True,11,Casa,8,Ineficiente
438,True,9,Departamento,12,Ineficiente
694,True,20,Casa,5,Moderado
666,True,17,Casa,12,Ineficiente
297,True,7,Departamento,2,Moderado
533,False,15,Casa,4,Moderado
468,False,13,Casa,6,Moderado
344,True,10,Departamento,3,Ineficiente
732,False,24,Casa,8,Ineficiente
378,True,5,Departamento,11,Ineficiente
716,True,20,Casa,11,Ineficiente
404,False,9,Departamento,8,Ineficiente
695,True,17,Casa,11,Ineficiente
660,True,18,Casa,6,Ineficiente
339,False,5,Departamento,11,Ineficiente
631,True,19,Casa,7,Ineficiente
509,False,16,Casa,2,Eficiente
502,True,11,Casa,5,Moderado
550,True,14,Casa,5,Ineficiente
556,True,9,Casa,12,Ineficiente
552,True,14,Casa,9,Ineficiente
382,True,11,Departamento,3,Ineficiente
432,False,12,Casa,2,Eficiente
684,True,22,Casa,8,Ineficiente
537,True,11,Casa,7,Ineficiente
539,True,14,Casa,6,Moderado
351,True,6,Departamento,9,Ineficiente
769,False,24,Casa,12,Ineficiente
197,False,6,Departamento,3,Eficiente
516,False,18,Casa,3,Moderado
512,True,13,Departamento,10,Ineficiente
415,True,9,Casa,2,Moderado
417,True,11,Departamento,7,Ineficiente
465,False,12,Casa,4,Moderado
507,True,13,Casa,6,Ineficiente
594,True,14,Casa,9,Ineficiente
734,True,22,Casa,8,Ineficiente
384,False,10,Departamento,5,Moderado
644,False,20,Casa,9,Moderado
579,False,12,Casa,12,Ineficiente
378,True,5,Departamento,12,Ineficiente
483,False,10,Casa,11,Ineficiente
435,True,9,Departamento,12,Ineficiente
409,False,14,Departamento,3,Moderado
747,False,24,Casa,8,Moderado
374,False,12,Departamento,6,Ineficiente
712,False,20,Casa,12,Ineficiente
573,True,15,Casa,7,Ineficiente
504,True,12,Casa,4,Moderado
540,True,9,Casa,12,Ineficiente
498,True,11,Departamento,11,Ineficiente
450,True,11,Departamento,8,Ineficiente
648,True,18,Casa,8,Ineficiente
581,False,20,Casa,3,Moderado
330,True,9,Departamento,2,Moderado
507,False,10,Casa,11,Ineficiente
445,False,12,Casa,3,Moderado
524,True,10,Casa,9,Ineficiente
521,True,11,Departamento,12,Ineficiente
725,True,20,Casa,11,Ineficiente
335,False,10,Departamento,4,Moderado
583,True,13,Departamento,12,Ineficiente
463,True,10,Casa,5,Ineficiente
744,False,24,Casa,9,Moderado
397,True,11,Departamento,4,Ineficiente
589,False,17,Casa,7,Moderado
362,True,10,Departamento,3,Ineficiente
306,False,10,Departamento,4,Moderado
330,False,11,Departamento,2,Eficiente
408,False,13,Departamento,10,Moderado
393,True,8,Departamento,5,Ineficiente
505,True,13,Departamento,7,Ineficiente
539,False,14,Casa,8,Moderado
523,True,12,Casa,3,Moderado
489,True,8,Casa,9,Ineficiente
382,False,9,Departamento,10,Ineficiente
701,True,19,Casa,11,Ineficiente
381,True,4,Departamento,12,Ineficiente
635,False,23,Casa,3,Moderado
362,True,7,Departamento,6,Ineficiente
675,True,22,Casa,3,Ineficiente
333,False,5,Departamento,12,Ineficiente
540,False,17,Casa,6,Moderado
594,True,14,Casa,8,Ineficiente
435,False,10,Casa,7,Moderado
305,False,8,Departamento,5,Moderado
563,True,13,Casa,3,Ineficiente
594,True,16,Casa,8,Ineficiente
345,True,4,Departamento,11,Ineficiente
438,False,13,Departamento,10,Ineficiente
295,False,11,Departamento,2,Eficiente
561,True,16,Casa,4,Moderado
764,False,24,Casa,8,Moderado
479,False,12,Departamento,10,Ineficiente
596,True,17,Casa,6,Ineficiente
422,False,12,Departamento,8,Ineficiente
696,True,19,Casa,11,Ineficiente
423,False,8,Casa,8,Moderado
487,True,13,Casa,5,Moderado
730,True,20,Casa,6,Ineficiente
623,False,20,Casa,3,Eficiente
534,True,11,Casa,9,Ineficiente
365,False,13,Departamento,2,Eficiente
667,True,22,Casa,3,Moderado
297,False,7,Departamento,4,Moderado
466,True,13,Departamento,8,Ineficiente
684,True,20,Casa,7,Ineficiente
711,False,24,Casa,8,Moderado
367,False,6,Departamento,12,Ineficiente
479,False,14,Departamento,6,Ineficiente
368,False,12,Departamento,5,Moderado
341,True,6,Departamento,8,Ineficiente
282,True,5,Departamento,4,Ineficiente
779,True,22,Casa,11,Ineficiente
513,True,10,Casa,8,Ineficiente
324,False,11,Departamento,3,Moderado
742,False,24,Casa,9,Ineficiente
293,True,6,Departamento,7,Ineficiente
612,False,21,Casa,4,Moderado
377,False,10,Casa,4,Moderado
231,False,4,Departamento,6,Moderado
665,True,22,Casa,4,Ineficiente
