consumo_kwh,uso_horario_pico,cantidad_equipos,tipo_inmueble,horas_alto_consumo,categoria,region
421,False,11,Casa,2,Moderado,Centro
309,False,5,Departamento,12,Ineficiente,Centro
390,True,11,Departamento,2,Moderado,Sur
759,True,21,Casa,12,Ineficiente,Centro
755,True,21,Casa,8,Ineficiente,Sur
651,True,16,Casa,8,Ineficiente,Norte
520,False,13,Casa,3,Moderado,Centro
479,True,12,Departamento,4,Ineficiente,Sur
343,False,8,Departamento,3,Moderado,Norte
447,True,11,Departamento,7,Ineficiente,Centro
759,False,23,Casa,9,Moderado,Norte
458,True,12,Departamento,9,Ineficiente,Centro
409,True,13,Departamento,2,Ineficiente,Centro
825,True,24,Casa,12,Ineficiente,Centro
615,False,15,Casa,10,Ineficiente,Norte
770,True,21,Casa,12,Ineficiente,Centro
492,False,9,Casa,9,Moderado,Norte
684,True,18,Casa,10,Ineficiente,Centro
680,True,18,Casa,10,Ineficiente,Centro
606,False,13,Casa,12,Ineficiente,Sur
386,True,12,Departamento,7,Ineficiente,Centro
575,True,17,Casa,4,Moderado,Centro
644,True,15,Casa,2,Moderado,Sur
588,False,14,Casa,12,Ineficiente,Centro
702,True,15,Casa,9,Ineficiente,Sur
367,True,8,Departamento,11,Ineficiente,Centro
429,True,9,Casa,4,Moderado,Centro
761,True,23,Casa,8,Ineficiente,Norte
659,True,16,Casa,11,Ineficiente,Centro
744,False,20,Casa,7,Moderado,Norte
321,False,9,Departamento,4,Moderado,Centro
803,True,24,Casa,7,Ineficiente,Centro
403,False,9,Casa,4,Eficiente,Centro
470,False,12,Departamento,10,Ineficiente,Centro
359,False,8,Departamento,2,Moderado,Norte
484,True,13,Departamento,9,Ineficiente,Centro
519,True,12,Casa,6,Ineficiente,Centro
431,False,8,Casa,5,Eficiente,Sur
413,True,14,Departamento,2,Moderado,Centro
697,True,15,Casa,10,Ineficiente,Sur
604,False,13,Casa,10,Ineficiente,Centro
716,True,24,Casa,6,Ineficiente,Centro
772,True,19,Casa,12,Ineficiente,Norte
417,True,11,Departamento,10,Ineficiente,Centro
501,False,10,Casa,11,Ineficiente,Centro
380,True,6,Departamento,10,Ineficiente,Centro
578,False,15,Casa,8,Moderado,Centro
691,True,18,Casa,9,Ineficiente,Centro
656,True,21,Casa,2,Ineficiente,Centro
589,True,15,Casa,5,Ineficiente,Centro
570,True,14,Departamento,11,Ineficiente,Norte
436,True,7,Departamento,11,Ineficiente,Sur
360,True,9,Departamento,5,Moderado,Norte
480,False,13,Departamento,10,Ineficiente,Norte
649,True,20,Casa,4,Moderado,Centro
452,True,8,Departamento,11,Ineficiente,Centro
590,True,12,Casa,11,Ineficiente,Centro
417,False,11,Casa,2,Eficiente,Centro
560,True,9,Casa,12,Ineficiente,Centro
670,True,20,Casa,6,Ineficiente,Centro
790,False,23,Casa,8,Moderado,Sur
576,True,9,Casa,5,Ineficiente,Sur
481,True,9,Departamento,10,Ineficiente,Centro
547,True,12,Casa,7,Ineficiente,Centro
562,False,15,Casa,7,Moderado,Centro
768,True,22,Casa,4,Ineficiente,Norte
733,True,20,Casa,11,Ineficiente,Centro
338,False,5,Departamento,11,Ineficiente,Centro
762,True,23,Casa,6,Ineficiente,Sur
444,False,10,Departamento,11,Ineficiente,Norte
401,True,8,Departamento,7,Ineficiente,Centro
467,True,10,Casa,5,Ineficiente,Centro
685,True,22,Casa,4,Moderado,Centro
397,True,10,Departamento,6,Moderado,Norte
522,False,12,Departamento,8,Moderado,Sur
536,True,12,Departamento,12,Ineficiente,Centro
323,True,5,Departamento,7,Ineficiente,Centro
446,False,11,Casa,3,Eficiente,Centro
530,True,14,Casa,2,Moderado,Centro
504,False,11,Casa,6,Moderado,Centro
325,False,7,Departamento,6,Moderado,Norte
332,False,5,Departamento,7,Moderado,Norte
514,False,10,Casa,4,Moderado,Sur
695,True,22,Casa,2,Moderado,Centro
387,False,8,Casa,5,Moderado,Norte
407,False,9,Casa,5,Eficiente,Centro
422,False,12,Departamento,11,Ineficiente,Centro
422,True,11,Departamento,3,Ineficiente,Norte
355,False,11,Departamento,9,Moderado,Centro
668,False,22,Casa,7,Moderado,Norte
720,False,21,Casa,4,Moderado,Norte
296,True,4,Departamento,2,Moderado,Norte
514,True,9,Departamento,12,Ineficiente,Sur
675,False,21,Casa,4,Moderado,Norte
368,True,4,Departamento,9,Ineficiente,Norte
761,True,24,Casa,5,Ineficiente,Centro
706,False,23,Casa,4,Moderado,Sur
663,True,15,Casa,12,Ineficiente,Centro
562,True,14,Casa,5,Ineficiente,Centro
744,True,19,Casa,12,Ineficiente,Norte
624,True,16,Casa,5,Ineficiente,Centro
349,True,10,Departamento,3,Ineficiente,Centro
474,True,8,Casa,5,Ineficiente,Centro
697,True,17,Casa,12,Ineficiente,Centro
431,True,7,Departamento,10,Ineficiente,Centro
705,False,24,Casa,5,Moderado,Norte
673,True,24,Casa,2,Ineficiente,Centro
402,True,12,Departamento,2,Moderado,Norte
704,True,24,Casa,2,Moderado,Centro
532,False,9,Casa,6,Moderado,Sur
653,False,15,Casa,7,Moderado,Sur
691,True,20,Casa,7,Ineficiente,Sur
451,True,12,Departamento,7,Ineficiente,Centro
328,True,8,Departamento,10,Ineficiente,Centro
305,False,9,Departamento,2,Moderado,Centro
412,True,6,Departamento,11,Ineficiente,Centro
299,True,4,Departamento,7,Ineficiente,Centro
454,False,8,Casa,9,Ineficiente,Centro
299,False,5,Departamento,9,Moderado,Centro
705,True,24,Casa,4,Ineficiente,Centro
254,False,4,Departamento,6,Moderado,Centro
565,True,13,Departamento,11,Ineficiente,Sur
701,False,21,Casa,5,Moderado,Norte
428,True,9,Casa,2,Moderado,Centro
655,True,14,Casa,10,Ineficiente,Sur
665,False,24,Casa,6,Moderado,Centro
260,True,7,Departamento,3,Moderado,Centro
375,True,9,Departamento,3,Ineficiente,Centro
539,True,9,Casa,12,Ineficiente,Centro
553,True,8,Casa,8,Ineficiente,Sur
763,True,23,Casa,5,Ineficiente,Centro
461,False,14,Casa,2,Eficiente,Centro
665,True,18,Casa,6,Ineficiente,Norte
713,True,22,Casa,3,Moderado,Norte
499,True,11,Departamento,8,Ineficiente,Sur
574,True,9,Casa,10,Ineficiente,Centro
686,True,21,Casa,2,Moderado,Centro
362,True,7,Departamento,3,Moderado,Norte
713,True,16,Casa,12,Ineficiente,Centro
428,True,8,Departamento,7,Ineficiente,Sur
377,False,9,Departamento,9,Ineficiente,Centro
571,True,11,Casa,8,Ineficiente,Norte
620,True,16,Casa,10,Ineficiente,Centro
509,True,11,Casa,3,Ineficiente,Centro
675,False,19,Casa,10,Ineficiente,Centro
563,True,11,Casa,5,Ineficiente,Sur
441,False,11,Departamento,12,Ineficiente,Centro
567,True,14,Casa,4,Ineficiente,Sur
676,True,20,Casa,8,Ineficiente,Centro
590,False,15,Casa,6,Moderado,Norte
374,False,12,Departamento,6,Ineficiente,Centro
617,True,19,Casa,3,Moderado,Centro
746,True,20,Casa,7,Ineficiente,Sur
689,True,21,Casa,7,Ineficiente,Centro
225,False,5,Departamento,5,Moderado,Centro
483,False,14,Casa,6,Moderado,Centro
421,True,8,Departamento,8,Ineficiente,Norte
448,True,10,Departamento,9,Ineficiente,Centro
701,True,23,Casa,7,Ineficiente,Centro
342,True,7,Departamento,6,Ineficiente,Centro
714,True,23,Casa,4,Ineficiente,Centro
463,False,14,Departamento,8,Moderado,Norte
522,True,13,Departamento,9,Ineficiente,Centro
715,True,24,Casa,4,Moderado,Centro
642,True,16,Casa,6,Ineficiente,Norte
434,True,5,Departamento,12,Ineficiente,Sur
488,True,14,Casa,3,Ineficiente,Centro
784,True,19,Casa,11,Ineficiente,Norte
767,True,23,Casa,11,Ineficiente,Centro
686,False,24,Casa,5,Moderado,Centro
354,False,10,Departamento,5,Moderado,Centro
533,True,8,Casa,9,Ineficiente,Centro
468,True,9,Casa,4,Ineficiente,Norte
615,True,15,Casa,6,Moderado,Norte
485,True,9,Departamento,12,Ineficiente,Centro
676,True,16,Casa,6,Ineficiente,Sur
365,True,6,Departamento,3,Ineficiente,Sur
738,True,20,Casa,10,Ineficiente,Norte
447,True,14,Departamento,5,Moderado,Centro
771,False,22,Casa,10,Moderado,Sur
694,False,22,Casa,10,Moderado,Centro
506,False,14,Casa,3,Eficiente,Sur
382,True,5,Departamento,10,Ineficiente,Norte
457,False,8,Departamento,10,Ineficiente,Sur
471,False,13,Casa,3,Moderado,Centro
536,False,11,Departamento,12,Ineficiente,Sur
395,True,9,Departamento,7,Ineficiente,Centro
714,False,23,Casa,10,Ineficiente,Centro
648,True,14,Casa,5,Ineficiente,Sur
592,True,17,Casa,3,Moderado,Centro
707,True,19,Casa,8,Ineficiente,Centro
337,False,8,Departamento,10,Ineficiente,Centro
389,False,10,Departamento,7,Moderado,Centro
591,True,12,Departamento,12,Ineficiente,Sur
648,True,14,Casa,12,Ineficiente,Centro
482,True,11,Casa,5,Ineficiente,Centro
365,True,11,Departamento,2,Ineficiente,Centro
422,True,9,Departamento,5,Ineficiente,Norte
342,True,8,Departamento,4,Ineficiente,Centro
445,False,13,Departamento,8,Ineficiente,Centro
404,True,5,Departamento,12,Ineficiente,Centro
846,True,23,Casa,12,Ineficiente,Sur
447,False,8,Casa,11,Ineficiente,Centro
243,False,4,Departamento,6,Moderado,Centro
379,False,10,Departamento,4,Eficiente,Sur
714,True,23,Casa,3,Ineficiente,Centro
593,False,18,Casa,3,Moderado,Sur
422,True,10,Departamento,6,Ineficiente,Centro
581,False,10,Casa,9,Moderado,Sur
618,False,15,Casa,9,Moderado,Norte
639,False,17,Casa,6,Moderado,Sur
395,True,13,Departamento,3,Moderado,Centro
407,True,12,Departamento,5,Ineficiente,Centro
573,False,16,Casa,8,Moderado,Centro
400,False,10,Departamento,7,Ineficiente,Centro
699,True,18,Casa,11,Ineficiente,Centro
676,False,23,Casa,8,Moderado,Centro
331,True,6,Departamento,6,Ineficiente,Centro
327,True,7,Departamento,3,Moderado,Centro
373,False,7,Departamento,9,Ineficiente,Norte
451,True,13,Departamento,3,Ineficiente,Centro
768,True,22,Casa,9,Ineficiente,Centro
579,False,15,Casa,8,Moderado,Norte
531,True,14,Casa,4,Moderado,Centro
472,True,9,Casa,5,Ineficiente,Centro
654,False,20,Casa,8,Moderado,Norte
312,False,8,Departamento,5,Moderado,Centro
596,True,12,Casa,10,Ineficiente,Sur
432,True,7,Departamento,8,Ineficiente,Norte
407,True,12,Departamento,2,Ineficiente,Centro
334,False,11,Departamento,2,Eficiente,Centro
468,True,10,Casa,5,Ineficiente,Centro
540,False,12,Casa,10,Ineficiente,Centro
607,False,20,Casa,5,Moderado,Centro
561,True,15,Casa,6,Ineficiente,Centro
326,True,7,Departamento,2,Moderado,Norte
541,False,16,Casa,3,Moderado,Centro
822,True,24,Casa,12,Ineficiente,Centro
353,True,4,Departamento,5,Ineficiente,Norte
423,False,8,Casa,5,Moderado,Centro
554,False,13,Departamento,12,Ineficiente,Sur
326,True,5,Departamento,11,Ineficiente,Centro
311,True,5,Departamento,7,Ineficiente,Centro
713,False,22,Casa,7,Moderado,Sur
483,False,10,Casa,9,Moderado,Centro
409,True,9,Departamento,10,Ineficiente,Centro
619,True,20,Casa,2,Moderado,Centro
327,True,4,Departamento,2,Moderado,Sur
447,False,14,Departamento,7,Moderado,Centro
410,True,10,Departamento,5,Ineficiente,Centro
645,False,19,Casa,12,Ineficiente,Centro
627,False,17,Casa,5,Moderado,Sur
238,False,5,Departamento,2,Moderado,Centro
721,False,18,Casa,10,Ineficiente,Norte
563,False,11,Casa,12,Ineficiente,Sur
518,True,13,Casa,4,Moderado,Centro
426,True,8,Departamento,6,Ineficiente,Norte
353,False,7,Departamento,11,Ineficiente,Centro
462,True,12,Casa,2,Moderado,Centro
734,True,20,Casa,9,Ineficiente,Sur
349,True,10,Departamento,4,Ineficiente,Centro
366,True,10,Departamento,2,Moderado,Sur
477,False,8,Casa,11,Ineficiente,Centro
688,False,19,Casa,7,Ineficiente,Norte
287,True,5,Departamento,2,Moderado,Sur
280,False,7,Departamento,4,Moderado,Centro
310,True,4,Departamento,6,Ineficiente,Centro
303,False,8,Departamento,5,Moderado,Centro
738,True,21,Casa,8,Ineficiente,Sur
617,False,18,Casa,7,Moderado,Centro
447,True,12,Departamento,4,Ineficiente,Norte
523,True,11,Departamento,12,Ineficiente,Norte
356,False,9,Departamento,9,Ineficiente,Centro
453,True,11,Departamento,9,Ineficiente,Centro
500,False,14,Casa,3,Moderado,Centro
814,True,23,Casa,8,Ineficiente,Centro
409,True,11,Departamento,2,Ineficiente,Norte
398,True,10,Departamento,3,Ineficiente,Centro
447,True,7,Departamento,9,Ineficiente,Sur
310,True,8,Departamento,2,Moderado,Centro
433,False,13,Departamento,3,Moderado,Sur
418,True,10,Casa,2,Moderado,Centro
661,False,19,Casa,6,Eficiente,Norte
567,True,12,Casa,8,Ineficiente,Sur
550,False,16,Casa,7,Moderado,Centro
673,True,19,Casa,7,Ineficiente,Centro
724,True,17,Casa,7,Ineficiente,Sur
599,False,12,Casa,9,Ineficiente,Norte
567,True,12,Casa,6,Ineficiente,Norte
668,True,16,Casa,11,Ineficiente,Centro
797,True,24,Casa,8,Ineficiente,Centro
605,True,17,Casa,4,Moderado,Norte
459,True,8,Departamento,10,Ineficiente,Norte
810,True,23,Casa,11,Ineficiente,Norte
684,True,22,Casa,4,Moderado,Centro
744,False,24,Casa,7,Moderado,Norte
266,False,6,Departamento,4,Moderado,Centro
426,True,8,Casa,2,Moderado,Centro
263,True,4,Departamento,2,Ineficiente,Centro
512,False,12,Casa,4,Moderado,Norte
498,False,13,Casa,5,Moderado,Centro
700,False,21,Casa,3,Moderado,Norte
605,False,18,Casa,10,Ineficiente,Centro
535,True,8,Departamento,12,Ineficiente,Sur
344,False,8,Departamento,9,Ineficiente,Centro
396,False,13,Departamento,4,Moderado,Centro
674,True,19,Casa,8,Ineficiente,Centro
449,True,9,Casa,5,Moderado,Centro
505,True,12,Departamento,6,Ineficiente,Sur
544,False,11,Casa,5,Moderado,Sur
808,True,24,Casa,10,Ineficiente,Centro
609,True,13,Casa,12,Ineficiente,Centro
743,True,14,Casa,8,Ineficiente,Sur
456,True,9,Departamento,5,Ineficiente,Sur
474,True,11,Departamento,9,Ineficiente,Centro
271,False,8,Departamento,3,Eficiente,Centro
559,True,13,Casa,8,Ineficiente,Centro
559,False,9,Casa,12,Ineficiente,Sur
669,False,21,Casa,2,Eficiente,Norte
571,False,16,Casa,9,Moderado,Centro
599,False,19,Casa,7,Ineficiente,Centro
338,True,6,Departamento,6,Ineficiente,Centro
470,True,11,Departamento,10,Ineficiente,Centro
747,True,19,Casa,10,Ineficiente,Sur
304,False,8,Departamento,4,Moderado,Norte
444,True,8,Departamento,10,Ineficiente,Centro
827,True,23,Casa,10,Ineficiente,Norte
321,False,10,Departamento,3,Eficiente,Norte
509,False,15,Casa,6,Moderado,Centro
658,False,18,Casa,12,Ineficiente,Centro
416,False,9,Casa,3,Moderado,Centro
435,True,14,Departamento,2,Ineficiente,Centro
751,True,19,Casa,8,Ineficiente,Norte
411,True,8,Casa,5,Ineficiente,Centro
697,False,20,Casa,6,Ineficiente,Sur
832,True,24,Casa,5,Ineficiente,Sur
442,True,10,Departamento,7,Ineficiente,Centro
324,False,4,Departamento,12,Ineficiente,Centro
813,True,23,Casa,3,Ineficiente,Sur
795,False,24,Casa,9,Ineficiente,Norte
580,False,13,Casa,5,Moderado,Sur
621,False,14,Casa,9,Ineficiente,Sur
457,True,8,Casa,4,Moderado,Norte
803,True,22,Casa,12,Ineficiente,Norte
696,False,20,Casa,6,Moderado,Sur
322,False,10,Departamento,4,Moderado,Centro
398,True,9,Departamento,8,Ineficiente,Norte
609,True,19,Casa,4,Moderado,Centro
741,True,22,Casa,9,Ineficiente,Centro
490,False,14,Departamento,10,Ineficiente,Centro
514,True,13,Casa,3,Moderado,Centro
323,True,4,Departamento,4,Moderado,Sur
387,False,12,Departamento,8,Ineficiente,Centro
605,True,16,Casa,6,Ineficiente,Centro
562,False,11,Casa,11,Ineficiente,Centro
442,True,11,Departamento,8,Ineficiente,Centro
445,True,9,Casa,3,Moderado,Norte
747,True,23,Casa,5,Moderado,Sur
315,True,4,Departamento,2,Moderado,Sur
581,True,15,Casa,6,Ineficiente,Centro
729,True,21,Casa,9,Ineficiente,Centro
261,True,6,Departamento,2,Ineficiente,Centro
722,False,23,Casa,8,Moderado,Centro
531,True,11,Casa,8,Ineficiente,Centro
263,False,4,Departamento,8,Ineficiente,Centro
685,True,21,Casa,2,Moderado,Sur
474,True,9,Departamento,12,Ineficiente,Centro
331,True,8,Departamento,4,Moderado,Centro
620,True,12,Casa,12,Ineficiente,Centro
525,True,13,Casa,3,Moderado,Norte
630,True,15,Casa,6,Ineficiente,Centro
546,True,13,Casa,3,Ineficiente,Centro
458,False,13,Casa,6,Moderado,Centro
358,True,9,Departamento,6,Ineficiente,Centro
568,True,14,Casa,5,Ineficiente,Centro
608,True,14,Casa,12,Ineficiente,Centro
354,False,9,Departamento,8,Moderado,Centro
657,True,15,Casa,11,Ineficiente,Centro
365,False,7,Departamento,7,Moderado,Sur
438,True,8,Casa,3,Moderado,Centro
620,False,21,Casa,5,Moderado,Centro
340,True,6,Departamento,12,Ineficiente,Centro
472,False,14,Departamento,8,Ineficiente,Centro
437,True,6,Departamento,10,Ineficiente,Norte
489,True,9,Departamento,10,Ineficiente,Centro
353,True,12,Departamento,4,Moderado,Centro
701,True,23,Casa,2,Moderado,Centro
474,False,8,Casa,10,Moderado,Sur
368,True,4,Departamento,9,Ineficiente,Centro
385,True,4,Departamento,8,Ineficiente,Sur
353,True,6,Departamento,7,Ineficiente,Norte
738,True,19,Casa,11,Ineficiente,Centro
567,True,10,Casa,8,Ineficiente,Sur
404,True,6,Departamento,12,Ineficiente,Centro
766,True,22,Casa,10,Ineficiente,Centro
398,True,7,Departamento,7,Ineficiente,Centro
560,True,11,Departamento,11,Ineficiente,Norte
440,True,9,Casa,4,Moderado,Centro
417,True,11,Departamento,4,Ineficiente,Centro
525,True,14,Departamento,5,Moderado,Sur
503,True,9,Casa,11,Ineficiente,Centro
526,False,14,Departamento,11,Ineficiente,Sur
606,False,10,Casa,9,Ineficiente,Sur
420,False,10,Departamento,11,Ineficiente,Centro
803,True,23,Casa,10,Ineficiente,Centro
478,False,12,Departamento,9,Moderado,Sur
759,True,18,Casa,12,Ineficiente,Sur
773,True,22,Casa,11,Ineficiente,Centro
264,True,5,Departamento,3,Moderado,Centro
636,False,23,Casa,5,Moderado,Centro
576,False,19,Casa,5,Moderado,Centro
360,True,9,Departamento,3,Moderado,Centro
369,True,7,Departamento,9,Ineficiente,Centro
576,False,16,Casa,4,Moderado,Norte
253,False,4,Departamento,3,Eficiente,Norte
645,False,19,Casa,8,Moderado,Centro
459,True,9,Casa,2,Ineficiente,Centro
607,True,17,Casa,7,Ineficiente,Centro
459,True,14,Departamento,4,Ineficiente,Centro
310,False,8,Departamento,4,Moderado,Centro
452,False,12,Departamento,6,Moderado,Norte
301,True,8,Departamento,4,Moderado,Centro
713,True,19,Casa,5,Ineficiente,Sur
722,False,24,Casa,4,Moderado,Centro
455,False,9,Casa,8,Moderado,Centro
584,False,18,Casa,4,Moderado,Centro
780,True,18,Casa,11,Ineficiente,Sur
314,False,10,Departamento,5,Moderado,Centro
677,False,22,Casa,3,Moderado,Centro
581,True,16,Casa,3,Ineficiente,Centro
728,False,22,Casa,10,Ineficiente,Centro
485,True,11,Departamento,12,Ineficiente,Norte
215,False,4,Departamento,2,Moderado,Centro
636,False,20,Casa,2,Eficiente,Norte
561,True,8,Casa,11,Ineficiente,Centro
233,True,4,Departamento,2,Moderado,Centro
466,True,11,Casa,4,Ineficiente,Centro
430,False,14,Departamento,3,Eficiente,Sur
283,False,6,Departamento,4,Eficiente,Norte
511,True,9,Casa,6,Ineficiente,Sur
748,False,22,Casa,10,Moderado,Centro
466,True,14,Departamento,3,Ineficiente,Centro
658,True,13,Casa,12,Ineficiente,Norte
499,True,10,Casa,2,Ineficiente,Sur
472,False,13,Departamento,12,Ineficiente,Norte
394,True,6,Departamento,7,Ineficiente,Norte
351,False,9,Departamento,4,Ineficiente,Centro
333,True,6,Departamento,8,Ineficiente,Centro
587,False,17,Casa,7,Moderado,Centro
727,True,16,Casa,12,Ineficiente,Norte
419,False,10,Departamento,8,Ineficiente,Centro
645,True,18,Casa,6,Ineficiente,Centro
480,False,14,Casa,2,Eficiente,Centro
332,False,10,Departamento,4,Moderado,Centro
428,False,12,Casa,4,Moderado,Centro
457,False,11,Casa,8,Moderado,Centro
425,False,11,Casa,4,Moderado,Centro
774,True,20,Casa,12,Ineficiente,Centro
737,False,23,Casa,6,Moderado,Sur
684,False,21,Casa,5,Moderado,Sur
675,True,18,Casa,5,Moderado,Sur
336,False,8,Departamento,8,Ineficiente,Centro
314,False,6,Departamento,2,Moderado,Norte
544,False,14,Casa,8,Moderado,Centro
314,False,7,Departamento,9,Moderado,Centro
491,True,11,Casa,4,Ineficiente,Centro
588,True,14,Casa,4,Ineficiente,Centro
378,True,7,Departamento,5,Ineficiente,Sur
593,True,13,Casa,7,Ineficiente,Sur
291,False,6,Departamento,8,Ineficiente,Centro
434,True,9,Casa,2,Ineficiente,Centro
312,True,5,Departamento,5,Ineficiente,Centro
613,False,14,Casa,8,Ineficiente,Norte
451,False,13,Departamento,12,Ineficiente,Centro
585,True,16,Casa,3,Moderado,Norte
322,True,9,Departamento,2,Ineficiente,Centro
628,True,19,Casa,2,Ineficiente,Centro
705,True,20,Casa,11,Ineficiente,Centro
366,False,11,Departamento,7,Moderado,Centro
563,False,17,Casa,6,Moderado,Centro
396,True,8,Departamento,2,Moderado,Sur
335,False,5,Departamento,11,Ineficiente,Centro
693,True,21,Casa,4,Ineficiente,Centro
511,False,13,Departamento,12,Ineficiente,Centro
567,True,13,Casa,8,Ineficiente,Centro
484,False,13,Departamento,10,Moderado,Sur
695,True,20,Casa,10,Ineficiente,Centro
571,True,16,Casa,7,Ineficiente,Centro
253,True,4,Departamento,4,Ineficiente,Centro
291,True,4,Departamento,2,Moderado,Sur
685,False,21,Casa,4,Eficiente,Norte
403,True,7,Departamento,11,Ineficiente,Centro
511,False,16,Casa,3,Eficiente,Centro
611,False,15,Casa,12,Ineficiente,Centro
498,False,14,Casa,6,Moderado,Centro
603,False,15,Casa,9,Moderado,Centro
477,True,10,Casa,6,Ineficiente,Centro
696,True,22,Casa,2,Moderado,Sur
258,False,5,Departamento,4,Moderado,Centro
429,True,11,Departamento,6,Ineficiente,Centro
287,True,5,Departamento,8,Ineficiente,Centro
495,False,9,Casa,6,Moderado,Norte
736,True,21,Casa,11,Ineficiente,Centro
378,False,12,Departamento,6,Moderado,Centro
416,False,12,Departamento,8,Moderado,Centro
839,True,24,Casa,9,Ineficiente,Norte
417,False,11,Departamento,9,Ineficiente,Centro
365,True,7,Departamento,8,Ineficiente,Centro
308,True,7,Departamento,4,Moderado,Centro
344,False,5,Departamento,12,Ineficiente,Centro
299,False,7,Departamento,3,Eficiente,Norte
761,False,24,Casa,2,Eficiente,Sur
420,False,9,Departamento,7,Moderado,Sur
349,True,6,Departamento,10,Ineficiente,Centro
582,False,17,Casa,4,Eficiente,Norte
660,True,19,Casa,6,Ineficiente,Centro
763,True,17,Casa,10,Ineficiente,Sur
498,True,11,Departamento,10,Ineficiente,Centro
406,False,10,Departamento,8,Moderado,Norte
713,True,24,Casa,5,Ineficiente,Centro
791,False,23,Casa,12,Ineficiente,Sur
458,False,12,Casa,3,Eficiente,Centro
472,True,13,Departamento,3,Ineficiente,Centro
362,True,8,Departamento,5,Ineficiente,Centro
327,True,11,Departamento,2,Moderado,Centro
686,True,20,Casa,5,Moderado,Norte
598,False,15,Casa,12,Moderado,Centro
780,True,24,Casa,7,Moderado,Norte
472,False,11,Casa,7,Ineficiente,Centro
457,False,14,Departamento,8,Ineficiente,Centro
414,True,10,Departamento,6,Ineficiente,Centro
503,False,12,Departamento,10,Ineficiente,Norte
302,True,6,Departamento,3,Ineficiente,Centro
610,True,21,Casa,3,Moderado,Centro
398,True,10,Departamento,5,Moderado,Norte
475,True,13,Departamento,5,Moderado,Norte
356,True,6,Departamento,5,Ineficiente,Norte
593,False,16,Casa,2,Moderado,Sur
702,True,22,Casa,5,Ineficiente,Centro
525,False,14,Casa,6,Moderado,Centro
382,True,4,Departamento,10,Ineficiente,Norte
348,True,9,Departamento,4,Ineficiente,Centro
571,True,12,Casa,4,Ineficiente,Sur
422,False,9,Departamento,6,Moderado,Sur
436,True,9,Departamento,11,Ineficiente,Centro
602,True,13,Casa,7,Ineficiente,Norte
692,True,20,Casa,4,Ineficiente,Norte
304,False,6,Departamento,2,Moderado,Norte
745,True,22,Casa,11,Ineficiente,Centro
454,False,9,Departamento,9,Ineficiente,Norte
473,True,13,Casa,2,Moderado,Centro
263,False,8,Departamento,3,Moderado,Centro
695,True,18,Casa,4,Moderado,Sur
534,True,10,Casa,7,Ineficiente,Centro
373,True,8,Departamento,5,Ineficiente,Sur
574,False,19,Casa,5,Moderado,Centro
645,True,13,Casa,10,Ineficiente,Norte
576,False,13,Casa,7,Ineficiente,Centro
374,True,9,Departamento,3,Ineficiente,Centro
486,True,14,Departamento,8,Ineficiente,Centro
258,True,7,Departamento,4,Moderado,Centro
661,True,13,Casa,10,Ineficiente,Sur
725,False,24,Casa,7,Moderado,Centro
586,False,16,Casa,9,Moderado,Centro
478,False,12,Casa,2,Eficiente,Sur
558,True,13,Casa,3,Moderado,Norte
647,True,19,Casa,7,Ineficiente,Centro
618,False,18,Casa,4,Moderado,Centro
446,True,10,Departamento,2,Ineficiente,Sur
792,False,24,Casa,7,Moderado,Sur
667,True,16,Casa,6,Ineficiente,Sur
423,False,10,Departamento,10,Ineficiente,Norte
523,False,10,Casa,7,Moderado,Sur
410,False,11,Departamento,6,Moderado,Centro
280,True,5,Departamento,2,Moderado,Centro
412,True,11,Departamento,2,Moderado,Norte
664,True,14,Casa,12,Ineficiente,Centro
431,False,13,Departamento,2,Eficiente,Sur
707,False,19,Casa,8,Moderado,Sur
731,True,21,Casa,7,Ineficiente,Centro
531,True,9,Casa,6,Ineficiente,Norte
478,True,14,Departamento,5,Ineficiente,Centro
678,False,15,Casa,12,Ineficiente,Sur
562,True,10,Casa,12,Ineficiente,Centro
284,False,5,Departamento,9,Moderado,Centro
772,True,20,Casa,12,Ineficiente,Norte
600,True,16,Casa,9,Ineficiente,Centro
537,False,16,Casa,6,Moderado,Centro
629,True,16,Casa,5,Moderado,Sur
664,True,22,Casa,3,Moderado,Centro
740,True,20,Casa,8,Ineficiente,Centro
285,True,4,Departamento,6,Ineficiente,Centro
501,True,9,Casa,4,Ineficiente,Norte
809,True,21,Casa,10,Ineficiente,Sur
349,False,5,Departamento,10,Ineficiente,Centro
536,True,9,Casa,12,Ineficiente,Centro
382,False,8,Departamento,12,Ineficiente,Centro
527,False,11,Casa,11,Ineficiente,Centro
750,False,21,Casa,12,Ineficiente,Centro
665,False,18,Casa,9,Ineficiente,Centro
658,True,21,Casa,2,Moderado,Centro
665,True,19,Casa,4,Ineficiente,Centro
694,False,23,Casa,3,Moderado,Norte
534,True,13,Casa,5,Moderado,Centro
494,True,8,Casa,3,Moderado,Norte
743,True,19,Casa,12,Ineficiente,Centro
646,True,14,Casa,9,Ineficiente,Sur
623,True,15,Casa,2,Moderado,Sur
587,True,16,Casa,5,Ineficiente,Centro
370,True,9,Departamento,6,Ineficiente,Centro
826,False,24,Casa,11,Ineficiente,Norte
292,True,5,Departamento,5,Ineficiente,Centro
367,False,5,Departamento,9,Ineficiente,Sur
603,True,17,Casa,3,Moderado,Centro
308,False,6,Departamento,10,Ineficiente,Centro
358,True,6,Departamento,3,Ineficiente,Sur
608,True,13,Casa,3,Moderado,Sur
437,True,10,Casa,3,Moderado,Centro
378,True,5,Departamento,11,Ineficiente,Centro
443,False,12,Departamento,9,Moderado,Norte
547,False,13,Casa,4,Moderado,Norte
660,True,11,Casa,11,Ineficiente,Sur
656,True,12,Casa,12,Ineficiente,Sur
612,True,10,Casa,11,Ineficiente,Centro
446,True,7,Departamento,9,Ineficiente,Norte
652,True,13,Casa,8,Ineficiente,Sur
708,False,20,Casa,11,Ineficiente,Centro
409,True,10,Departamento,5,Ineficiente,Centro
433,False,9,Casa,8,Moderado,Centro
586,False,11,Casa,12,Ineficiente,Norte
451,False,13,Departamento,9,Ineficiente,Centro
470,True,14,Departamento,7,Ineficiente,Centro
641,False,17,Casa,7,Moderado,Norte
606,False,16,Casa,4,Moderado,Norte
490,True,8,Casa,6,Ineficiente,Norte
775,True,20,Casa,11,Ineficiente,Norte
611,False,22,Casa,3,Eficiente,Centro
449,False,9,Casa,6,Moderado,Sur
700,True,18,Casa,6,Ineficiente,Norte
758,True,21,Casa,8,Ineficiente,Norte
702,True,22,Casa,5,Ineficiente,Centro
802,True,21,Casa,12,Ineficiente,Sur
738,True,23,Casa,7,Ineficiente,Centro
788,True,22,Casa,10,Ineficiente,Centro
548,False,16,Casa,5,Moderado,Centro
424,False,10,Departamento,12,Ineficiente,Centro
545,False,12,Casa,7,Moderado,Norte
342,True,6,Departamento,10,Ineficiente,Centro
391,False,8,Departamento,11,Ineficiente,Centro
417,True,10,Casa,2,Moderado,Centro
527,True,11,Casa,9,Ineficiente,Centro
575,False,21,Casa,2,Moderado,Centro
552,True,14,Casa,5,Moderado,Centro
292,True,6,Departamento,4,Ineficiente,Centro
758,True,23,Casa,5,Moderado,Norte
754,True,22,Casa,8,Ineficiente,Norte
597,False,14,Casa,10,Ineficiente,Centro
832,False,24,Casa,10,Moderado,Sur
485,False,11,Departamento,11,Ineficiente,Sur
590,False,21,Casa,2,Eficiente,Centro
753,False,22,Casa,11,Ineficiente,Norte
246,False,5,Departamento,2,Eficiente,Norte
469,True,10,Departamento,10,Ineficiente,Sur
650,False,23,Casa,5,Moderado,Centro
530,True,12,Casa,4,Ineficiente,Centro
489,False,9,Casa,10,Ineficiente,Centro
645,True,16,Casa,6,Ineficiente,Centro
624,False,16,Casa,7,Eficiente,Sur
452,False,11,Casa,2,Moderado,Norte
609,False,22,Casa,2,Moderado,Centro
672,False,18,Casa,8,Moderado,Sur
368,True,6,Departamento,11,Ineficiente,Centro
503,True,8,Casa,9,Ineficiente,Centro
659,True,15,Casa,12,Ineficiente,Centro
814,True,23,Casa,9,Ineficiente,Sur
438,True,7,Departamento,8,Ineficiente,Norte
778,True,19,Casa,12,Ineficiente,Centro
650,True,12,Casa,10,Ineficiente,Norte
371,False,13,Departamento,2,Moderado,Centro
339,False,8,Departamento,3,Moderado,Norte
437,True,11,Departamento,4,Ineficiente,Centro
732,True,22,Casa,6,Ineficiente,Centro
602,True,14,Casa,5,Ineficiente,Sur
448,True,13,Departamento,5,Ineficiente,Centro
542,True,13,Departamento,9,Ineficiente,Norte
724,True,22,Casa,9,Ineficiente,Centro
687,True,17,Casa,12,Ineficiente,Centro
806,True,21,Casa,8,Ineficiente,Sur
343,True,10,Departamento,2,Moderado,Norte
777,True,24,Casa,11,Ineficiente,Centro
633,False,21,Casa,5,Moderado,Centro
434,False,9,Casa,2,Eficiente,Norte
769,True,23,Casa,12,Ineficiente,Centro
673,True,20,Casa,6,Ineficiente,Centro
609,True,16,Casa,4,Ineficiente,Centro
374,True,10,Departamento,4,Ineficiente,Centro
742,True,23,Casa,5,Ineficiente,Centro
572,True,17,Casa,3,Moderado,Centro
668,True,16,Casa,8,Ineficiente,Sur
578,True,14,Casa,5,Ineficiente,Centro
695,False,23,Casa,6,Moderado,Centro
539,True,16,Casa,3,Moderado,Centro
740,True,24,Casa,7,Ineficiente,Centro
656,True,14,Casa,10,Ineficiente,Centro
713,True,18,Casa,9,Ineficiente,Sur
465,False,13,Departamento,9,Ineficiente,Centro
536,False,14,Casa,3,Eficiente,Sur
478,True,13,Departamento,5,Ineficiente,Norte
567,False,14,Casa,9,Ineficiente,Centro
458,True,9,Departamento,12,Ineficiente,Sur
316,True,8,Departamento,2,Moderado,Norte
649,True,13,Casa,9,Ineficiente,Sur
517,False,16,Casa,4,Moderado,Centro
797,True,20,Casa,9,Ineficiente,Sur
540,True,14,Casa,7,Ineficiente,Centro
507,True,14,Departamento,8,Ineficiente,Centro
213,False,4,Departamento,3,Eficiente,Norte
295,False,10,Departamento,2,Eficiente,Centro
711,False,23,Casa,7,Moderado,Norte
361,False,7,Departamento,4,Moderado,Norte
382,False,12,Departamento,5,Moderado,Norte
748,False,24,Casa,10,Ineficiente,Centro
564,False,20,Casa,4,Moderado,Centro
467,False,14,Departamento,3,Moderado,Norte
493,True,9,Casa,3,Ineficiente,Norte
292,True,6,Departamento,3,Ineficiente,Centro
738,False,21,Casa,7,Moderado,Norte
323,False,8,Departamento,3,Eficiente,Norte
641,False,14,Casa,12,Ineficiente,Norte
701,False,19,Casa,8,Ineficiente,Sur
748,False,21,Casa,8,Moderado,Sur
318,True,5,Departamento,8,Ineficiente,Centro
265,True,5,Departamento,3,Moderado,Centro
541,True,10,Casa,8,Ineficiente,Centro
527,True,8,Casa,11,Ineficiente,Centro
340,True,5,Departamento,9,Ineficiente,Centro
569,True,14,Casa,9,Ineficiente,Centro
452,True,13,Departamento,3,Moderado,Centro
511,False,12,Casa,6,Eficiente,Norte
605,True,14,Casa,7,Ineficiente,Centro
762,False,21,Casa,10,Moderado,Sur
413,False,9,Casa,7,Moderado,Centro
494,True,7,Departamento,11,Ineficiente,Sur
827,True,24,Casa,7,Moderado,Sur
819,False,23,Casa,11,Ineficiente,Norte
443,False,12,Departamento,11,Ineficiente,Centro
742,True,22,Casa,7,Ineficiente,Centro
632,True,14,Casa,10,Ineficiente,Sur
576,True,14,Departamento,11,Ineficiente,Sur
317,True,6,Departamento,8,Ineficiente,Centro
637,True,21,Casa,2,Ineficiente,Centro
414,True,13,Departamento,2,Moderado,Centro
355,True,7,Departamento,5,Ineficiente,Norte
455,False,11,Casa,3,Moderado,Centro
484,False,11,Casa,4,Eficiente,Sur
470,False,14,Departamento,8,Moderado,Centro
390,False,9,Departamento,8,Moderado,Centro
651,False,21,Casa,4,Moderado,Centro
388,True,12,Departamento,3,Ineficiente,Centro
313,True,11,Departamento,2,Moderado,Centro
640,False,17,Casa,10,Moderado,Centro
694,False,17,Casa,11,Moderado,Sur
490,True,9,Casa,4,Moderado,Sur
417,True,7,Departamento,10,Ineficiente,Norte
499,False,8,Casa,5,Moderado,Sur
492,True,8,Casa,11,Ineficiente,Centro
474,True,13,Departamento,7,Ineficiente,Centro
385,False,8,Departamento,8,Moderado,Norte
656,True,16,Casa,11,Ineficiente,Centro
350,False,5,Departamento,7,Moderado,Sur
480,False,12,Casa,2,Moderado,Centro
473,True,14,Departamento,7,Ineficiente,Centro
706,True,18,Casa,12,Ineficiente,Centro
704,True,20,Casa,7,Ineficiente,Centro
513,True,13,Departamento,6,Ineficiente,Norte
676,False,24,Casa,4,Moderado,Centro
585,True,12,Casa,11,Ineficiente,Centro
357,True,10,Departamento,4,Ineficiente,Norte
545,True,12,Departamento,12,Ineficiente,Sur
464,True,12,Departamento,11,Ineficiente,Centro
456,True,11,Departamento,8,Ineficiente,Centro
571,False,15,Casa,9,Moderado,Centro
519,True,13,Casa,4,Moderado,Centro
674,True,19,Casa,4,Ineficiente,Norte
611,True,14,Casa,8,Ineficiente,Norte
456,False,7,Departamento,11,Ineficiente,Sur
661,True,16,Casa,8,Ineficiente,Centro
750,False,17,Casa,12,Ineficiente,Sur
748,True,17,Casa,10,Ineficiente,Sur
309,False,7,Departamento,7,Moderado,Centro
795,True,23,Casa,8,Moderado,Centro
470,False,8,Casa,12,Ineficiente,Centro
847,True,24,Casa,11,Ineficiente,Sur
420,False,14,Departamento,2,Moderado,Sur
786,True,24,Casa,8,Ineficiente,Centro
242,False,7,Departamento,3,Moderado,Centro
448,False,12,Departamento,8,Ineficiente,Norte
600,True,16,Casa,4,Moderado,Sur
409,True,4,Departamento,10,Ineficiente,Sur
318,False,8,Departamento,6,Moderado,Norte
433,True,12,Departamento,8,Ineficiente,Centro
630,False,14,Casa,9,Moderado,Norte
742,True,24,Casa,3,Ineficiente,Centro
484,True,7,Departamento,12,Ineficiente,Sur
446,False,12,Casa,2,Eficiente,Centro
501,True,13,Departamento,8,Ineficiente,Norte
254,False,5,Departamento,7,Moderado,Centro
324,False,5,Departamento,7,Moderado,Sur
459,True,12,Casa,3,Moderado,Centro
470,False,12,Casa,4,Moderado,Centro
453,False,14,Departamento,5,Eficiente,Norte
463,True,13,Departamento,4,Moderado,Sur
749,False,23,Casa,3,Moderado,Sur
334,True,7,Departamento,4,Ineficiente,Centro
358,True,4,Departamento,7,Ineficiente,Norte
788,True,22,Casa,10,Ineficiente,Norte
713,False,23,Casa,5,Moderado,Norte
704,True,20,Casa,7,Moderado,Centro
674,True,19,Casa,2,Ineficiente,Sur
675,True,17,Casa,7,Ineficiente,Centro
499,True,14,Departamento,4,Ineficiente,Sur
469,False,9,Casa,10,Moderado,Centro
455,False,10,Casa,5,Moderado,Centro
597,True,16,Casa,8,Ineficiente,Centro
692,True,18,Casa,5,Ineficiente,Norte
490,True,13,Departamento,12,Ineficiente,Centro
650,True,17,Casa,7,Ineficiente,Centro
742,True,21,Casa,8,Ineficiente,Norte
300,True,6,Departamento,3,Ineficiente,Centro
705,True,17,Casa,11,Ineficiente,Centro
680,True,16,Casa,7,Moderado,Sur
539,True,12,Casa,9,Ineficiente,Centro
591,False,15,Casa,7,Eficiente,Sur
586,True,18,Casa,3,Moderado,Centro
356,False,8,Casa,5,Moderado,Centro
603,True,17,Casa,2,Ineficiente,Centro
393,True,5,Departamento,8,Ineficiente,Sur
576,True,14,Casa,9,Ineficiente,Centro
746,False,21,Casa,11,Moderado,Centro
190,False,4,Departamento,3,Eficiente,Centro
770,False,24,Casa,11,Ineficiente,Centro
263,False,4,Departamento,6,Moderado,Norte
792,True,23,Casa,12,Ineficiente,Norte
429,False,12,Departamento,9,Ineficiente,Norte
698,False,17,Casa,12,Ineficiente,Sur
726,False,22,Casa,9,Moderado,Centro
532,False,14,Casa,6,Moderado,Centro
427,False,12,Departamento,9,Moderado,Centro
620,True,19,Casa,7,Ineficiente,Centro
645,False,19,Casa,6,Moderado,Centro
803,False,23,Casa,12,Ineficiente,Norte
397,False,10,Departamento,5,Moderado,Sur
585,True,10,Casa,6,Ineficiente,Sur
530,True,13,Departamento,5,Ineficiente,Sur
468,False,12,Casa,2,Eficiente,Centro
565,False,18,Casa,4,Moderado,Centro
502,False,10,Casa,9,Moderado,Norte
585,True,10,Casa,8,Ineficiente,Norte
517,False,12,Casa,8,Moderado,Norte
761,True,18,Casa,12,Ineficiente,Centro
292,False,8,Departamento,4,Moderado,Centro
698,True,20,Casa,10,Ineficiente,Centro
563,False,15,Casa,7,Moderado,Norte
627,True,17,Casa,9,Ineficiente,Centro
518,True,9,Casa,9,Ineficiente,Centro
490,True,11,Casa,4,Ineficiente,Centro
472,True,11,Casa,5,Moderado,Centro
563,False,16,Casa,7,Moderado,Centro
251,False,5,Departamento,3,Eficiente,Sur
330,False,4,Departamento,12,Ineficiente,Centro
537,True,11,Casa,8,Ineficiente,Centro
514,False,16,Casa,3,Moderado,Centro
418,True,9,Departamento,12,Ineficiente,Centro
612,False,16,Casa,6,Moderado,Sur
483,False,13,Casa,5,Moderado,Centro
750,True,21,Casa,10,Ineficiente,Centro
407,True,9,Departamento,3,Ineficiente,Sur
332,True,4,Departamento,8,Ineficiente,Centro
499,False,12,Casa,8,Moderado,Centro
672,True,21,Casa,8,Ineficiente,Centro
662,False,23,Casa,2,Moderado,Centro
445,True,12,Departamento,9,Ineficiente,Centro
496,False,16,Casa,3,Moderado,Centro
726,False,22,Casa,6,Moderado,Sur
314,True,7,Departamento,3,Moderado,Centro
636,False,21,Casa,6,Moderado,Centro
254,False,4,Departamento,8,Moderado,Centro
730,False,22,Casa,7,Moderado,Sur
682,True,15,Casa,6,Moderado,Sur
466,True,9,Casa,5,Ineficiente,Centro
318,True,5,Departamento,9,Ineficiente,Centro
427,True,9,Departamento,12,Ineficiente,Centro
390,True,8,Departamento,9,Ineficiente,Centro
530,True,12,Casa,2,Moderado,Norte
460,False,12,Departamento,11,Ineficiente,Centro
536,True,14,Casa,3,Moderado,Centro
538,False,14,Casa,4,Moderado,Sur
248,True,5,Departamento,2,Moderado,Centro
818,False,22,Casa,12,Ineficiente,Sur
597,False,21,Casa,4,Moderado,Centro
653,True,16,Casa,11,Ineficiente,Centro
700,False,21,Casa,9,Moderado,Centro
582,True,12,Casa,5,Ineficiente,Norte
615,False,18,Casa,8,Moderado,Centro
640,True,15,Casa,8,Ineficiente,Norte
345,True,5,Departamento,12,Ineficiente,Centro
338,True,6,Departamento,6,Ineficiente,Centro
517,True,12,Casa,2,Moderado,Centro
873,True,24,Casa,11,Ineficiente,Centro
552,True,11,Casa,5,Ineficiente,Norte
735,True,22,Casa,8,Ineficiente,Centro
471,False,9,Casa,6,Moderado,Sur
350,True,12,Departamento,3,Moderado,Centro
699,True,19,Casa,9,Ineficiente,Centro
771,True,24,Casa,3,Ineficiente,Centro
721,False,17,Casa,12,Ineficiente,Norte
800,True,20,Casa,9,Ineficiente,Sur
367,True,4,Departamento,12,Ineficiente,Centro
441,True,14,Departamento,3,Ineficiente,Centro
742,True,23,Casa,12,Ineficiente,Centro
474,True,11,Departamento,6,Ineficiente,Norte
602,True,14,Casa,5,Ineficiente,Sur
335,True,8,Departamento,2,Moderado,Norte
316,True,4,Departamento,9,Ineficiente,Centro
674,True,17,Casa,11,Ineficiente,Centro
491,True,12,Casa,4,Ineficiente,Centro
485,True,10,Casa,5,Moderado,Centro
606,False,20,Casa,5,Moderado,Centro
453,True,13,Departamento,6,Ineficiente,Centro
450,False,10,Casa,4,Moderado,Sur
633,True,13,Casa,10,Ineficiente,Norte
429,True,14,Departamento,5,Moderado,Centro
449,False,13,Departamento,11,Ineficiente,Centro
812,True,20,Casa,12,Ineficiente,Sur
528,True,10,Casa,12,Ineficiente,Centro
518,True,13,Casa,5,Ineficiente,Centro
757,True,23,Casa,7,Ineficiente,Centro
352,False,10,Departamento,9,Moderado,Centro
727,True,19,Casa,8,Ineficiente,Centro
533,True,11,Casa,5,Ineficiente,Centro
391,False,8,Casa,5,Moderado,Centro
414,False,9,Casa,6,Moderado,Centro
511,False,13,Departamento,11,Moderado,Norte
420,True,10,Departamento,6,Ineficiente,Sur
395,False,9,Casa,2,Eficiente,Sur
710,False,23,Casa,9,Moderado,Centro
670,False,19,Casa,11,Ineficiente,Centro
394,False,10,Departamento,6,Moderado,Norte
366,False,13,Departamento,4,Moderado,Centro
816,True,24,Casa,4,Moderado,Sur
369,True,9,Departamento,5,Ineficiente,Norte
459,False,14,Departamento,8,Moderado,Norte
725,True,22,Casa,6,Ineficiente,Centro
319,True,10,Departamento,2,Moderado,Centro
632,True,17,Casa,6,Moderado,Norte
473,False,11,Casa,6,Moderado,Centro
536,True,13,Casa,7,Ineficiente,Centro
490,False,11,Casa,8,Ineficiente,Centro
515,True,12,Casa,6,Ineficiente,Centro
525,True,11,Departamento,12,Ineficiente,Sur
570,True,19,Casa,3,Moderado,Centro
352,True,6,Departamento,3,Moderado,Sur
444,False,12,Casa,5,Eficiente,Centro
543,False,18,Casa,2,Moderado,Centro
607,False,18,Casa,8,Moderado,Centro
683,True,20,Casa,2,Ineficiente,Sur
483,True,13,Departamento,4,Moderado,Sur
691,True,15,Casa,11,Ineficiente,Norte
724,True,19,Casa,8,Ineficiente,Sur
822,True,19,Casa,12,Ineficiente,Sur
245,False,6,Departamento,7,Moderado,Centro
307,True,4,Departamento,8,Ineficiente,Centro
387,True,5,Departamento,6,Ineficiente,Sur
757,False,21,Casa,9,Moderado,Sur
700,True,22,Casa,7,Ineficiente,Centro
713,False,23,Casa,5,Eficiente,Sur
520,False,9,Casa,12,Ineficiente,Norte
665,True,19,Casa,2,Moderado,Norte
676,True,23,Casa,3,Ineficiente,Centro
650,False,20,Casa,7,Moderado,Centro
743,True,24,Casa,5,Moderado,Centro
364,True,4,Departamento,4,Ineficiente,Norte
669,False,17,Casa,8,Moderado,Sur
504,True,8,Casa,8,Ineficiente,Norte
346,True,9,Departamento,3,Ineficiente,Norte
521,False,10,Casa,9,Ineficiente,Norte
457,False,12,Departamento,12,Ineficiente,Centro
453,True,10,Casa,2,Moderado,Sur
641,True,15,Casa,12,Ineficiente,Centro
542,True,11,Departamento,11,Ineficiente,Sur
339,True,4,Departamento,8,Ineficiente,Norte
508,False,14,Departamento,11,Ineficiente,Centro
419,False,13,Casa,2,Eficiente,Centro
678,False,23,Casa,4,Moderado,Centro
661,True,17,Casa,4,Ineficiente,Norte
598,True,11,Casa,11,Ineficiente,Centro
303,True,9,Departamento,3,Moderado,Centro
690,True,17,Casa,11,Ineficiente,Centro
416,True,12,Departamento,6,Ineficiente,Centro
597,True,16,Casa,5,Moderado,Norte
642,True,18,Casa,7,Ineficiente,Centro
577,False,18,Casa,3,Moderado,Norte
351,False,6,Departamento,5,Moderado,Sur
487,True,13,Departamento,8,Ineficiente,Centro
306,True,7,Departamento,2,Moderado,Norte
375,False,5,Departamento,12,Ineficiente,Sur
390,False,14,Departamento,4,Eficiente,Centro
405,True,11,Departamento,2,Moderado,Norte
585,False,18,Casa,3,Moderado,Centro
661,False,18,Casa,10,Moderado,Centro
762,True,18,Casa,11,Ineficiente,Sur
504,True,13,Departamento,6,Ineficiente,Sur
382,True,9,Departamento,5,Moderado,Sur
643,True,17,Casa,5,Ineficiente,Centro
403,True,9,Departamento,9,Ineficiente,Centro
366,False,10,Departamento,4,Moderado,Centro
466,False,9,Casa,5,Moderado,Norte
529,True,11,Casa,3,Moderado,Centro
442,True,11,Departamento,7,Ineficiente,Centro
684,False,20,Casa,10,Ineficiente,Norte
423,True,13,Departamento,5,Ineficiente,Centro
606,True,9,Casa,12,Ineficiente,Sur
348,False,7,Departamento,7,Moderado,Sur
433,True,11,Departamento,5,Ineficiente,Norte
258,True,4,Departamento,3,Moderado,Norte
761,True,24,Casa,7,Ineficiente,Centro
486,True,10,Departamento,8,Ineficiente,Sur
399,True,10,Departamento,5,Moderado,Norte
635,True,11,Casa,12,Ineficiente,Centro
516,True,13,Departamento,8,Ineficiente,Norte
566,True,11,Casa,12,Ineficiente,Centro
690,True,21,Casa,9,Ineficiente,Centro
588,True,11,Casa,12,Ineficiente,Centro
520,True,13,Casa,4,Ineficiente,Centro
543,False,16,Casa,3,Eficiente,Centro
357,True,8,Departamento,6,Ineficiente,Centro
476,False,15,Casa,3,Eficiente,Centro
522,True,8,Departamento,11,Ineficiente,Sur
583,True,12,Casa,6,Ineficiente,Norte
619,False,13,Casa,11,Ineficiente,Sur
549,True,12,Casa,7,Moderado,Centro
493,False,13,Departamento,9,Moderado,Norte
581,True,16,Casa,7,Ineficiente,Centro
320,True,4,Departamento,5,Moderado,Norte
226,False,5,Departamento,4,Moderado,Centro
301,True,6,Departamento,3,Ineficiente,Centro
542,True,14,Casa,2,Moderado,Norte
490,False,15,Casa,3,Eficiente,Centro
489,False,14,Departamento,3,Moderado,Sur
803,True,22,Casa,6,Moderado,Sur
272,True,5,Departamento,10,Ineficiente,Centro
609,True,14,Casa,2,Moderado,Sur
419,True,12,Departamento,5,Ineficiente,Centro
349,True,5,Departamento,11,Ineficiente,Centro
446,False,12,Departamento,8,Moderado,Sur
689,True,18,Casa,12,Ineficiente,Centro
431,False,12,Departamento,11,Ineficiente,Centro
570,True,17,Casa,4,Moderado,Centro
703,True,18,Casa,9,Ineficiente,Sur
379,False,11,Departamento,4,Eficiente,Sur
495,True,13,Departamento,9,Ineficiente,Centro
398,True,12,Departamento,3,Ineficiente,Centro
428,True,11,Departamento,6,Ineficiente,Centro
510,False,14,Casa,5,Moderado,Centro
662,True,17,Casa,12,Ineficiente,Centro
385,True,6,Departamento,10,Ineficiente,Centro
582,False,20,Casa,4,Moderado,Centro
801,True,22,Casa,12,Ineficiente,Centro
480,False,11,Casa,6,Moderado,Norte
791,True,24,Casa,11,Ineficiente,Centro
595,True,10,Casa,10,Ineficiente,Sur
462,False,9,Casa,7,Moderado,Centro
478,False,11,Casa,3,Moderado,Norte
368,False,8,Casa,2,Moderado,Centro
363,False,4,Departamento,12,Ineficiente,Centro
407,True,8,Casa,2,Moderado,Norte
549,True,13,Casa,8,Ineficiente,Centro
261,True,6,Departamento,3,Moderado,Centro
593,False,19,Casa,8,Moderado,Centro
340,False,13,Departamento,2,Eficiente,Centro
249,False,4,Departamento,5,Moderado,Centro
782,True,20,Casa,11,Ineficiente,Sur
722,True,19,Casa,12,Ineficiente,Centro
233,True,4,Departamento,5,Ineficiente,Centro
332,False,10,Departamento,6,Moderado,Centro
743,True,21,Casa,11,Ineficiente,Centro
356,False,12,Departamento,2,Eficiente,Centro
641,True,19,Casa,8,Ineficiente,Centro
475,True,11,Departamento,12,Ineficiente,Centro
654,True,17,Casa,3,Moderado,Norte
493,True,12,Departamento,12,Ineficiente,Centro
416,True,10,Departamento,12,Ineficiente,Centro
428,True,12,Departamento,3,Ineficiente,Centro
659,True,16,Casa,9,Ineficiente,Centro
728,True,19,Casa,10,Ineficiente,Centro
456,False,12,Casa,7,Moderado,Centro
565,False,8,Casa,12,Ineficiente,Norte
705,True,22,Casa,2,Moderado,Sur
430,True,13,Departamento,2,Moderado,Norte
575,True,8,Casa,12,Ineficiente,Sur
679,False,20,Casa,8,Ineficiente,Centro
338,True,5,Departamento,9,Ineficiente,Centro
457,True,14,Departamento,4,Ineficiente,Centro
497,False,12,Departamento,10,Ineficiente,Sur
458,True,12,Departamento,5,Ineficiente,Norte
474,False,11,Casa,5,Eficiente,Norte
482,True,8,Casa,4,Ineficiente,Centro
400,True,8,Departamento,9,Ineficiente,Norte
405,True,5,Departamento,10,Ineficiente,Norte
455,False,9,Casa,2,Eficiente,Sur
296,False,4,Departamento,3,Moderado,Sur
555,True,14,Casa,2,Moderado,Centro
793,True,24,Casa,5,Moderado,Sur
624,True,13,Casa,11,Ineficiente,Centro
736,False,22,Casa,8,Ineficiente,Centro
555,True,12,Casa,8,Ineficiente,Centro
653,False,22,Casa,7,Moderado,Centro
519,True,10,Departamento,12,Ineficiente,Sur
446,True,9,Casa,6,Ineficiente,Centro
830,True,24,Casa,12,Ineficiente,Centro
370,False,8,Departamento,5,Moderado,Norte
496,False,14,Departamento,9,Moderado,Norte
330,True,5,Departamento,8,Ineficiente,Norte
536,True,9,Departamento,12,Ineficiente,Sur
430,True,7,Departamento,12,Ineficiente,Sur
734,True,22,Casa,11,Ineficiente,Centro
381,False,9,Casa,2,Eficiente,Centro
533,True,11,Casa,7,Ineficiente,Centro
574,False,16,Casa,3,Moderado,Norte
510,False,14,Casa,5,Moderado,Centro
450,False,13,Departamento,6,Moderado,Centro
651,False,19,Casa,9,Moderado,Centro
534,True,10,Casa,7,Ineficiente,Centro
763,False,20,Casa,12,Ineficiente,Norte
296,True,6,Departamento,3,Moderado,Norte
730,True,21,Casa,6,Ineficiente,Norte
441,False,12,Departamento,6,Moderado,Centro
736,True,20,Casa,7,Ineficiente,Sur
405,False,11,Casa,2,Eficiente,Centro
642,False,15,Casa,9,Ineficiente,Sur
334,False,11,Departamento,4,Moderado,Centro
459,True,9,Casa,6,Ineficiente,Centro
385,False,9,Departamento,8,Moderado,Norte
820,True,24,Casa,4,Moderado,Sur
688,False,20,Casa,11,Ineficiente,Centro
343,True,6,Departamento,7,Ineficiente,Norte
251,True,4,Departamento,6,Moderado,Centro
530,True,13,Departamento,8,Ineficiente,Centro
343,True,4,Departamento,11,Ineficiente,Centro
611,True,14,Departamento,12,Ineficiente,Sur
245,True,4,Departamento,4,Ineficiente,Centro
315,True,7,Departamento,3,Ineficiente,Centro
416,False,10,Departamento,5,Ineficiente,Norte
396,True,10,Departamento,4,Ineficiente,Norte
400,True,8,Departamento,5,Ineficiente,Norte
407,True,9,Departamento,8,Ineficiente,Norte
520,False,11,Casa,6,Ineficiente,Centro
355,True,8,Departamento,5,Ineficiente,Centro
438,True,10,Departamento,7,Ineficiente,Norte
627,True,13,Casa,8,Ineficiente,Sur
478,True,9,Departamento,12,Ineficiente,Norte
485,True,10,Casa,6,Ineficiente,Centro
675,True,22,Casa,8,Ineficiente,Centro
253,False,6,Departamento,4,Moderado,Centro
661,True,18,Casa,8,Ineficiente,Centro
385,True,10,Departamento,4,Ineficiente,Centro
467,True,14,Departamento,7,Ineficiente,Centro
537,True,8,Casa,9,Ineficiente,Sur
737,False,23,Casa,7,Moderado,Norte
790,True,23,Casa,11,Ineficiente,Norte
431,False,8,Departamento,12,Ineficiente,Norte
209,False,6,Departamento,4,Eficiente,Centro
393,True,6,Departamento,6,Ineficiente,Norte
577,False,10,Casa,10,Moderado,Sur
427,True,11,Departamento,9,Ineficiente,Centro
642,False,19,Casa,7,Ineficiente,Centro
465,True,11,Departamento,10,Ineficiente,Centro
655,True,20,Casa,3,Moderado,Norte
494,True,12,Departamento,12,Ineficiente,Norte
786,True,23,Casa,10,Ineficiente,Centro
347,True,5,Departamento,11,Ineficiente,Centro
620,True,12,Casa,11,Ineficiente,Centro
485,True,12,Departamento,7,Ineficiente,Norte
469,True,9,Departamento,10,Ineficiente,Sur
731,True,19,Casa,5,Ineficiente,Norte
435,True,8,Departamento,6,Ineficiente,Sur
323,True,13,Departamento,3,Moderado,Centro
568,True,16,Casa,4,Moderado,Centro
418,True,8,Casa,2,Moderado,Norte
405,True,10,Departamento,5,Moderado,Norte
655,True,21,Casa,3,Moderado,Centro
478,False,13,Casa,3,Eficiente,Centro
419,True,8,Casa,2,Moderado,Centro
453,True,5,Departamento,11,Ineficiente,Sur
620,True,18,Casa,3,Moderado,Centro
385,True,7,Departamento,5,Ineficiente,Norte
306,True,4,Departamento,7,Ineficiente,Centro
567,True,13,Departamento,8,Ineficiente,Sur
413,True,10,Departamento,8,Ineficiente,Centro
535,True,9,Casa,8,Ineficiente,Norte
202,False,5,Departamento,5,Eficiente,Centro
577,True,13,Casa,6,Ineficiente,Centro
879,True,24,Casa,12,Ineficiente,Sur
699,False,21,Casa,4,Moderado,Centro
514,True,12,Casa,2,Moderado,Norte
378,False,6,Departamento,9,Ineficiente,Sur
497,False,14,Departamento,11,Ineficiente,Centro
649,True,16,Casa,12,Ineficiente,Centro
691,True,19,Casa,8,Ineficiente,Centro
350,False,5,Departamento,10,Ineficiente,Norte
612,False,16,Casa,11,Ineficiente,Centro
743,False,23,Casa,5,Moderado,Norte
618,True,18,Casa,6,Ineficiente,Centro
331,True,6,Departamento,6,Ineficiente,Centro
466,False,13,Departamento,8,Ineficiente,Centro
821,True,23,Casa,10,Ineficiente,Sur
736,False,22,Casa,9,Moderado,Norte
389,True,5,Departamento,8,Ineficiente,Centro
333,False,11,Departamento,2,Moderado,Centro
800,True,22,Casa,11,Ineficiente,Norte
447,True,11,Departamento,7,Ineficiente,Centro
515,False,11,Casa,11,Ineficiente,Centro
797,True,24,Casa,10,Ineficiente,Norte
527,True,14,Departamento,8,Ineficiente,Centro
695,True,23,Casa,2,Moderado,Norte
425,False,8,Departamento,10,Ineficiente,Centro
653,False,21,Casa,4,Moderado,Norte
820,True,19,Casa,10,Ineficiente,Sur
386,True,12,Departamento,5,Ineficiente,Centro
696,True,17,Casa,10,Ineficiente,Centro
382,False,9,Departamento,9,Ineficiente,Centro
655,True,13,Casa,8,Ineficiente,Sur
707,True,21,Casa,5,Ineficiente,Centro
824,True,24,Casa,10,Ineficiente,Norte
244,True,4,Departamento,5,Moderado,Centro
678,False,22,Casa,2,Eficiente,Sur
486,True,14,Departamento,7,Ineficiente,Centro
437,True,8,Casa,5,Ineficiente,Centro
523,True,10,Departamento,11,Ineficiente,Sur
622,False,17,Casa,4,Eficiente,Sur
488,True,13,Departamento,6,Ineficiente,Sur
350,True,6,Departamento,4,Moderado,Norte
498,True,12,Departamento,12,Ineficiente,Centro
436,False,13,Departamento,10,Ineficiente,Centro
374,True,7,Departamento,7,Ineficiente,Centro
407,True,13,Departamento,4,Ineficiente,Centro
741,True,22,Casa,6,Ineficiente,Norte
732,True,21,Casa,9,Ineficiente,Centro
386,False,8,Departamento,9,Ineficiente,Centro
381,True,6,Departamento,7,Ineficiente,Norte
329,False,8,Departamento,6,Ineficiente,Centro
619,True,15,Casa,6,Ineficiente,Norte
537,True,15,Casa,2,Moderado,Centro
715,True,22,Casa,3,Ineficiente,Norte
359,False,6,Departamento,12,Ineficiente,Centro
585,True,16,Casa,5,Ineficiente,Centro
659,False,19,Casa,7,Moderado,Centro
793,True,23,Casa,12,Ineficiente,Centro
556,True,11,Casa,8,Ineficiente,Sur
508,False,12,Casa,2,Moderado,Centro
609,False,15,Casa,9,Moderado,Norte
369,True,6,Departamento,2,Moderado,Sur
674,True,13,Casa,10,Ineficiente,Norte
784,True,22,Casa,5,Ineficiente,Sur
594,True,11,Casa,8,Ineficiente,Sur
720,True,18,Casa,12,Ineficiente,Centro
573,True,12,Casa,7,Ineficiente,Sur
850,True,22,Casa,10,Ineficiente,Norte
231,True,4,Departamento,3,Moderado,Centro
553,False,12,Casa,12,Ineficiente,Centro
378,False,10,Departamento,8,Moderado,Centro
472,True,7,Departamento,12,Ineficiente,Sur
411,False,12,Departamento,6,Moderado,Norte
609,True,13,Casa,8,Ineficiente,Centro
706,True,23,Casa,2,Moderado,Centro
739,True,19,Casa,12,Ineficiente,Centro
541,True,9,Casa,12,Ineficiente,Centro
474,False,12,Departamento,11,Ineficiente,Centro
845,True,24,Casa,10,Ineficiente,Sur
780,True,24,Casa,2,Moderado,Norte
387,True,6,Departamento,6,Ineficiente,Sur
382,False,8,Departamento,9,Moderado,Centro
401,False,10,Casa,2,Eficiente,Centro
729,False,24,Casa,8,Moderado,Centro
545,True,13,Casa,3,Ineficiente,Centro
665,True,15,Casa,8,Ineficiente,Centro
800,True,20,Casa,8,Ineficiente,Sur
656,True,15,Casa,10,Ineficiente,Centro
637,True,13,Casa,7,Ineficiente,Sur
643,False,22,Casa,5,Moderado,Centro
694,True,17,Casa,8,Ineficiente,Norte
750,True,24,Casa,8,Ineficiente,Centro
473,False,8,Casa,5,Moderado,Sur
291,False,8,Departamento,3,Moderado,Centro
479,True,10,Departamento,12,Ineficiente,Sur
605,True,10,Casa,10,Ineficiente,Sur
759,True,22,Casa,9,Ineficiente,Centro
525,False,12,Casa,6,Moderado,Norte
252,False,4,Departamento,6,Moderado,Centro
243,True,6,Departamento,2,Ineficiente,Centro
558,False,13,Casa,12,Ineficiente,Centro
443,False,11,Departamento,10,Ineficiente,Centro
605,True,12,Casa,12,Ineficiente,Centro
628,False,16,Casa,11,Ineficiente,Centro
491,True,12,Departamento,12,Ineficiente,Centro
379,True,7,Departamento,9,Ineficiente,Centro
285,True,7,Departamento,6,Ineficiente,Centro
388,True,5,Departamento,11,Ineficiente,Centro
563,False,13,Casa,7,Moderado,Centro
499,False,13,Departamento,11,Ineficiente,Sur
752,False,24,Casa,12,Ineficiente,Centro
540,True,14,Departamento,11,Ineficiente,Centro
785,True,22,Casa,9,Ineficiente,Centro
336,True,6,Departamento,7,Ineficiente,Centro
778,True,24,Casa,11,Ineficiente,Centro
511,True,14,Departamento,5,Ineficiente,Sur
519,True,14,Casa,4,Ineficiente,Centro
386,True,9,Departamento,8,Ineficiente,Centro
543,True,15,Casa,3,Moderado,Centro
573,True,12,Casa,8,Ineficiente,Norte
519,True,15,Casa,2,Moderado,Centro
765,False,24,Casa,11,Ineficiente,Centro
420,True,11,Departamento,6,Ineficiente,Centro
725,True,22,Casa,10,Ineficiente,Centro
425,False,14,Departamento,2,Moderado,Norte
680,False,19,Casa,9,Moderado,Norte
758,False,20,Casa,10,Moderado,Sur
374,True,5,Departamento,10,Ineficiente,Centro
473,True,13,Departamento,9,Ineficiente,Centro
729,False,23,Casa,5,Eficiente,Norte
567,False,14,Casa,8,Moderado,Norte
310,True,6,Departamento,2,Ineficiente,Centro
681,True,20,Casa,8,Ineficiente,Centro
489,True,14,Departamento,7,Ineficiente,Centro
374,True,9,Departamento,6,Ineficiente,Centro
305,True,9,Departamento,2,Moderado,Centro
829,True,23,Casa,9,Ineficiente,Norte
508,False,14,Departamento,11,Ineficiente,Norte
406,True,10,Casa,2,Moderado,Centro
547,False,22,Casa,2,Eficiente,Centro
451,True,10,Casa,4,Moderado,Centro
639,True,14,Casa,9,Ineficiente,Centro
482,True,11,Departamento,9,Ineficiente,Centro
346,False,6,Departamento,8,Moderado,Sur
369,True,9,Departamento,6,Ineficiente,Centro
651,True,15,Casa,9,Ineficiente,Norte
454,False,14,Casa,3,Eficiente,Centro
785,True,22,Casa,9,Ineficiente,Sur
358,False,5,Departamento,12,Ineficiente,Centro
518,False,15,Casa,3,Eficiente,Centro
440,False,9,Departamento,11,Ineficiente,Norte
643,True,20,Casa,6,Moderado,Centro
719,True,16,Casa,12,Ineficiente,Norte
354,False,14,Departamento,5,Moderado,Centro
782,True,24,Casa,2,Moderado,Sur
373,True,5,Departamento,6,Ineficiente,Sur
414,False,14,Departamento,8,Moderado,Centro
453,True,8,Casa,2,Ineficiente,Centro
413,False,9,Casa,3,Eficiente,Sur
531,False,11,Casa,10,Moderado,Centro
441,False,12,Departamento,6,Moderado,Norte
508,True,11,Casa,8,Ineficiente,Centro
432,True,14,Departamento,3,Ineficiente,Centro
308,True,6,Departamento,8,Ineficiente,Centro
259,True,5,Departamento,8,Ineficiente,Centro
620,True,17,Casa,8,Ineficiente,Centro
273,True,4,Departamento,6,Ineficiente,Centro
555,True,13,Departamento,10,Ineficiente,Norte
660,True,21,Casa,3,Ineficiente,Centro
592,False,15,Casa,5,Moderado,Sur
263,True,6,Departamento,3,Ineficiente,Centro
753,True,23,Casa,9,Ineficiente,Centro
352,False,4,Departamento,12,Ineficiente,Sur
559,False,17,Casa,2,Eficiente,Sur
620,True,15,Casa,10,Ineficiente,Centro
420,True,9,Departamento,6,Ineficiente,Norte
554,True,10,Casa,12,Ineficiente,Centro
776,True,24,Casa,4,Moderado,Sur
817,False,22,Casa,12,Moderado,Sur
739,False,24,Casa,5,Moderado,Sur
505,True,15,Casa,2,Moderado,Centro
424,False,9,Casa,4,Eficiente,Centro
506,False,12,Departamento,12,Ineficiente,Norte
532,False,12,Casa,9,Moderado,Centro
322,True,7,Departamento,3,Ineficiente,Centro
580,True,16,Casa,3,Ineficiente,Centro
463,True,11,Departamento,10,Ineficiente,Centro
538,True,9,Casa,6,Ineficiente,Centro
310,True,7,Departamento,6,Ineficiente,Centro
641,False,24,Casa,2,Eficiente,Centro
726,False,21,Casa,7,Moderado,Norte
689,False,21,Casa,9,Moderado,Centro
725,True,21,Casa,7,Ineficiente,Centro
579,True,13,Casa,8,Ineficiente,Centro
579,True,10,Casa,5,Moderado,Sur
389,True,13,Departamento,3,Moderado,Centro
671,False,23,Casa,2,Moderado,Centro
556,True,11,Casa,7,Ineficiente,Centro
405,False,12,Departamento,10,Ineficiente,Centro
604,True,14,Departamento,11,Ineficiente,Sur
585,True,15,Casa,6,Ineficiente,Centro
442,False,9,Casa,3,Eficiente,Sur
635,True,23,Casa,2,Moderado,Centro
299,True,4,Departamento,4,Ineficiente,Sur
370,True,6,Departamento,5,Ineficiente,Norte
718,False,19,Casa,8,Moderado,Sur
340,False,7,Departamento,10,Moderado,Centro
462,False,13,Departamento,9,Ineficiente,Centro
667,False,18,Casa,10,Ineficiente,Centro
349,False,5,Departamento,8,Ineficiente,Sur
533,False,10,Casa,11,Ineficiente,Norte
706,True,19,Casa,9,Ineficiente,Centro
713,True,16,Casa,9,Ineficiente,Sur
501,True,12,Casa,2,Moderado,Centro
525,False,8,Casa,10,Moderado,Norte
236,True,5,Departamento,3,Moderado,Centro
808,True,24,Casa,12,Ineficiente,Centro
506,False,11,Casa,8,Moderado,Sur
791,True,22,Casa,11,Ineficiente,Centro
316,False,5,Departamento,11,Ineficiente,Centro
738,False,22,Casa,6,Moderado,Sur
520,True,14,Casa,5,Ineficiente,Centro
695,False,22,Casa,2,Moderado,Norte
464,False,15,Casa,2,Eficiente,Centro
356,True,8,Departamento,4,Ineficiente,Centro
382,False,12,Departamento,2,Moderado,Norte
759,False,22,Casa,9,Moderado,Sur
294,True,6,Departamento,4,Ineficiente,Centro
507,True,13,Departamento,12,Ineficiente,Centro
507,True,11,Departamento,11,Ineficiente,Centro
461,True,10,Casa,3,Ineficiente,Centro
753,True,22,Casa,7,Ineficiente,Sur
544,False,13,Casa,5,Eficiente,Sur
544,True,14,Departamento,12,Ineficiente,Centro
744,False,21,Casa,12,Ineficiente,Centro
703,True,23,Casa,5,Ineficiente,Centro
411,True,8,Casa,3,Moderado,Centro
329,True,6,Departamento,3,Moderado,Norte
675,False,15,Casa,12,Ineficiente,Norte
302,True,6,Departamento,7,Ineficiente,Centro
355,True,7,Departamento,6,Ineficiente,Centro
654,False,17,Casa,10,Moderado,Norte
322,True,7,Departamento,5,Ineficiente,Centro
623,True,12,Casa,6,Ineficiente,Norte
272,True,6,Departamento,2,Moderado,Centro
686,False,24,Casa,3,Moderado,Centro
432,True,9,Departamento,4,Moderado,Sur
259,True,4,Departamento,6,Ineficiente,Centro
444,True,13,Departamento,6,Ineficiente,Norte
378,False,11,Departamento,5,Moderado,Centro
751,True,19,Casa,11,Ineficiente,Sur
337,True,7,Departamento,4,Ineficiente,Sur
452,True,9,Departamento,10,Ineficiente,Centro
675,True,24,Casa,2,Moderado,Centro
630,False,17,Casa,7,Moderado,Sur
582,True,14,Departamento,8,Ineficiente,Norte
334,False,8,Departamento,11,Ineficiente,Centro
272,False,8,Departamento,5,Moderado,Centro
522,False,9,Casa,11,Moderado,Norte
348,True,9,Departamento,4,Ineficiente,Centro
591,False,17,Casa,9,Moderado,Centro
470,True,13,Departamento,10,Ineficiente,Centro
717,False,22,Casa,2,Moderado,Sur
367,True,4,Departamento,12,Ineficiente,Centro
522,False,12,Departamento,11,Ineficiente,Sur
671,True,15,Casa,10,Ineficiente,Norte
383,False,10,Departamento,8,Ineficiente,Centro
557,False,15,Casa,2,Eficiente,Norte
339,False,6,Departamento,8,Moderado,Sur
412,False,13,Departamento,6,Moderado,Centro
592,True,11,Casa,11,Ineficiente,Centro
519,True,10,Departamento,8,Ineficiente,Sur
430,False,9,Departamento,10,Ineficiente,Centro
585,False,12,Casa,9,Moderado,Sur
609,True,14,Casa,7,Ineficiente,Centro
408,True,13,Departamento,3,Moderado,Sur
471,True,10,Departamento,9,Ineficiente,Centro
442,True,12,Departamento,5,Ineficiente,Norte
498,True,14,Departamento,9,Ineficiente,Centro
590,True,11,Casa,8,Ineficiente,Norte
381,True,10,Departamento,5,Ineficiente,Centro
735,True,21,Casa,9,Ineficiente,Centro
716,True,16,Casa,12,Ineficiente,Centro
563,True,8,Casa,12,Ineficiente,Norte
833,True,24,Casa,12,Ineficiente,Norte
641,False,20,Casa,3,Moderado,Centro
690,True,14,Casa,10,Ineficiente,Sur
430,False,11,Departamento,7,Ineficiente,Centro
641,False,18,Casa,8,Ineficiente,Centro
523,True,10,Casa,11,Ineficiente,Centro
627,True,19,Casa,2,Moderado,Centro
448,True,10,Casa,4,Moderado,Centro
773,True,22,Casa,11,Ineficiente,Centro
621,True,17,Casa,6,Ineficiente,Centro
368,True,6,Departamento,8,Ineficiente,Sur
386,True,11,Departamento,2,Moderado,Norte
572,True,14,Departamento,10,Ineficiente,Centro
479,False,9,Casa,6,Eficiente,Norte
558,True,15,Casa,4,Ineficiente,Centro
313,False,4,Departamento,8,Ineficiente,Centro
565,True,11,Casa,11,Ineficiente,Centro
588,True,11,Casa,9,Ineficiente,Norte
617,True,12,Casa,11,Ineficiente,Centro
649,False,16,Casa,11,Ineficiente,Norte
674,True,20,Casa,4,Ineficiente,Norte
776,True,24,Casa,8,Ineficiente,Sur
416,False,8,Casa,8,Moderado,Centro
692,False,22,Casa,5,Moderado,Sur
430,True,5,Departamento,11,Ineficiente,Sur
384,False,10,Departamento,10,Ineficiente,Centro
433,False,12,Departamento,2,Moderado,Norte
304,True,9,Departamento,2,Moderado,Centro
564,True,14,Departamento,6,Ineficiente,Sur
505,False,14,Casa,4,Moderado,Centro
532,False,10,Casa,11,Ineficiente,Centro
815,True,24,Casa,10,Ineficiente,Centro
302,False,7,Departamento,6,Eficiente,Sur
312,True,4,Departamento,8,Ineficiente,Centro
574,True,14,Casa,2,Ineficiente,Sur
354,True,9,Departamento,3,Ineficiente,Norte
796,True,22,Casa,12,Ineficiente,Centro
364,False,9,Departamento,5,Ineficiente,Centro
550,True,14,Casa,10,Ineficiente,Centro
631,True,16,Casa,6,Moderado,Norte
541,True,12,Casa,6,Ineficiente,Norte
696,True,15,Casa,10,Ineficiente,Sur
717,False,21,Casa,9,Moderado,Norte
478,False,11,Casa,3,Moderado,Sur
456,True,11,Departamento,8,Ineficiente,Centro
666,False,19,Casa,2,Eficiente,Sur
605,True,9,Casa,11,Ineficiente,Centro
465,False,10,Departamento,12,Ineficiente,Sur
402,False,8,Departamento,12,Ineficiente,Sur
670,True,14,Casa,10,Ineficiente,Norte
616,False,16,Casa,4,Eficiente,Norte
733,True,24,Casa,3,Moderado,Centro
705,True,20,Casa,5,Ineficiente,Centro
385,True,7,Departamento,5,Ineficiente,Sur
646,False,23,Casa,4,Moderado,Centro
517,True,13,Casa,3,Ineficiente,Centro
365,False,9,Departamento,6,Moderado,Norte
660,False,18,Casa,5,Moderado,Sur
581,True,10,Casa,6,Ineficiente,Sur
667,True,16,Casa,9,Ineficiente,Centro
427,True,7,Departamento,12,Ineficiente,Centro
687,True,20,Casa,3,Moderado,Norte
428,True,8,Departamento,10,Ineficiente,Centro
642,False,20,Casa,11,Ineficiente,Centro
701,False,24,Casa,2,Eficiente,Norte
398,True,8,Departamento,9,Ineficiente,Centro
330,True,6,Departamento,6,Ineficiente,Centro
430,True,14,Departamento,3,Ineficiente,Centro
335,True,4,Departamento,9,Ineficiente,Centro
377,False,10,Departamento,6,Moderado,Norte
558,False,11,Casa,11,Ineficiente,Centro
784,True,22,Casa,11,Ineficiente,Centro
322,True,7,Departamento,4,Ineficiente,Centro
642,False,18,Casa,8,Moderado,Norte
423,True,11,Departamento,5,Ineficiente,Centro
534,True,10,Departamento,12,Ineficiente,Sur
532,True,9,Casa,12,Ineficiente,Centro
681,True,17,Casa,11,Ineficiente,Centro
392,True,6,Departamento,7,Ineficiente,Norte
804,True,23,Casa,11,Ineficiente,Centro
539,True,13,Departamento,9,Ineficiente,Norte
577,True,17,Casa,2,Moderado,Centro
278,True,4,Departamento,3,Moderado,Centro
725,True,19,Casa,9,Ineficiente,Centro
331,True,4,Departamento,8,Ineficiente,Centro
695,False,21,Casa,11,Ineficiente,Centro
482,True,8,Casa,10,Ineficiente,Centro
739,True,24,Casa,3,Ineficiente,Norte
512,False,12,Departamento,9,Moderado,Norte
494,True,11,Departamento,7,Ineficiente,Sur
515,False,11,Casa,2,Moderado,Norte
697,True,22,Casa,5,Moderado,Centro
712,True,21,Casa,3,Ineficiente,Sur
473,True,13,Departamento,8,Ineficiente,Centro
406,True,8,Departamento,10,Ineficiente,Centro
561,True,14,Casa,7,Ineficiente,Centro
660,True,18,Casa,5,Ineficiente,Sur
506,False,9,Casa,6,Moderado,Sur
577,True,9,Casa,12,Ineficiente,Centro
604,True,13,Casa,2,Moderado,Norte
302,True,6,Departamento,5,Ineficiente,Centro
503,False,10,Casa,11,Ineficiente,Centro
326,False,11,Departamento,4,Moderado,Centro
640,False,14,Casa,10,Ineficiente,Norte
587,True,11,Casa,7,Ineficiente,Norte
309,True,7,Departamento,5,Ineficiente,Centro
332,True,9,Departamento,4,Ineficiente,Centro
273,False,5,Departamento,5,Moderado,Centro
677,False,20,Casa,9,Ineficiente,Centro
764,False,23,Casa,6,Moderado,Sur
500,True,13,Departamento,12,Ineficiente,Centro
384,True,9,Casa,2,Moderado,Centro
479,True,8,Casa,6,Ineficiente,Norte
640,True,15,Casa,9,Ineficiente,Centro
825,True,18,Casa,12,Ineficiente,Sur
356,True,9,Departamento,5,Ineficiente,Centro
706,False,23,Casa,3,Moderado,Centro
745,True,24,Casa,4,Ineficiente,Centro
741,False,24,Casa,12,Ineficiente,Centro
772,True,19,Casa,10,Ineficiente,Sur
668,True,17,Casa,8,Ineficiente,Centro
506,True,13,Casa,4,Moderado,Norte
643,True,15,Casa,6,Ineficiente,Norte
348,True,7,Departamento,4,Ineficiente,Centro
608,True,9,Casa,11,Ineficiente,Sur
609,True,17,Casa,5,Ineficiente,Centro
335,False,4,Departamento,9,Ineficiente,Sur
322,False,10,Departamento,4,Eficiente,Centro
470,False,14,Casa,4,Moderado,Centro
609,True,11,Casa,12,Ineficiente,Norte
670,True,14,Casa,12,Ineficiente,Norte
327,True,4,Departamento,9,Ineficiente,Centro
348,False,5,Departamento,11,Ineficiente,Norte
507,True,14,Departamento,11,Ineficiente,Centro
503,True,8,Casa,8,Ineficiente,Centro
394,True,8,Departamento,8,Ineficiente,Centro
619,True,12,Casa,11,Ineficiente,Norte
446,False,11,Casa,3,Moderado,Centro
563,True,13,Casa,8,Ineficiente,Centro
422,True,8,Departamento,11,Ineficiente,Centro
680,False,14,Casa,12,Ineficiente,Sur
445,True,8,Departamento,11,Ineficiente,Norte
611,True,16,Casa,4,Moderado,Sur
697,True,20,Casa,8,Ineficiente,Centro
603,False,21,Casa,5,Moderado,Centro
715,False,23,Casa,9,Moderado,Centro
461,True,12,Departamento,9,Ineficiente,Centro
658,False,22,Casa,7,Moderado,Norte
440,True,13,Departamento,4,Ineficiente,Centro
458,True,13,Departamento,7,Ineficiente,Centro
348,True,5,Departamento,7,Ineficiente,Centro
541,False,16,Casa,4,Moderado,Centro
701,True,13,Casa,12,Ineficiente,Sur
487,False,11,Casa,5,Moderado,Centro
298,False,7,Departamento,3,Eficiente,Norte
357,False,13,Departamento,2,Moderado,Centro
421,True,10,Casa,3,Eficiente,Centro
361,True,5,Departamento,8,Ineficiente,Centro
715,True,19,Casa,11,Ineficiente,Centro
323,True,4,Departamento,6,Ineficiente,Sur
734,False,22,Casa,10,Ineficiente,Centro
228,True,5,Departamento,4,Moderado,Centro
537,False,14,Casa,3,Eficiente,Sur
422,False,10,Departamento,5,Moderado,Sur
296,True,7,Departamento,3,Ineficiente,Centro
475,True,8,Departamento,12,Ineficiente,Sur
550,True,10,Casa,8,Ineficiente,Norte
764,True,21,Casa,11,Ineficiente,Sur
526,True,10,Casa,7,Ineficiente,Centro
641,True,14,Casa,9,Ineficiente,Norte
562,True,14,Casa,6,Ineficiente,Centro
291,False,9,Departamento,3,Moderado,Centro
485,True,10,Casa,5,Ineficiente,Centro
681,True,22,Casa,2,Moderado,Centro
697,True,21,Casa,3,Moderado,Norte
423,False,11,Casa,5,Eficiente,Centro
270,False,4,Departamento,7,Ineficiente,Centro
677,True,20,Casa,5,Ineficiente,Centro
363,False,11,Departamento,5,Moderado,Centro
766,False,22,Casa,12,Ineficiente,Centro
400,False,6,Departamento,11,Ineficiente,Sur
430,True,7,Departamento,11,Ineficiente,Centro
469,False,11,Casa,3,Moderado,Centro
441,True,9,Departamento,10,Ineficiente,Centro
659,False,17,Casa,11,Ineficiente,Norte
505,True,12,Departamento,9,Ineficiente,Norte
734,False,22,Casa,9,Ineficiente,Centro
302,False,6,Departamento,6,Eficiente,Sur
363,True,10,Departamento,4,Moderado,Centro
431,False,12,Departamento,7,Moderado,Norte
535,True,14,Departamento,10,Ineficiente,Norte
722,True,16,Casa,9,Ineficiente,Sur
674,True,18,Casa,8,Ineficiente,Centro
488,False,9,Casa,12,Ineficiente,Centro
728,True,20,Casa,9,Ineficiente,Centro
309,True,6,Departamento,5,Ineficiente,Centro
549,False,16,Casa,7,Moderado,Centro
370,False,12,Departamento,6,Moderado,Centro
278,False,4,Departamento,3,Moderado,Sur
366,True,5,Departamento,9,Ineficiente,Centro
514,True,13,Casa,4,Ineficiente,Centro
414,True,8,Departamento,6,Ineficiente,Norte
418,True,7,Departamento,9,Ineficiente,Centro
537,True,10,Casa,12,Ineficiente,Centro
489,True,12,Departamento,10,Ineficiente,Centro
370,False,5,Departamento,10,Ineficiente,Norte
458,True,8,Casa,6,Moderado,Centro
509,True,11,Casa,3,Ineficiente,Centro
647,True,14,Casa,8,Ineficiente,Centro
835,True,21,Casa,12,Ineficiente,Sur
743,True,20,Casa,12,Ineficiente,Centro
671,True,17,Casa,8,Ineficiente,Centro
473,False,8,Casa,9,Ineficiente,Centro
488,True,11,Casa,9,Ineficiente,Centro
438,True,9,Departamento,6,Ineficiente,Sur
628,False,23,Casa,2,Eficiente,Centro
415,False,9,Departamento,12,Ineficiente,Centro
561,False,17,Casa,5,Moderado,Centro
671,False,23,Casa,5,Moderado,Centro
646,False,18,Casa,12,Moderado,Centro
545,True,13,Casa,4,Ineficiente,Centro
553,False,8,Casa,9,Moderado,Sur
483,True,14,Departamento,4,Ineficiente,Sur
516,True,13,Casa,6,Ineficiente,Centro
397,True,12,Departamento,3,Moderado,Centro
396,True,6,Departamento,7,Ineficiente,Sur
542,True,8,Casa,7,Ineficiente,Norte
592,True,15,Casa,9,Ineficiente,Centro
401,True,9,Departamento,9,Ineficiente,Centro
554,False,18,Casa,2,Moderado,Sur
744,False,21,Casa,6,Moderado,Sur
313,True,7,Departamento,3,Ineficiente,Centro
756,False,22,Casa,11,Ineficiente,Norte
399,True,12,Departamento,6,Ineficiente,Centro
435,False,13,Departamento,11,Ineficiente,Centro
681,True,17,Casa,10,Ineficiente,Centro
475,True,11,Casa,5,Moderado,Centro
701,True,17,Casa,9,Ineficiente,Norte
758,True,21,Casa,2,Ineficiente,Sur
704,True,20,Casa,9,Ineficiente,Centro
384,True,10,Departamento,7,Ineficiente,Centro
816,True,23,Casa,9,Ineficiente,Norte
460,True,9,Casa,7,Ineficiente,Centro
623,True,14,Departamento,12,Ineficiente,Norte
495,False,14,Departamento,4,Moderado,Sur
506,True,9,Departamento,12,Ineficiente,Sur
618,True,16,Casa,9,Ineficiente,Centro
287,False,7,Departamento,6,Moderado,Centro
726,False,19,Casa,11,Ineficiente,Sur
614,True,16,Casa,6,Ineficiente,Centro
739,False,21,Casa,8,Moderado,Norte
437,True,13,Departamento,7,Ineficiente,Centro
684,True,13,Casa,10,Ineficiente,Sur
594,True,11,Casa,8,Ineficiente,Norte
712,True,24,Casa,4,Ineficiente,Centro
601,True,10,Casa,12,Ineficiente,Sur
412,False,7,Departamento,12,Ineficiente,Norte
392,True,9,Departamento,6,Ineficiente,Norte
407,False,9,Departamento,10,Ineficiente,Centro
708,True,16,Casa,12,Ineficiente,Sur
534,True,8,Casa,11,Ineficiente,Centro
770,True,24,Casa,3,Moderado,Sur
623,False,23,Casa,2,Moderado,Centro
588,True,9,Casa,12,Ineficiente,Norte
474,False,10,Departamento,9,Ineficiente,Sur
710,False,24,Casa,9,Moderado,Centro
450,True,10,Casa,3,Moderado,Centro
451,False,9,Casa,9,Moderado,Centro
541,False,15,Casa,6,Moderado,Centro
465,True,9,Casa,3,Moderado,Norte
380,True,8,Departamento,8,Ineficiente,Norte
376,True,9,Departamento,8,Ineficiente,Centro
401,True,6,Departamento,4,Moderado,Sur
617,True,19,Casa,2,Moderado,Centro
742,True,16,Casa,12,Ineficiente,Sur
504,False,14,Casa,5,Moderado,Centro
621,True,19,Casa,3,Moderado,Centro
423,False,13,Departamento,5,Moderado,Norte
820,True,23,Casa,9,Ineficiente,Norte
499,True,12,Casa,3,Ineficiente,Centro
536,False,19,Casa,2,Eficiente,Centro
743,True,16,Casa,12,Ineficiente,Sur
407,True,12,Departamento,4,Moderado,Sur
711,True,18,Casa,11,Ineficiente,Centro
707,True,19,Casa,8,Moderado,Sur
506,True,10,Casa,7,Ineficiente,Centro
771,True,24,Casa,7,Ineficiente,Norte
328,False,4,Departamento,8,Moderado,Sur
375,True,6,Departamento,9,Ineficiente,Centro
450,True,10,Departamento,4,Ineficiente,Norte
280,True,7,Departamento,4,Moderado,Centro
761,True,20,Casa,11,Ineficiente,Centro
400,True,8,Departamento,9,Ineficiente,Centro
473,True,8,Casa,8,Ineficiente,Centro
617,True,9,Casa,11,Ineficiente,Sur
458,False,14,Departamento,6,Moderado,Norte
520,True,11,Casa,5,Ineficiente,Centro
393,False,13,Departamento,7,Moderado,Centro
781,True,24,Casa,10,Ineficiente,Centro
324,True,4,Departamento,7,Ineficiente,Centro
353,False,6,Departamento,9,Ineficiente,Centro
399,False,12,Departamento,2,Eficiente,Sur
453,True,13,Departamento,7,Ineficiente,Sur
371,False,10,Departamento,3,Moderado,Sur
452,False,8,Casa,4,Moderado,Sur
440,False,9,Casa,7,Moderado,Centro
511,True,9,Casa,3,Moderado,Sur
364,False,12,Departamento,5,Moderado,Centro
502,False,11,Casa,7,Moderado,Centro
304,False,9,Departamento,6,Moderado,Centro
494,False,10,Casa,7,Moderado,Centro
628,False,17,Casa,7,Moderado,Centro
524,True,13,Departamento,9,Ineficiente,Sur
486,True,8,Casa,10,Ineficiente,Centro
601,True,13,Casa,6,Ineficiente,Norte
623,True,18,Casa,7,Ineficiente,Centro
472,True,12,Departamento,7,Ineficiente,Norte
404,True,6,Departamento,7,Ineficiente,Norte
497,True,11,Casa,3,Moderado,Centro
669,False,20,Casa,5,Moderado,Centro
588,False,20,Casa,2,Eficiente,Centro
333,True,10,Departamento,2,Ineficiente,Centro
287,False,9,Departamento,2,Eficiente,Centro
571,True,13,Casa,8,Ineficiente,Centro
364,False,8,Casa,2,Eficiente,Centro
553,False,15,Casa,7,Moderado,Centro
355,True,11,Departamento,3,Ineficiente,Centro
438,True,9,Departamento,7,Ineficiente,Norte
585,True,14,Casa,7,Ineficiente,Norte
740,False,23,Casa,12,Ineficiente,Centro
497,False,14,Casa,4,Moderado,Centro
362,True,7,Departamento,9,Ineficiente,Norte
606,True,11,Casa,12,Ineficiente,Centro
303,True,5,Departamento,5,Moderado,Sur
443,True,7,Departamento,8,Ineficiente,Sur
425,False,11,Casa,5,Moderado,Centro
402,True,8,Casa,2,Moderado,Centro
440,False,8,Casa,7,Moderado,Centro
376,False,5,Departamento,6,Moderado,Sur
462,False,10,Departamento,10,Moderado,Sur
305,True,5,Departamento,10,Ineficiente,Centro
886,True,23,Casa,12,Ineficiente,Sur
783,True,22,Casa,9,Ineficiente,Norte
323,False,7,Departamento,8,Moderado,Centro
338,True,8,Departamento,3,Ineficiente,Centro
585,True,16,Casa,9,Ineficiente,Centro
388,False,10,Departamento,4,Eficiente,Sur
456,True,11,Departamento,7,Ineficiente,Norte
731,True,18,Casa,11,Ineficiente,Centro
427,True,6,Departamento,8,Ineficiente,Sur
500,True,14,Departamento,7,Ineficiente,Sur
540,True,14,Departamento,6,Ineficiente,Norte
568,True,14,Casa,5,Ineficiente,Centro
611,False,23,Casa,3,Eficiente,Centro
387,False,7,Departamento,10,Ineficiente,Norte
858,True,24,Casa,8,Ineficiente,Sur
721,False,22,Casa,8,Moderado,Sur
811,True,24,Casa,5,Ineficiente,Norte
643,True,18,Casa,6,Moderado,Norte
294,False,5,Departamento,7,Moderado,Norte
352,False,4,Departamento,12,Ineficiente,Sur
751,True,22,Casa,3,Moderado,Norte
598,True,17,Casa,5,Ineficiente,Centro
608,False,21,Casa,5,Eficiente,Centro
324,True,6,Departamento,5,Ineficiente,Centro
396,False,8,Departamento,8,Ineficiente,Norte
627,True,15,Casa,8,Ineficiente,Centro
501,False,14,Departamento,8,Ineficiente,Sur
541,True,13,Departamento,8,Ineficiente,Sur
254,True,5,Departamento,3,Ineficiente,Centro
370,True,4,Departamento,6,Ineficiente,Norte
747,True,19,Casa,11,Ineficiente,Centro
361,False,11,Departamento,3,Moderado,Centro
624,True,16,Casa,6,Ineficiente,Centro
490,False,13,Departamento,7,Moderado,Sur
395,True,13,Departamento,4,Moderado,Centro
374,True,5,Departamento,7,Ineficiente,Norte
495,True,12,Departamento,6,Ineficiente,Sur
540,True,8,Casa,5,Ineficiente,Sur
806,False,23,Casa,11,Ineficiente,Norte
386,True,6,Departamento,10,Ineficiente,Centro
291,False,5,Departamento,12,Moderado,Centro
665,False,20,Casa,9,Moderado,Centro
754,False,24,Casa,8,Moderado,Norte
827,True,24,Casa,12,Ineficiente,Centro
326,True,6,Departamento,2,Moderado,Sur
366,True,6,Departamento,10,Ineficiente,Centro
668,True,14,Casa,10,Ineficiente,Norte
498,True,10,Casa,7,Ineficiente,Centro
496,True,14,Departamento,8,Ineficiente,Centro
359,True,8,Departamento,4,Ineficiente,Sur
647,False,22,Casa,6,Moderado,Centro
676,False,18,Casa,8,Ineficiente,Norte
539,False,17,Casa,2,Eficiente,Norte
462,True,9,Casa,2,Ineficiente,Centro
539,True,11,Casa,6,Ineficiente,Centro
510,True,14,Departamento,10,Ineficiente,Centro
459,True,8,Departamento,8,Ineficiente,Centro
434,True,13,Departamento,2,Moderado,Centro
319,True,7,Departamento,6,Ineficiente,Centro
629,True,11,Casa,9,Ineficiente,Sur
603,False,13,Casa,9,Ineficiente,Sur
414,False,11,Casa,3,Moderado,Centro
494,True,10,Casa,8,Ineficiente,Centro
413,True,4,Departamento,11,Ineficiente,Norte
301,False,8,Departamento,6,Moderado,Centro
740,True,21,Casa,10,Ineficiente,Centro
671,True,19,Casa,4,Moderado,Sur
300,True,5,Departamento,2,Moderado,Sur
571,True,15,Casa,5,Ineficiente,Centro
512,True,9,Casa,8,Ineficiente,Centro
209,False,5,Departamento,2,Eficiente,Sur
475,True,13,Departamento,3,Ineficiente,Sur
752,True,23,Casa,6,Ineficiente,Norte
598,True,11,Casa,10,Ineficiente,Centro
449,False,14,Departamento,2,Moderado,Centro
530,True,13,Casa,5,Ineficiente,Centro
487,True,11,Casa,4,Moderado,Norte
367,True,6,Departamento,6,Ineficiente,Norte
671,True,20,Casa,6,Ineficiente,Centro
578,True,14,Departamento,11,Ineficiente,Centro
758,True,22,Casa,3,Ineficiente,Norte
319,False,7,Departamento,6,Moderado,Centro
617,False,14,Casa,10,Moderado,Sur
771,True,21,Casa,6,Ineficiente,Sur
647,True,14,Casa,12,Ineficiente,Centro
635,True,14,Casa,11,Ineficiente,Centro
229,False,4,Departamento,3,Eficiente,Sur
339,True,4,Departamento,8,Ineficiente,Centro
592,False,17,Casa,7,Moderado,Centro
545,False,14,Casa,8,Moderado,Centro
466,False,13,Departamento,9,Ineficiente,Norte
464,False,14,Departamento,11,Ineficiente,Centro
555,False,12,Casa,6,Moderado,Sur
381,True,8,Casa,3,Moderado,Centro
738,True,21,Casa,8,Ineficiente,Centro
400,True,7,Departamento,8,Ineficiente,Sur
611,True,15,Casa,9,Ineficiente,Norte
466,True,10,Departamento,8,Ineficiente,Centro
661,True,17,Casa,11,Ineficiente,Centro
303,False,7,Departamento,8,Moderado,Centro
667,True,13,Casa,10,Ineficiente,Norte
795,True,22,Casa,9,Ineficiente,Centro
638,True,22,Casa,3,Moderado,Centro
283,True,7,Departamento,3,Ineficiente,Centro
588,True,15,Casa,8,Ineficiente,Centro
751,False,22,Casa,11,Ineficiente,Centro
649,True,10,Casa,12,Ineficiente,Norte
583,True,13,Casa,11,Ineficiente,Centro
484,True,12,Departamento,4,Ineficiente,Norte
382,False,12,Departamento,2,Moderado,Sur
345,True,4,Departamento,10,Ineficiente,Centro
576,False,20,Casa,4,Moderado,Centro
273,True,6,Departamento,2,Ineficiente,Centro
686,True,20,Casa,7,Ineficiente,Centro
522,False,15,Casa,5,Eficiente,Centro
716,True,21,Casa,2,Moderado,Sur
618,False,18,Casa,5,Eficiente,Sur
356,True,7,Departamento,9,Ineficiente,Centro
510,False,12,Departamento,12,Ineficiente,Norte
436,True,9,Departamento,8,Ineficiente,Centro
583,False,20,Casa,2,Moderado,Centro
573,True,8,Casa,11,Ineficiente,Norte
581,True,11,Casa,10,Ineficiente,Centro
526,False,9,Casa,7,Moderado,Sur
666,False,23,Casa,3,Moderado,Norte
453,True,10,Casa,4,Moderado,Centro
755,True,24,Casa,8,Ineficiente,Centro
557,True,12,Casa,4,Moderado,Centro
443,True,11,Departamento,4,Moderado,Norte
522,True,13,Departamento,6,Ineficiente,Sur
454,True,14,Departamento,4,Ineficiente,Centro
411,True,14,Departamento,4,Moderado,Centro
581,True,8,Casa,12,Ineficiente,Centro
408,True,10,Departamento,6,Ineficiente,Centro
484,False,13,Departamento,6,Moderado,Sur
482,True,9,Casa,10,Ineficiente,Centro
675,False,24,Casa,2,Moderado,Centro
328,True,6,Departamento,2,Moderado,Sur
697,True,19,Casa,12,Ineficiente,Centro
539,True,11,Casa,10,Ineficiente,Centro
685,True,20,Casa,6,Ineficiente,Norte
485,False,11,Casa,5,Moderado,Sur
534,True,14,Casa,3,Ineficiente,Centro
733,True,21,Casa,10,Ineficiente,Centro
580,False,16,Casa,7,Moderado,Centro
545,False,8,Casa,10,Ineficiente,Norte
429,True,12,Departamento,6,Ineficiente,Centro
486,True,11,Casa,5,Moderado,Norte
478,True,8,Casa,8,Ineficiente,Centro
652,True,17,Casa,6,Moderado,Centro
340,True,5,Departamento,9,Ineficiente,Centro
787,True,22,Casa,9,Ineficiente,Centro
487,False,10,Casa,3,Eficiente,Sur
279,True,6,Departamento,6,Ineficiente,Centro
481,True,9,Departamento,11,Ineficiente,Norte
715,False,20,Casa,9,Moderado,Norte
364,True,8,Departamento,4,Ineficiente,Centro
644,True,11,Casa,8,Ineficiente,Sur
528,False,11,Casa,4,Moderado,Sur
724,True,18,Casa,7,Ineficiente,Sur
549,True,14,Casa,3,Moderado,Centro
332,True,6,Departamento,7,Ineficiente,Centro
616,True,18,Casa,7,Ineficiente,Centro
655,False,17,Casa,9,Moderado,Norte
446,True,10,Departamento,6,Ineficiente,Norte
432,True,13,Departamento,2,Moderado,Sur
728,True,19,Casa,9,Ineficiente,Centro
461,False,12,Departamento,10,Ineficiente,Centro
526,True,14,Casa,2,Moderado,Norte
437,True,7,Departamento,6,Ineficiente,Sur
356,False,10,Departamento,7,Moderado,Centro
374,False,13,Departamento,5,Moderado,Centro
853,True,21,Casa,12,Ineficiente,Sur
621,True,19,Casa,3,Ineficiente,Centro
688,True,18,Casa,6,Ineficiente,Centro
539,True,12,Casa,5,Moderado,Norte
706,False,23,Casa,8,Moderado,Norte
533,True,14,Departamento,7,Ineficiente,Sur
528,True,12,Casa,4,Moderado,Centro
755,True,23,Casa,10,Ineficiente,Centro
360,False,13,Departamento,5,Eficiente,Centro
556,True,9,Casa,12,Ineficiente,Centro
364,True,8,Departamento,6,Ineficiente,Norte
453,False,11,Casa,4,Moderado,Centro
704,True,20,Casa,9,Ineficiente,Centro
707,True,17,Casa,12,Ineficiente,Centro
798,True,24,Casa,8,Ineficiente,Sur
555,True,13,Departamento,12,Ineficiente,Centro
820,True,22,Casa,12,Ineficiente,Norte
630,True,15,Casa,8,Ineficiente,Centro
616,True,10,Casa,9,Ineficiente,Sur
744,True,24,Casa,8,Ineficiente,Centro
489,True,13,Departamento,4,Ineficiente,Norte
617,True,20,Casa,4,Moderado,Centro
362,True,12,Departamento,3,Moderado,Centro
380,True,9,Departamento,2,Ineficiente,Centro
557,False,11,Casa,6,Moderado,Sur
442,True,7,Departamento,5,Ineficiente,Sur
739,True,20,Casa,12,Ineficiente,Centro
544,False,17,Casa,3,Eficiente,Centro
660,True,21,Casa,2,Ineficiente,Centro
403,False,12,Departamento,4,Moderado,Norte
351,False,7,Departamento,7,Moderado,Sur
465,False,14,Casa,3,Moderado,Centro
421,False,8,Departamento,11,Ineficiente,Norte
584,True,15,Casa,8,Ineficiente,Centro
676,False,20,Casa,12,Ineficiente,Centro
728,True,21,Casa,8,Ineficiente,Centro
520,True,13,Departamento,12,Ineficiente,Centro
387,False,12,Departamento,4,Moderado,Centro
732,True,23,Casa,2,Moderado,Sur
629,False,18,Casa,10,Moderado,Centro
813,True,23,Casa,12,Ineficiente,Centro
674,True,21,Casa,6,Moderado,Centro
444,True,10,Casa,3,Moderado,Centro
453,True,12,Departamento,9,Ineficiente,Centro
551,True,10,Casa,11,Ineficiente,Centro
619,True,11,Casa,11,Ineficiente,Centro
526,True,12,Casa,5,Moderado,Norte
408,False,4,Departamento,12,Ineficiente,Sur
439,True,8,Departamento,11,Ineficiente,Centro
677,False,19,Casa,8,Moderado,Centro
587,True,14,Departamento,6,Ineficiente,Norte
544,True,12,Casa,4,Ineficiente,Centro
544,True,8,Casa,11,Ineficiente,Centro
533,False,11,Casa,9,Moderado,Sur
593,True,19,Casa,3,Moderado,Centro
680,True,19,Casa,2,Moderado,Sur
327,False,11,Departamento,6,Moderado,Centro
466,True,9,Departamento,12,Ineficiente,Centro
272,False,7,Departamento,5,Eficiente,Norte
909,True,24,Casa,12,Ineficiente,Sur
800,True,24,Casa,11,Ineficiente,Centro
502,True,11,Departamento,8,Ineficiente,Sur
604,True,11,Casa,10,Ineficiente,Sur
620,False,18,Casa,7,Moderado,Sur
806,False,24,Casa,12,Moderado,Centro
328,True,7,Departamento,2,Moderado,Centro
461,False,9,Casa,9,Moderado,Centro
571,True,13,Casa,3,Moderado,Norte
339,True,8,Departamento,5,Ineficiente,Centro
556,True,12,Casa,4,Moderado,Norte
635,True,16,Casa,7,Ineficiente,Centro
604,True,15,Casa,3,Ineficiente,Norte
660,True,15,Casa,6,Ineficiente,Norte
499,True,11,Departamento,12,Ineficiente,Centro
500,False,10,Casa,10,Moderado,Centro
444,False,12,Casa,4,Eficiente,Centro
335,True,7,Departamento,3,Ineficiente,Norte
327,True,7,Departamento,3,Ineficiente,Centro
429,True,9,Departamento,10,Ineficiente,Norte
563,False,14,Casa,7,Moderado,Centro
489,True,12,Casa,3,Moderado,Centro
316,True,8,Departamento,4,Moderado,Centro
240,False,8,Departamento,2,Eficiente,Centro
459,True,9,Casa,3,Moderado,Centro
640,True,20,Casa,3,Ineficiente,Centro
842,True,23,Casa,12,Ineficiente,Centro
221,True,4,Departamento,3,Moderado,Centro
551,False,15,Casa,8,Moderado,Centro
564,True,13,Casa,4,Ineficiente,Norte
622,True,14,Casa,12,Ineficiente,Centro
277,True,4,Departamento,5,Ineficiente,Centro
278,True,5,Departamento,3,Ineficiente,Centro
585,True,12,Casa,6,Ineficiente,Norte
450,True,6,Departamento,10,Ineficiente,Norte
526,True,13,Departamento,10,Ineficiente,Sur
529,True,10,Casa,8,Ineficiente,Centro
646,True,15,Casa,9,Ineficiente,Norte
615,True,16,Casa,6,Ineficiente,Centro
344,False,9,Departamento,6,Moderado,Centro
634,True,17,Casa,4,Moderado,Sur
327,False,7,Departamento,7,Moderado,Norte
253,True,4,Departamento,2,Ineficiente,Centro
668,False,20,Casa,4,Moderado,Sur
503,True,10,Departamento,12,Ineficiente,Norte
441,True,8,Casa,3,Moderado,Centro
815,True,22,Casa,8,Ineficiente,Sur
467,True,12,Departamento,10,Ineficiente,Centro
264,False,7,Departamento,5,Moderado,Centro
493,True,8,Casa,8,Ineficiente,Norte
419,True,7,Departamento,9,Ineficiente,Norte
430,False,13,Departamento,11,Ineficiente,Centro
667,True,18,Casa,3,Moderado,Sur
379,True,6,Departamento,8,Ineficiente,Centro
446,True,9,Casa,4,Moderado,Centro
777,True,21,Casa,9,Ineficiente,Sur
567,False,13,Casa,7,Moderado,Centro
342,True,4,Departamento,4,Ineficiente,Norte
377,True,8,Departamento,9,Ineficiente,Centro
794,True,19,Casa,12,Ineficiente,Sur
685,True,18,Casa,4,Ineficiente,Sur
472,True,9,Departamento,10,Ineficiente,Norte
614,True,10,Casa,12,Ineficiente,Centro
357,True,9,Departamento,4,Ineficiente,Centro
315,False,7,Departamento,2,Eficiente,Sur
662,True,18,Casa,3,Ineficiente,Norte
342,True,6,Departamento,5,Ineficiente,Centro
616,True,8,Casa,12,Ineficiente,Sur
401,False,14,Departamento,3,Moderado,Centro
328,True,9,Departamento,5,Ineficiente,Centro
331,False,8,Departamento,5,Moderado,Norte
496,False,12,Casa,5,Moderado,Centro
202,False,4,Departamento,2,Eficiente,Centro
859,True,23,Casa,10,Ineficiente,Sur
766,True,19,Casa,11,Ineficiente,Centro
701,True,19,Casa,12,Ineficiente,Centro
504,False,10,Casa,8,Moderado,Centro
429,False,9,Casa,3,Eficiente,Norte
351,False,10,Departamento,4,Moderado,Centro
467,True,12,Departamento,9,Ineficiente,Centro
706,True,14,Casa,8,Ineficiente,Sur
406,True,11,Departamento,5,Ineficiente,Centro
612,True,18,Casa,5,Ineficiente,Centro
567,True,14,Departamento,10,Ineficiente,Norte
501,True,12,Departamento,6,Ineficiente,Sur
790,False,21,Casa,12,Ineficiente,Norte
336,True,6,Departamento,6,Ineficiente,Centro
555,False,11,Casa,8,Ineficiente,Centro
713,False,24,Casa,2,Moderado,Sur
316,True,7,Departamento,4,Ineficiente,Centro
445,True,10,Casa,3,Moderado,Centro
697,True,17,Casa,12,Ineficiente,Centro
778,True,22,Casa,11,Ineficiente,Centro
398,True,9,Departamento,7,Ineficiente,Centro
570,True,10,Casa,12,Ineficiente,Centro
560,False,14,Casa,7,Moderado,Norte
422,True,6,Departamento,11,Ineficiente,Sur
372,False,11,Departamento,2,Eficiente,Sur
690,False,21,Casa,7,Moderado,Centro
848,True,21,Casa,11,Ineficiente,Sur
603,True,18,Casa,3,Moderado,Centro
464,False,8,Casa,12,Ineficiente,Centro
500,True,11,Casa,5,Ineficiente,Centro
479,True,11,Departamento,7,Ineficiente,Centro
388,False,12,Departamento,4,Moderado,Centro
314,True,6,Departamento,4,Ineficiente,Centro
434,False,9,Casa,4,Moderado,Centro
405,True,9,Departamento,5,Ineficiente,Centro
624,True,16,Casa,10,Ineficiente,Centro
424,False,13,Departamento,5,Moderado,Norte
404,False,11,Departamento,5,Moderado,Sur
661,True,19,Casa,5,Ineficiente,Centro
452,False,14,Departamento,8,Ineficiente,Centro
524,False,13,Casa,6,Moderado,Centro
366,True,11,Departamento,3,Ineficiente,Centro
579,True,8,Casa,8,Ineficiente,Sur
525,True,13,Casa,4,Moderado,Centro
450,True,8,Departamento,12,Ineficiente,Centro
590,True,14,Casa,2,Moderado,Norte
436,True,8,Departamento,10,Ineficiente,Centro
566,True,10,Casa,6,Moderado,Sur
342,False,5,Departamento,11,Ineficiente,Centro
365,False,11,Departamento,2,Eficiente,Centro
689,True,16,Casa,12,Ineficiente,Centro
565,False,20,Casa,2,Eficiente,Centro
553,True,15,Casa,2,Moderado,Centro
670,True,17,Casa,10,Ineficiente,Centro
726,True,24,Casa,9,Ineficiente,Centro
507,False,14,Departamento,12,Ineficiente,Centro
372,False,7,Departamento,7,Moderado,Sur
512,False,14,Departamento,11,Ineficiente,Centro
381,False,12,Departamento,7,Moderado,Centro
353,True,9,Departamento,7,Ineficiente,Centro
362,False,11,Departamento,5,Moderado,Centro
704,True,21,Casa,6,Ineficiente,Centro
513,True,13,Departamento,11,Ineficiente,Centro
292,False,8,Departamento,4,Moderado,Centro
495,False,13,Casa,4,Eficiente,Norte
667,True,13,Casa,11,Ineficiente,Sur
638,True,17,Casa,8,Ineficiente,Centro
563,True,10,Casa,6,Ineficiente,Norte
514,True,14,Departamento,9,Ineficiente,Centro
694,True,18,Casa,6,Ineficiente,Sur
714,True,17,Casa,5,Moderado,Sur
276,True,5,Departamento,4,Ineficiente,Centro
487,False,11,Casa,3,Eficiente,Norte
387,False,8,Casa,4,Moderado,Centro
799,True,21,Casa,8,Ineficiente,Norte
396,False,7,Departamento,9,Moderado,Sur
439,True,10,Departamento,6,Ineficiente,Norte
781,True,22,Casa,12,Ineficiente,Centro
389,True,12,Departamento,2,Ineficiente,Centro
520,True,11,Casa,4,Ineficiente,Centro
406,True,10,Departamento,5,Ineficiente,Centro
439,True,9,Departamento,11,Ineficiente,Centro
521,True,13,Departamento,5,Ineficiente,Norte
686,True,22,Casa,2,Ineficiente,Centro
401,False,10,Departamento,11,Ineficiente,Centro
504,True,13,Departamento,10,Ineficiente,Norte
573,False,14,Casa,11,Ineficiente,Centro
431,True,12,Departamento,5,Ineficiente,Centro
556,False,17,Casa,3,Moderado,Centro
538,True,10,Departamento,10,Ineficiente,Sur
598,False,17,Casa,5,Moderado,Sur
281,False,4,Departamento,5,Eficiente,Sur
737,True,21,Casa,12,Ineficiente,Centro
614,False,18,Casa,7,Moderado,Norte
571,True,13,Casa,9,Ineficiente,Centro
485,False,8,Casa,6,Moderado,Sur
684,True,14,Casa,9,Ineficiente,Sur
485,True,10,Casa,2,Moderado,Sur
648,True,18,Casa,5,Moderado,Norte
500,True,12,Casa,2,Moderado,Sur
460,True,9,Casa,4,Moderado,Centro
499,False,13,Departamento,12,Ineficiente,Norte
688,True,17,Casa,8,Ineficiente,Centro
426,False,14,Departamento,2,Moderado,Norte
338,True,7,Departamento,6,Ineficiente,Centro
278,True,7,Departamento,2,Moderado,Centro
525,True,13,Casa,7,Ineficiente,Centro
383,False,11,Departamento,10,Ineficiente,Centro
643,True,17,Casa,4,Moderado,Sur
731,True,20,Casa,12,Ineficiente,Centro
508,True,8,Casa,12,Ineficiente,Centro
478,True,10,Departamento,7,Ineficiente,Sur
512,False,10,Casa,5,Moderado,Sur
645,True,16,Casa,7,Ineficiente,Norte
373,True,8,Departamento,3,Moderado,Centro
323,True,9,Departamento,5,Ineficiente,Centro
688,True,17,Casa,8,Ineficiente,Norte
725,True,19,Casa,12,Ineficiente,Centro
527,True,14,Departamento,7,Ineficiente,Sur
567,True,10,Casa,10,Ineficiente,Norte
664,True,12,Casa,12,Ineficiente,Sur
827,True,24,Casa,8,Ineficiente,Sur
345,True,7,Departamento,2,Moderado,Sur
340,True,8,Departamento,7,Ineficiente,Centro
524,True,12,Departamento,12,Ineficiente,Sur
347,True,9,Departamento,4,Moderado,Centro
774,True,24,Casa,9,Ineficiente,Centro
529,False,15,Casa,2,Eficiente,Norte
666,True,14,Casa,11,Ineficiente,Norte
519,True,14,Casa,3,Ineficiente,Centro
683,True,22,Casa,4,Moderado,Centro
333,True,9,Departamento,4,Ineficiente,Centro
526,False,14,Departamento,8,Moderado,Norte
305,True,4,Departamento,9,Ineficiente,Centro
791,True,22,Casa,10,Ineficiente,Norte
363,False,7,Departamento,8,Moderado,Sur
319,False,5,Departamento,9,Ineficiente,Norte
780,False,22,Casa,12,Ineficiente,Norte
406,True,10,Departamento,7,Ineficiente,Centro
368,False,8,Casa,3,Moderado,Centro
513,True,14,Casa,2,Ineficiente,Centro
455,True,10,Casa,4,Ineficiente,Centro
813,True,21,Casa,10,Ineficiente,Sur
734,True,19,Casa,8,Ineficiente,Centro
289,True,5,Departamento,3,Moderado,Norte
205,False,4,Departamento,2,Eficiente,Centro
404,True,9,Departamento,3,Ineficiente,Sur
272,False,6,Departamento,4,Moderado,Centro
800,True,23,Casa,7,Ineficiente,Norte
468,True,11,Departamento,10,Ineficiente,Centro
586,True,13,Casa,9,Ineficiente,Centro
600,True,13,Casa,11,Ineficiente,Centro
619,True,13,Casa,10,Ineficiente,Norte
678,True,14,Casa,12,Ineficiente,Norte
770,True,23,Casa,12,Ineficiente,Centro
626,True,16,Casa,9,Ineficiente,Centro
683,False,20,Casa,8,Moderado,Centro
411,True,10,Departamento,7,Ineficiente,Centro
519,True,8,Casa,9,Ineficiente,Centro
695,True,15,Casa,7,Ineficiente,Sur
534,True,11,Casa,3,Moderado,Sur
477,False,14,Departamento,10,Ineficiente,Centro
784,False,24,Casa,10,Moderado,Norte
447,False,10,Casa,4,Moderado,Norte
485,True,8,Casa,10,Ineficiente,Centro
441,False,8,Casa,3,Moderado,Norte
646,True,16,Casa,4,Ineficiente,Sur
631,True,12,Casa,7,Ineficiente,Norte
581,True,14,Casa,5,Ineficiente,Centro
523,False,13,Casa,9,Ineficiente,Centro
722,True,24,Casa,2,Moderado,Centro
405,True,8,Departamento,7,Ineficiente,Norte
626,False,20,Casa,3,Moderado,Centro
658,True,19,Casa,7,Ineficiente,Centro
500,True,11,Casa,2,Moderado,Sur
435,True,13,Departamento,3,Ineficiente,Norte
622,True,12,Casa,10,Ineficiente,Sur
538,False,12,Casa,7,Moderado,Sur
382,True,8,Departamento,9,Ineficiente,Centro
641,False,18,Casa,8,Moderado,Centro
719,True,15,Casa,10,Ineficiente,Norte
616,False,15,Casa,10,Ineficiente,Sur
536,True,12,Departamento,12,Ineficiente,Centro
608,False,20,Casa,5,Moderado,Centro
339,True,5,Departamento,8,Ineficiente,Centro
260,False,5,Departamento,6,Moderado,Norte
846,True,24,Casa,8,Ineficiente,Sur
654,True,20,Casa,5,Moderado,Norte
672,True,16,Casa,11,Ineficiente,Centro
512,False,9,Casa,12,Moderado,Centro
885,True,24,Casa,12,Ineficiente,Sur
384,True,13,Departamento,2,Ineficiente,Centro
299,False,7,Departamento,5,Moderado,Centro
331,False,5,Departamento,11,Ineficiente,Centro
593,True,17,Casa,4,Moderado,Centro
573,True,14,Departamento,10,Ineficiente,Norte
380,True,7,Departamento,6,Ineficiente,Norte
425,False,14,Departamento,5,Moderado,Centro
538,False,13,Casa,9,Moderado,Centro
451,False,13,Departamento,6,Moderado,Norte
541,True,13,Casa,4,Ineficiente,Centro
415,True,8,Casa,3,Moderado,Centro
562,True,10,Casa,9,Ineficiente,Sur
409,True,9,Departamento,3,Ineficiente,Sur
381,False,8,Departamento,9,Ineficiente,Centro
594,True,15,Casa,6,Ineficiente,Centro
792,True,24,Casa,9,Ineficiente,Centro
580,False,15,Casa,6,Moderado,Norte
719,True,24,Casa,2,Ineficiente,Centro
672,True,16,Casa,12,Ineficiente,Centro
674,False,19,Casa,12,Moderado,Centro
367,False,8,Departamento,3,Moderado,Sur
594,False,18,Casa,7,Moderado,Centro
513,True,11,Casa,4,Moderado,Centro
758,True,21,Casa,9,Ineficiente,Centro
393,True,9,Departamento,6,Ineficiente,Centro
242,False,7,Departamento,4,Eficiente,Centro
439,True,9,Departamento,11,Ineficiente,Centro
452,False,9,Casa,8,Ineficiente,Centro
610,True,15,Casa,9,Ineficiente,Centro
566,True,11,Casa,5,Ineficiente,Sur
371,False,6,Departamento,12,Ineficiente,Centro
446,False,11,Departamento,10,Moderado,Norte
314,True,5,Departamento,7,Ineficiente,Centro
279,False,9,Departamento,2,Eficiente,Centro
439,False,11,Departamento,6,Ineficiente,Norte
679,False,23,Casa,6,Moderado,Centro
387,False,9,Departamento,8,Moderado,Sur
514,False,11,Casa,8,Moderado,Sur
567,False,13,Casa,7,Moderado,Norte
537,True,8,Casa,9,Ineficiente,Sur
549,True,14,Casa,3,Ineficiente,Centro
451,True,8,Casa,8,Ineficiente,Centro
633,True,15,Casa,11,Ineficiente,Centro
547,True,10,Casa,8,Ineficiente,Sur
459,True,8,Casa,5,Ineficiente,Centro
492,False,8,Casa,11,Ineficiente,Centro
496,False,14,Casa,3,Moderado,Centro
637,True,20,Casa,5,Ineficiente,Centro
470,True,8,Casa,5,Ineficiente,Norte
375,False,7,Departamento,7,Moderado,Sur
369,False,12,Departamento,8,Moderado,Centro
303,False,9,Departamento,4,Moderado,Centro
525,False,12,Departamento,11,Ineficiente,Norte
561,False,19,Casa,2,Eficiente,Centro
321,True,7,Departamento,4,Moderado,Norte
785,True,22,Casa,10,Ineficiente,Norte
514,False,17,Casa,2,Eficiente,Centro
432,True,7,Departamento,9,Ineficiente,Centro
619,False,19,Casa,3,Moderado,Centro
395,True,6,Departamento,7,Ineficiente,Norte
211,False,4,Departamento,4,Eficiente,Centro
563,True,14,Departamento,8,Ineficiente,Norte
464,True,14,Departamento,3,Moderado,Sur
493,True,9,Casa,5,Ineficiente,Centro
787,False,24,Casa,11,Ineficiente,Centro
631,True,15,Casa,10,Ineficiente,Centro
640,False,16,Casa,7,Moderado,Norte
298,False,5,Departamento,5,Eficiente,Sur
320,False,12,Departamento,3,Eficiente,Centro
454,False,11,Departamento,11,Ineficiente,Centro
506,True,8,Casa,10,Ineficiente,Centro
612,True,14,Casa,5,Ineficiente,Norte
758,True,16,Casa,10,Ineficiente,Sur
541,False,18,Casa,3,Moderado,Centro
372,False,10,Departamento,8,Ineficiente,Centro
630,True,9,Casa,12,Ineficiente,Norte
841,True,22,Casa,12,Ineficiente,Norte
539,True,10,Casa,6,Moderado,Sur
409,True,10,Departamento,9,Ineficiente,Centro
401,True,7,Departamento,12,Ineficiente,Centro
716,True,19,Casa,9,Ineficiente,Norte
508,True,11,Casa,5,Ineficiente,Centro
612,True,17,Casa,5,Ineficiente,Centro
593,True,13,Casa,9,Ineficiente,Centro
315,True,8,Departamento,4,Ineficiente,Centro
437,True,11,Departamento,8,Ineficiente,Centro
733,True,24,Casa,9,Ineficiente,Centro
740,True,18,Casa,9,Ineficiente,Sur
466,True,6,Departamento,12,Ineficiente,Norte
647,True,17,Casa,11,Ineficiente,Centro
379,True,9,Departamento,5,Ineficiente,Centro
484,False,10,Casa,10,Moderado,Centro
793,True,22,Casa,11,Ineficiente,Centro
800,True,24,Casa,5,Moderado,Sur
705,True,19,Casa,9,Ineficiente,Centro
374,True,8,Departamento,7,Ineficiente,Centro
719,False,23,Casa,6,Moderado,Centro
749,True,22,Casa,5,Ineficiente,Norte
735,True,22,Casa,6,Moderado,Norte
625,True,13,Casa,12,Ineficiente,Centro
641,True,19,Casa,2,Moderado,Norte
507,True,9,Casa,8,Ineficiente,Centro
476,True,13,Departamento,9,Ineficiente,Centro
546,True,11,Casa,10,Ineficiente,Centro
513,True,12,Casa,4,Ineficiente,Centro
329,False,6,Departamento,10,Ineficiente,Centro
704,False,17,Casa,11,Ineficiente,Norte
314,True,6,Departamento,6,Ineficiente,Centro
705,True,21,Casa,11,Ineficiente,Centro
363,True,8,Departamento,7,Ineficiente,Centro
308,True,10,Departamento,2,Moderado,Centro
482,False,14,Departamento,10,Ineficiente,Centro
461,True,11,Departamento,10,Ineficiente,Norte
484,True,10,Casa,7,Ineficiente,Centro
481,True,11,Departamento,9,Ineficiente,Norte
574,False,12,Casa,5,Moderado,Sur
686,True,22,Casa,6,Ineficiente,Centro
542,False,15,Casa,6,Moderado,Centro
472,False,9,Casa,8,Moderado,Centro
688,True,15,Casa,8,Ineficiente,Norte
585,False,15,Casa,8,Ineficiente,Centro
582,True,11,Casa,6,Ineficiente,Norte
455,False,13,Departamento,5,Moderado,Norte
285,False,6,Departamento,9,Moderado,Centro
619,True,19,Casa,2,Moderado,Centro
434,True,8,Casa,2,Moderado,Centro
512,False,14,Casa,7,Moderado,Centro
410,True,8,Casa,3,Moderado,Centro
524,True,14,Casa,4,Moderado,Centro
526,True,9,Casa,5,Ineficiente,Norte
486,False,14,Casa,3,Eficiente,Centro
457,False,13,Departamento,11,Ineficiente,Centro
524,True,12,Casa,8,Ineficiente,Centro
474,False,8,Casa,11,Moderado,Centro
458,True,8,Casa,2,Moderado,Sur
458,False,8,Casa,4,Eficiente,Sur
468,True,12,Casa,3,Moderado,Centro
395,True,7,Departamento,10,Ineficiente,Centro
684,True,19,Casa,9,Ineficiente,Centro
549,True,16,Casa,4,Ineficiente,Centro
417,True,13,Departamento,6,Ineficiente,Centro
370,False,14,Departamento,4,Moderado,Centro
433,True,5,Departamento,12,Ineficiente,Sur
509,False,9,Casa,12,Ineficiente,Centro
547,True,14,Departamento,12,Ineficiente,Centro
453,False,9,Casa,7,Moderado,Centro
592,True,13,Casa,6,Moderado,Sur
676,False,17,Casa,12,Ineficiente,Centro
512,False,16,Casa,3,Moderado,Centro
613,False,15,Casa,11,Ineficiente,Centro
687,False,18,Casa,9,Moderado,Sur
512,True,13,Departamento,7,Ineficiente,Norte
463,True,12,Departamento,4,Ineficiente,Sur
331,False,11,Departamento,2,Eficiente,Centro
667,False,22,Casa,6,Moderado,Centro
381,True,4,Departamento,12,Ineficiente,Centro
404,True,8,Casa,3,Moderado,Centro
239,False,6,Departamento,3,Eficiente,Norte
688,True,16,Casa,10,Ineficiente,Sur
531,True,12,Departamento,12,Ineficiente,Centro
643,True,15,Casa,11,Ineficiente,Centro
517,True,13,Departamento,8,Ineficiente,Norte
382,True,10,Departamento,7,Moderado,Centro
423,False,11,Casa,2,Eficiente,Centro
738,False,24,Casa,11,Moderado,Centro
276,False,9,Departamento,3,Eficiente,Centro
747,False,23,Casa,12,Ineficiente,Centro
456,True,8,Departamento,8,Ineficiente,Sur
495,False,13,Casa,4,Moderado,Centro
454,False,8,Casa,3,Eficiente,Sur
698,False,23,Casa,7,Moderado,Norte
703,False,22,Casa,9,Ineficiente,Centro
500,True,14,Departamento,9,Ineficiente,Centro
512,True,9,Casa,12,Ineficiente,Centro
647,True,17,Casa,3,Moderado,Sur
713,False,22,Casa,7,Moderado,Norte
603,True,13,Casa,6,Ineficiente,Norte
330,False,4,Departamento,8,Moderado,Sur
353,True,9,Departamento,5,Ineficiente,Centro
403,False,8,Casa,3,Eficiente,Centro
311,True,5,Departamento,11,Ineficiente,Centro
359,True,6,Departamento,4,Ineficiente,Sur
774,True,23,Casa,10,Ineficiente,Norte
456,True,9,Departamento,11,Ineficiente,Norte
510,True,8,Casa,9,Ineficiente,Centro
672,False,18,Casa,10,Ineficiente,Sur
379,True,11,Departamento,6,Ineficiente,Centro
637,False,17,Casa,6,Moderado,Centro
279,True,4,Departamento,8,Ineficiente,Centro
531,False,13,Departamento,8,Moderado,Sur
576,True,14,Casa,2,Moderado,Sur
416,False,11,Departamento,6,Moderado,Sur
803,True,22,Casa,9,Ineficiente,Norte
639,False,15,Casa,8,Moderado,Norte
341,False,7,Departamento,12,Ineficiente,Centro
408,True,10,Departamento,3,Moderado,Sur
752,True,21,Casa,9,Ineficiente,Centro
405,False,9,Casa,3,Moderado,Centro
466,True,9,Departamento,11,Ineficiente,Centro
329,True,6,Departamento,2,Moderado,Norte
586,True,14,Departamento,12,Ineficiente,Centro
537,True,8,Casa,12,Ineficiente,Centro
592,True,11,Casa,12,Ineficiente,Centro
697,True,22,Casa,4,Moderado,Centro
360,False,12,Departamento,4,Moderado,Centro
566,True,12,Casa,7,Ineficiente,Centro
622,True,18,Casa,4,Moderado,Centro
377,False,9,Departamento,8,Moderado,Centro
592,True,12,Casa,9,Ineficiente,Centro
230,False,4,Departamento,4,Moderado,Centro
380,False,6,Departamento,10,Ineficiente,Norte
417,True,13,Departamento,2,Moderado,Norte
477,True,11,Casa,4,Moderado,Centro
611,False,19,Casa,4,Moderado,Centro
381,False,5,Departamento,8,Ineficiente,Sur
348,True,6,Departamento,12,Ineficiente,Centro
454,True,10,Departamento,12,Ineficiente,Centro
479,True,9,Casa,6,Moderado,Centro
363,True,10,Departamento,5,Ineficiente,Centro
394,True,13,Departamento,3,Ineficiente,Centro
508,True,12,Departamento,8,Ineficiente,Norte
425,False,11,Departamento,4,Moderado,Norte
352,True,9,Departamento,8,Ineficiente,Centro
413,False,7,Departamento,11,Ineficiente,Sur
536,True,8,Casa,8,Ineficiente,Norte
754,True,17,Casa,12,Ineficiente,Norte
504,True,12,Casa,3,Ineficiente,Centro
529,True,8,Casa,8,Ineficiente,Centro
713,True,18,Casa,7,Ineficiente,Sur
616,False,14,Casa,11,Ineficiente,Centro
654,True,17,Casa,5,Moderado,Sur
741,False,22,Casa,12,Ineficiente,Centro
438,True,14,Departamento,6,Ineficiente,Centro
491,True,12,Departamento,9,Ineficiente,Centro
709,True,22,Casa,6,Ineficiente,Centro
300,False,8,Departamento,4,Moderado,Centro
655,True,19,Casa,3,Moderado,Norte
613,True,15,Casa,7,Ineficiente,Centro
563,False,15,Casa,7,Moderado,Centro
565,False,13,Casa,8,Moderado,Sur
427,True,11,Departamento,9,Ineficiente,Centro
357,False,11,Departamento,5,Moderado,Centro
751,True,19,Casa,9,Ineficiente,Norte
468,False,11,Casa,2,Eficiente,Centro
696,True,20,Casa,7,Ineficiente,Centro
846,True,24,Casa,7,Ineficiente,Sur
726,True,23,Casa,4,Ineficiente,Sur
743,True,16,Casa,10,Ineficiente,Norte
526,True,13,Departamento,6,Ineficiente,Sur
414,False,14,Departamento,2,Eficiente,Norte
633,False,19,Casa,8,Moderado,Centro
321,True,4,Departamento,11,Ineficiente,Centro
474,True,9,Casa,4,Moderado,Norte
622,True,11,Casa,11,Ineficiente,Centro
788,True,22,Casa,11,Ineficiente,Norte
456,False,11,Departamento,12,Ineficiente,Norte
349,True,9,Departamento,5,Ineficiente,Centro
307,True,6,Departamento,7,Ineficiente,Centro
557,True,8,Casa,9,Ineficiente,Sur
394,True,9,Departamento,5,Ineficiente,Centro
727,True,21,Casa,10,Ineficiente,Centro
452,True,13,Departamento,9,Ineficiente,Centro
820,True,22,Casa,11,Ineficiente,Norte
631,True,12,Casa,11,Ineficiente,Norte
534,True,10,Casa,7,Ineficiente,Centro
445,True,12,Departamento,8,Ineficiente,Centro
580,True,13,Casa,9,Ineficiente,Centro
384,False,14,Departamento,3,Moderado,Centro
571,True,14,Casa,6,Moderado,Centro
442,False,12,Departamento,8,Moderado,Norte
459,True,10,Departamento,9,Ineficiente,Norte
446,True,12,Departamento,6,Ineficiente,Sur
476,True,11,Casa,4,Ineficiente,Centro
550,True,8,Casa,7,Ineficiente,Sur
621,False,16,Casa,6,Moderado,Norte
535,True,13,Departamento,9,Ineficiente,Sur
667,True,15,Casa,10,Ineficiente,Centro
755,False,22,Casa,10,Moderado,Norte
751,True,22,Casa,7,Ineficiente,Sur
515,True,14,Casa,5,Ineficiente,Centro
325,True,5,Departamento,5,Ineficiente,Centro
557,True,9,Casa,10,Ineficiente,Norte
300,True,7,Departamento,5,Moderado,Centro
770,True,23,Casa,9,Ineficiente,Sur
490,False,10,Casa,10,Ineficiente,Centro
444,False,9,Casa,6,Ineficiente,Centro
531,True,10,Casa,7,Moderado,Norte
482,True,12,Casa,4,Ineficiente,Centro
347,True,8,Departamento,6,Ineficiente,Centro
510,True,9,Casa,6,Ineficiente,Centro
272,True,7,Departamento,3,Ineficiente,Centro
733,False,21,Casa,11,Ineficiente,Norte
770,False,22,Casa,7,Moderado,Sur
493,True,12,Departamento,10,Ineficiente,Centro
717,True,18,Casa,12,Ineficiente,Centro
648,True,18,Casa,8,Ineficiente,Centro
605,True,14,Casa,9,Ineficiente,Centro
609,True,19,Casa,3,Ineficiente,Centro
435,True,6,Departamento,12,Ineficiente,Sur
553,True,12,Casa,10,Ineficiente,Centro
416,True,8,Departamento,4,Ineficiente,Sur
509,True,13,Departamento,11,Ineficiente,Centro
715,False,22,Casa,6,Eficiente,Norte
424,True,10,Departamento,8,Ineficiente,Centro
550,True,13,Casa,5,Ineficiente,Centro
396,True,9,Departamento,8,Ineficiente,Centro
706,True,17,Casa,9,Ineficiente,Sur
319,False,6,Departamento,11,Ineficiente,Centro
653,True,14,Casa,11,Ineficiente,Sur
555,False,18,Casa,5,Moderado,Centro
459,True,14,Departamento,6,Ineficiente,Centro
464,True,12,Departamento,12,Ineficiente,Centro
456,True,11,Casa,4,Moderado,Centro
502,False,8,Casa,6,Moderado,Sur
510,True,14,Departamento,9,Ineficiente,Centro
410,False,13,Departamento,4,Eficiente,Norte
453,True,10,Departamento,6,Ineficiente,Centro
433,True,11,Departamento,11,Ineficiente,Centro
395,True,9,Departamento,2,Ineficiente,Norte
416,True,11,Departamento,3,Moderado,Norte
708,True,22,Casa,4,Ineficiente,Centro
559,True,16,Casa,2,Ineficiente,Centro
458,True,12,Departamento,12,Ineficiente,Centro
372,False,7,Departamento,12,Ineficiente,Centro
656,False,16,Casa,10,Ineficiente,Norte
625,False,20,Casa,10,Moderado,Centro
499,True,13,Departamento,6,Ineficiente,Centro
681,False,23,Casa,5,Moderado,Centro
648,False,20,Casa,6,Ineficiente,Centro
473,True,11,Casa,5,Moderado,Centro
734,True,20,Casa,6,Ineficiente,Norte
678,True,15,Casa,8,Ineficiente,Norte
795,True,20,Casa,12,Ineficiente,Norte
763,False,22,Casa,9,Ineficiente,Sur
221,False,6,Departamento,3,Eficiente,Centro
470,False,12,Casa,5,Moderado,Centro
348,True,6,Departamento,9,Ineficiente,Centro
453,True,11,Departamento,8,Ineficiente,Centro
703,True,20,Casa,10,Ineficiente,Centro
447,True,12,Departamento,6,Ineficiente,Centro
663,False,20,Casa,7,Moderado,Norte
480,True,11,Departamento,12,Ineficiente,Centro
611,False,16,Casa,9,Ineficiente,Centro
433,True,9,Departamento,12,Ineficiente,Centro
314,False,7,Departamento,6,Moderado,Centro
702,True,18,Casa,10,Ineficiente,Centro
469,False,12,Casa,5,Moderado,Centro
453,False,12,Departamento,9,Moderado,Centro
299,False,5,Departamento,4,Eficiente,Sur
461,False,9,Casa,6,Moderado,Centro
486,False,13,Departamento,9,Ineficiente,Centro
514,True,8,Casa,11,Ineficiente,Centro
398,False,7,Departamento,8,Moderado,Sur
388,False,10,Casa,2,Eficiente,Centro
341,True,9,Departamento,5,Ineficiente,Centro
447,False,12,Casa,3,Eficiente,Centro
678,True,24,Casa,3,Ineficiente,Centro
773,True,22,Casa,8,Ineficiente,Sur
581,True,13,Casa,4,Moderado,Norte
698,True,21,Casa,4,Moderado,Norte
784,True,21,Casa,7,Ineficiente,Sur
488,True,14,Departamento,7,Ineficiente,Centro
585,True,15,Casa,2,Moderado,Centro
507,False,15,Casa,2,Moderado,Centro
744,True,16,Casa,12,Ineficiente,Norte
663,True,18,Casa,7,Ineficiente,Centro
708,True,20,Casa,8,Ineficiente,Centro
754,True,20,Casa,10,Ineficiente,Centro
537,True,12,Casa,5,Ineficiente,Centro
856,True,23,Casa,11,Ineficiente,Sur
617,False,16,Casa,7,Ineficiente,Norte
546,True,10,Casa,4,Moderado,Sur
543,False,12,Casa,12,Ineficiente,Centro
512,False,15,Casa,5,Moderado,Centro
387,False,4,Departamento,10,Ineficiente,Sur
495,True,10,Casa,2,Moderado,Centro
391,True,11,Departamento,6,Ineficiente,Centro
696,True,18,Casa,12,Ineficiente,Centro
413,True,8,Departamento,8,Ineficiente,Centro
296,True,5,Departamento,4,Ineficiente,Centro
564,False,14,Casa,3,Moderado,Sur
545,True,13,Departamento,12,Ineficiente,Centro
508,True,13,Casa,3,Moderado,Centro
691,True,23,Casa,2,Ineficiente,Centro
434,False,12,Departamento,6,Moderado,Norte
292,False,7,Departamento,4,Eficiente,Norte
576,True,10,Casa,12,Ineficiente,Centro
605,True,13,Casa,8,Ineficiente,Centro
458,True,11,Casa,2,Moderado,Centro
581,False,11,Casa,10,Moderado,Sur
433,False,14,Departamento,3,Eficiente,Norte
651,True,17,Casa,9,Ineficiente,Centro
681,True,16,Casa,11,Ineficiente,Centro
512,False,15,Casa,5,Moderado,Centro
834,True,24,Casa,7,Moderado,Norte
827,False,24,Casa,10,Moderado,Sur
415,True,11,Departamento,8,Ineficiente,Centro
607,True,14,Departamento,9,Ineficiente,Sur
443,True,11,Departamento,8,Ineficiente,Centro
502,True,10,Casa,3,Moderado,Sur
499,False,14,Departamento,10,Ineficiente,Centro
286,False,5,Departamento,2,Eficiente,Sur
266,True,5,Departamento,3,Moderado,Norte
549,True,15,Casa,4,Ineficiente,Centro
503,True,8,Casa,4,Ineficiente,Sur
570,False,14,Casa,11,Ineficiente,Norte
635,True,16,Casa,5,Ineficiente,Norte
662,True,19,Casa,6,Ineficiente,Centro
647,True,16,Casa,7,Ineficiente,Sur
455,True,10,Casa,2,Moderado,Centro
460,False,14,Departamento,9,Moderado,Centro
600,False,17,Casa,7,Moderado,Norte
637,True,11,Casa,11,Ineficiente,Norte
390,False,5,Departamento,10,Ineficiente,Sur
339,True,5,Departamento,6,Ineficiente,Norte
281,False,5,Departamento,8,Ineficiente,Centro
565,True,11,Departamento,12,Ineficiente,Sur
515,True,12,Casa,5,Moderado,Centro
252,True,4,Departamento,7,Ineficiente,Centro
651,True,15,Casa,7,Ineficiente,Norte
590,True,17,Casa,5,Ineficiente,Centro
638,False,18,Casa,7,Eficiente,Norte
704,False,20,Casa,9,Ineficiente,Centro
583,True,11,Casa,12,Ineficiente,Centro
298,False,7,Departamento,6,Moderado,Centro
265,True,4,Departamento,3,Ineficiente,Centro
633,True,12,Casa,10,Ineficiente,Norte
672,True,17,Casa,12,Ineficiente,Centro
284,False,7,Departamento,5,Moderado,Centro
457,True,14,Departamento,5,Ineficiente,Centro
723,True,16,Casa,12,Ineficiente,Norte
338,True,5,Departamento,8,Ineficiente,Centro
787,True,17,Casa,11,Ineficiente,Norte
464,False,9,Casa,11,Ineficiente,Centro
361,True,6,Departamento,7,Ineficiente,Centro
604,True,15,Casa,5,Ineficiente,Centro
719,True,21,Casa,7,Ineficiente,Centro
398,True,9,Departamento,4,Moderado,Sur
459,False,9,Departamento,8,Moderado,Sur
674,True,20,Casa,7,Ineficiente,Norte
500,False,15,Casa,4,Moderado,Centro
680,True,19,Casa,2,Ineficiente,Norte
384,False,9,Departamento,11,Ineficiente,Centro
491,False,10,Casa,6,Moderado,Centro
636,False,19,Casa,11,Ineficiente,Centro
234,False,7,Departamento,3,Eficiente,Centro
633,True,17,Casa,8,Ineficiente,Centro
702,False,22,Casa,8,Ineficiente,Centro
456,False,9,Casa,5,Moderado,Norte
315,False,8,Departamento,7,Moderado,Centro
682,True,21,Casa,2,Moderado,Centro
525,False,14,Casa,3,Moderado,Centro
326,True,6,Departamento,7,Ineficiente,Centro
562,True,18,Casa,3,Moderado,Centro
569,True,13,Casa,12,Ineficiente,Centro
629,False,18,Casa,5,Moderado,Norte
753,True,24,Casa,5,Ineficiente,Centro
744,True,17,Casa,11,Ineficiente,Sur
855,True,24,Casa,10,Ineficiente,Sur
518,True,9,Casa,11,Ineficiente,Centro
546,False,13,Casa,8,Moderado,Centro
403,False,7,Departamento,8,Ineficiente,Norte
401,True,6,Departamento,12,Ineficiente,Sur
423,True,12,Departamento,2,Moderado,Norte
414,True,5,Departamento,12,Ineficiente,Sur
459,True,10,Casa,6,Ineficiente,Centro
344,True,10,Departamento,4,Moderado,Centro
740,True,21,Casa,4,Moderado,Sur
441,True,9,Departamento,7,Ineficiente,Norte
349,True,6,Departamento,5,Ineficiente,Centro
280,False,4,Departamento,9,Ineficiente,Centro
413,True,14,Departamento,5,Ineficiente,Centro
743,True,22,Casa,9,Ineficiente,Centro
522,True,14,Casa,5,Ineficiente,Centro
613,False,22,Casa,4,Moderado,Centro
731,True,20,Casa,6,Ineficiente,Norte
615,True,13,Casa,6,Ineficiente,Sur
475,True,8,Departamento,11,Ineficiente,Norte
385,False,9,Departamento,11,Ineficiente,Centro
441,False,11,Casa,2,Eficiente,Centro
453,False,12,Departamento,9,Ineficiente,Norte
410,True,5,Departamento,9,Ineficiente,Norte
438,False,9,Departamento,9,Moderado,Sur
442,False,12,Departamento,11,Ineficiente,Centro
584,True,13,Casa,5,Moderado,Norte
511,False,14,Departamento,10,Ineficiente,Norte
478,True,9,Departamento,11,Ineficiente,Centro
557,True,11,Casa,4,Moderado,Sur
583,False,16,Casa,8,Ineficiente,Centro
407,True,8,Departamento,7,Ineficiente,Norte
746,True,20,Casa,10,Ineficiente,Centro
496,True,13,Departamento,5,Ineficiente,Norte
283,False,5,Departamento,5,Eficiente,Norte
624,True,18,Casa,7,Ineficiente,Centro
636,True,17,Casa,9,Ineficiente,Centro
368,True,10,Departamento,4,Ineficiente,Centro
521,False,8,Casa,12,Ineficiente,Centro
667,False,17,Casa,9,Moderado,Sur
578,True,10,Casa,9,Ineficiente,Sur
620,True,18,Casa,8,Ineficiente,Centro
458,True,10,Departamento,8,Ineficiente,Centro
601,True,15,Casa,6,Moderado,Centro
407,False,14,Departamento,3,Moderado,Centro
539,True,13,Casa,3,Moderado,Centro
768,True,22,Casa,11,Ineficiente,Centro
531,True,12,Departamento,9,Ineficiente,Sur
638,True,14,Departamento,12,Ineficiente,Sur
639,True,17,Casa,7,Ineficiente,Centro
763,True,22,Casa,9,Ineficiente,Centro
615,False,17,Casa,4,Moderado,Norte
717,True,24,Casa,2,Moderado,Centro
333,True,6,Departamento,7,Ineficiente,Centro
622,True,19,Casa,3,Ineficiente,Centro
795,False,22,Casa,10,Ineficiente,Sur
718,True,19,Casa,6,Ineficiente,Norte
381,False,10,Departamento,6,Moderado,Centro
425,False,10,Departamento,11,Ineficiente,Centro
520,False,11,Casa,9,Ineficiente,Centro
361,True,8,Departamento,7,Ineficiente,Centro
752,True,23,Casa,4,Ineficiente,Sur
672,True,16,Casa,10,Ineficiente,Centro
478,True,12,Departamento,11,Ineficiente,Centro
361,False,9,Departamento,5,Moderado,Norte
509,True,11,Departamento,11,Ineficiente,Centro
701,True,17,Casa,5,Ineficiente,Sur
450,True,9,Casa,3,Ineficiente,Centro
272,False,4,Departamento,4,Eficiente,Sur
481,True,10,Casa,5,Ineficiente,Centro
564,True,9,Casa,8,Ineficiente,Norte
620,True,16,Casa,4,Ineficiente,Norte
284,False,5,Departamento,9,Ineficiente,Centro
545,True,9,Casa,9,Ineficiente,Centro
777,True,22,Casa,11,Ineficiente,Centro
346,True,4,Departamento,12,Ineficiente,Centro
463,False,12,Casa,3,Eficiente,Centro
653,True,18,Casa,5,Ineficiente,Centro
534,False,14,Casa,9,Ineficiente,Centro
452,False,13,Casa,2,Moderado,Centro
680,True,21,Casa,2,Moderado,Norte
500,True,8,Casa,5,Ineficiente,Norte
596,True,14,Departamento,12,Ineficiente,Norte
739,True,24,Casa,3,Moderado,Norte
387,True,12,Departamento,2,Moderado,Norte
684,True,17,Casa,9,Ineficiente,Centro
523,True,15,Casa,3,Ineficiente,Centro
641,True,15,Casa,5,Moderado,Sur
662,False,21,Casa,4,Moderado,Norte
248,False,6,Departamento,3,Moderado,Centro
628,True,13,Casa,9,Ineficiente,Centro
606,True,11,Casa,4,Moderado,Norte
365,False,7,Departamento,10,Moderado,Sur
422,False,7,Departamento,11,Ineficiente,Norte
444,False,12,Departamento,6,Moderado,Sur
595,True,8,Casa,10,Ineficiente,Sur
324,True,6,Departamento,4,Ineficiente,Centro
568,True,12,Casa,6,Ineficiente,Centro
600,True,12,Casa,11,Ineficiente,Centro
504,True,11,Casa,7,Ineficiente,Centro
820,True,24,Casa,10,Ineficiente,Centro
773,True,21,Casa,9,Ineficiente,Norte
540,False,15,Casa,3,Eficiente,Norte
331,True,9,Departamento,3,Ineficiente,Centro
612,True,15,Casa,6,Ineficiente,Centro
516,False,8,Casa,6,Moderado,Sur
480,False,11,Casa,6,Moderado,Norte
352,True,4,Departamento,5,Ineficiente,Sur
514,False,12,Casa,9,Moderado,Centro
694,True,19,Casa,12,Ineficiente,Centro
418,True,11,Departamento,6,Ineficiente,Centro
337,False,13,Departamento,2,Moderado,Centro
809,True,24,Casa,11,Ineficiente,Norte
377,True,10,Departamento,6,Ineficiente,Centro
437,True,13,Departamento,2,Moderado,Sur
368,True,10,Departamento,5,Ineficiente,Centro
667,True,24,Casa,2,Moderado,Centro
369,True,5,Departamento,7,Ineficiente,Sur
545,True,13,Casa,7,Ineficiente,Centro
557,False,18,Casa,2,Eficiente,Centro
673,True,17,Casa,9,Ineficiente,Centro
587,True,12,Casa,5,Moderado,Sur
671,True,22,Casa,3,Ineficiente,Centro
189,False,4,Departamento,2,Eficiente,Centro
467,False,8,Casa,12,Ineficiente,Centro
683,False,22,Casa,4,Moderado,Sur
830,True,24,Casa,8,Moderado,Norte
771,True,21,Casa,11,Ineficiente,Sur
398,True,4,Departamento,12,Ineficiente,Norte
602,True,13,Casa,11,Ineficiente,Centro
727,True,20,Casa,9,Ineficiente,Centro
668,False,24,Casa,6,Moderado,Centro
635,True,13,Casa,8,Ineficiente,Sur
460,False,12,Casa,3,Eficiente,Centro
409,True,14,Departamento,5,Ineficiente,Centro
323,False,7,Departamento,7,Moderado,Norte
714,True,20,Casa,6,Moderado,Norte
358,False,9,Departamento,7,Ineficiente,Centro
329,True,8,Departamento,3,Ineficiente,Centro
466,False,12,Departamento,8,Ineficiente,Norte
618,True,14,Casa,9,Ineficiente,Norte
529,True,10,Casa,12,Ineficiente,Centro
511,True,8,Casa,10,Ineficiente,Centro
270,True,4,Departamento,7,Ineficiente,Centro
376,False,9,Departamento,8,Moderado,Norte
647,False,20,Casa,2,Eficiente,Norte
807,True,21,Casa,10,Ineficiente,Sur
331,False,9,Departamento,7,Moderado,Centro
391,True,8,Departamento,5,Ineficiente,Sur
550,True,11,Departamento,11,Ineficiente,Sur
360,True,5,Departamento,10,Ineficiente,Centro
593,False,20,Casa,2,Moderado,Norte
490,True,11,Casa,3,Moderado,Sur
393,False,11,Departamento,4,Moderado,Centro
454,True,12,Casa,2,Moderado,Centro
474,True,10,Casa,3,Ineficiente,Centro
344,True,7,Departamento,3,Ineficiente,Centro
600,True,12,Casa,8,Ineficiente,Norte
387,True,7,Departamento,11,Ineficiente,Centro
689,True,22,Casa,7,Ineficiente,Centro
345,False,9,Departamento,10,Moderado,Centro
560,True,13,Casa,6,Ineficiente,Centro
662,False,17,Casa,10,Ineficiente,Centro
483,True,12,Departamento,11,Ineficiente,Centro
843,True,24,Casa,10,Ineficiente,Sur
418,True,10,Departamento,3,Ineficiente,Norte
391,True,8,Departamento,10,Ineficiente,Centro
627,True,16,Casa,4,Ineficiente,Norte
786,True,22,Casa,12,Ineficiente,Centro
624,True,19,Casa,4,Ineficiente,Centro
781,False,21,Casa,12,Ineficiente,Sur
453,True,8,Departamento,10,Ineficiente,Centro
460,True,8,Departamento,8,Ineficiente,Sur
545,False,13,Departamento,12,Ineficiente,Norte
365,False,10,Departamento,9,Moderado,Centro
768,True,20,Casa,8,Ineficiente,Norte
493,False,11,Departamento,10,Ineficiente,Sur
242,False,4,Departamento,9,Moderado,Centro
290,True,4,Departamento,5,Ineficiente,Centro
336,True,6,Departamento,3,Moderado,Sur
651,False,17,Casa,12,Ineficiente,Norte
332,True,4,Departamento,6,Ineficiente,Norte
750,True,22,Casa,3,Moderado,Sur
596,True,16,Casa,5,Ineficiente,Centro
471,False,11,Casa,3,Eficiente,Norte
379,False,12,Departamento,6,Moderado,Centro
380,True,5,Departamento,7,Ineficiente,Centro
470,False,12,Departamento,12,Ineficiente,Norte
370,True,10,Departamento,2,Ineficiente,Centro
537,True,8,Casa,9,Ineficiente,Norte
267,True,6,Departamento,3,Moderado,Centro
672,False,19,Casa,6,Moderado,Sur
828,True,23,Casa,12,Ineficiente,Sur
482,True,8,Casa,9,Ineficiente,Centro
489,True,13,Departamento,6,Ineficiente,Norte
376,True,9,Departamento,4,Moderado,Sur
773,True,24,Casa,7,Ineficiente,Centro
464,True,10,Casa,2,Moderado,Norte
309,False,9,Departamento,2,Eficiente,Sur
559,True,13,Casa,9,Ineficiente,Centro
340,False,5,Departamento,8,Ineficiente,Centro
317,True,5,Departamento,11,Ineficiente,Centro
639,True,14,Casa,11,Ineficiente,Centro
694,True,18,Casa,12,Ineficiente,Centro
433,False,11,Departamento,12,Ineficiente,Centro
460,True,14,Departamento,4,Ineficiente,Centro
591,False,15,Casa,9,Ineficiente,Centro
478,False,14,Departamento,12,Ineficiente,Centro
499,True,10,Casa,9,Ineficiente,Centro
662,True,21,Casa,2,Ineficiente,Centro
389,False,8,Departamento,11,Ineficiente,Centro
401,True,6,Departamento,8,Ineficiente,Sur
436,True,8,Casa,3,Ineficiente,Centro
349,True,10,Departamento,3,Ineficiente,Centro
584,True,18,Casa,3,Moderado,Centro
416,False,8,Casa,6,Eficiente,Centro
735,True,19,Casa,8,Ineficiente,Norte
320,True,6,Departamento,5,Ineficiente,Centro
797,True,22,Casa,12,Ineficiente,Centro
402,False,9,Casa,5,Moderado,Centro
878,True,23,Casa,10,Ineficiente,Sur
497,False,13,Departamento,11,Ineficiente,Norte
289,False,4,Departamento,10,Ineficiente,Centro
388,True,10,Departamento,8,Ineficiente,Centro
790,True,21,Casa,11,Ineficiente,Norte
530,True,14,Departamento,5,Ineficiente,Sur
615,False,16,Casa,9,Ineficiente,Centro
523,False,14,Departamento,11,Ineficiente,Centro
233,False,4,Departamento,4,Moderado,Centro
605,True,17,Casa,4,Ineficiente,Centro
373,True,8,Departamento,8,Ineficiente,Centro
574,True,9,Casa,12,Ineficiente,Norte
881,True,24,Casa,10,Ineficiente,Sur
736,True,18,Casa,12,Ineficiente,Centro
710,True,24,Casa,5,Ineficiente,Centro
629,True,17,Casa,5,Ineficiente,Centro
419,True,13,Departamento,2,Ineficiente,Centro
655,True,23,Casa,2,Moderado,Centro
440,True,13,Departamento,4,Ineficiente,Centro
494,True,10,Casa,8,Ineficiente,Centro
700,True,22,Casa,10,Ineficiente,Centro
386,True,7,Departamento,5,Ineficiente,Sur
458,False,12,Casa,3,Moderado,Centro
782,True,22,Casa,7,Ineficiente,Sur
513,False,11,Departamento,7,Ineficiente,Sur
770,True,22,Casa,10,Ineficiente,Centro
614,True,17,Casa,5,Ineficiente,Centro
651,True,16,Casa,9,Ineficiente,Centro
403,True,9,Departamento,4,Moderado,Sur
348,True,8,Departamento,3,Ineficiente,Centro
427,False,11,Departamento,10,Ineficiente,Centro
548,True,14,Departamento,7,Ineficiente,Sur
643,True,15,Casa,12,Ineficiente,Centro
727,True,23,Casa,9,Ineficiente,Centro
492,True,12,Departamento,12,Ineficiente,Centro
667,False,16,Casa,11,Moderado,Norte
614,False,17,Casa,10,Moderado,Centro
730,True,23,Casa,2,Moderado,Norte
569,True,17,Casa,2,Moderado,Centro
557,True,11,Departamento,12,Ineficiente,Sur
427,False,10,Casa,6,Moderado,Centro
753,True,18,Casa,10,Ineficiente,Sur
573,False,13,Casa,8,Moderado,Sur
454,True,14,Departamento,8,Ineficiente,Centro
667,False,22,Casa,3,Eficiente,Norte
727,True,22,Casa,4,Ineficiente,Centro
420,True,14,Departamento,5,Ineficiente,Centro
313,True,5,Departamento,3,Moderado,Norte
729,False,21,Casa,11,Ineficiente,Centro
579,False,9,Casa,10,Moderado,Norte
661,False,19,Casa,6,Moderado,Sur
698,False,21,Casa,8,Moderado,Norte
795,True,22,Casa,12,Ineficiente,Norte
820,False,24,Casa,10,Moderado,Norte
688,False,21,Casa,6,Moderado,Sur
535,True,12,Casa,7,Ineficiente,Centro
398,True,10,Departamento,5,Moderado,Sur
365,True,5,Departamento,9,Ineficiente,Centro
269,True,4,Departamento,2,Ineficiente,Centro
479,False,13,Casa,2,Eficiente,Centro
672,True,22,Casa,6,Ineficiente,Centro
490,True,11,Departamento,11,Ineficiente,Centro
557,True,13,Casa,10,Ineficiente,Centro
624,True,19,Casa,3,Moderado,Centro
850,True,22,Casa,12,Ineficiente,Sur
447,False,14,Departamento,4,Moderado,Norte
452,True,7,Departamento,9,Ineficiente,Sur
473,False,9,Casa,6,Eficiente,Norte
603,True,20,Casa,4,Ineficiente,Centro
359,False,9,Departamento,7,Ineficiente,Centro
601,True,15,Casa,7,Ineficiente,Centro
302,True,6,Departamento,6,Ineficiente,Centro
249,True,4,Departamento,6,Ineficiente,Centro
438,False,12,Departamento,7,Ineficiente,Centro
545,True,13,Casa,3,Ineficiente,Centro
688,True,19,Casa,7,Ineficiente,Centro
621,False,19,Casa,3,Eficiente,Sur
220,True,5,Departamento,4,Ineficiente,Centro
398,True,11,Departamento,3,Ineficiente,Centro
674,True,22,Casa,2,Moderado,Centro
691,True,24,Casa,2,Moderado,Centro
545,True,14,Departamento,10,Ineficiente,Centro
316,True,5,Departamento,5,Ineficiente,Centro
360,False,8,Departamento,6,Ineficiente,Norte
773,True,22,Casa,11,Ineficiente,Centro
796,True,23,Casa,8,Ineficiente,Norte
341,True,8,Departamento,3,Ineficiente,Centro
447,True,10,Departamento,12,Ineficiente,Centro
663,True,12,Casa,11,Ineficiente,Sur
674,False,21,Casa,10,Ineficiente,Centro
495,False,9,Casa,5,Moderado,Norte
585,False,10,Casa,11,Moderado,Sur
797,True,21,Casa,11,Ineficiente,Sur
342,False,12,Departamento,2,Eficiente,Centro
682,False,22,Casa,9,Ineficiente,Centro
410,True,6,Departamento,5,Ineficiente,Sur
525,True,8,Casa,8,Ineficiente,Centro
486,True,12,Departamento,4,Moderado,Sur
511,True,8,Departamento,12,Ineficiente,Norte
777,False,23,Casa,10,Moderado,Norte
696,True,20,Casa,6,Ineficiente,Centro
536,False,13,Casa,6,Moderado,Centro
496,True,8,Casa,4,Moderado,Sur
494,True,8,Departamento,12,Ineficiente,Sur
378,True,5,Departamento,10,Ineficiente,Centro
736,False,24,Casa,4,Eficiente,Norte
484,True,9,Casa,3,Ineficiente,Sur
559,False,15,Casa,12,Ineficiente,Centro
408,True,6,Departamento,10,Ineficiente,Norte
546,True,13,Casa,10,Ineficiente,Centro
514,True,9,Casa,11,Ineficiente,Centro
318,False,10,Departamento,5,Moderado,Centro
442,True,14,Departamento,5,Ineficiente,Centro
589,True,10,Casa,12,Ineficiente,Centro
488,True,7,Departamento,11,Ineficiente,Sur
674,False,21,Casa,7,Moderado,Centro
758,True,21,Casa,10,Ineficiente,Centro
503,True,13,Departamento,9,Ineficiente,Centro
394,True,10,Departamento,11,Ineficiente,Centro
437,True,8,Casa,4,Ineficiente,Centro
441,False,9,Casa,7,Moderado,Norte
614,False,17,Casa,8,Ineficiente,Centro
474,True,11,Casa,7,Moderado,Centro
441,False,11,Casa,4,Moderado,Centro
733,False,20,Casa,10,Moderado,Norte
565,True,16,Casa,5,Ineficiente,Centro
322,False,9,Departamento,3,Moderado,Centro
362,False,5,Departamento,10,Ineficiente,Norte
440,True,11,Departamento,4,Moderado,Norte
667,False,17,Casa,7,Moderado,Sur
520,True,14,Departamento,6,Ineficiente,Sur
400,True,12,Departamento,3,Ineficiente,Centro
304,False,10,Departamento,2,Moderado,Centro
327,False,6,Departamento,10,Ineficiente,Centro
443,False,14,Departamento,4,Moderado,Sur
579,True,15,Casa,8,Ineficiente,Centro
599,False,16,Casa,10,Moderado,Centro
529,True,13,Departamento,10,Ineficiente,Norte
348,True,5,Departamento,11,Ineficiente,Centro
526,True,12,Departamento,7,Ineficiente,Sur
683,True,20,Casa,9,Ineficiente,Centro
702,True,19,Casa,10,Ineficiente,Centro
650,True,16,Casa,4,Ineficiente,Norte
368,False,9,Departamento,7,Ineficiente,Centro
554,False,14,Casa,6,Moderado,Centro
695,False,23,Casa,8,Moderado,Centro
636,True,12,Casa,8,Ineficiente,Sur
639,False,17,Casa,10,Ineficiente,Norte
189,False,4,Departamento,2,Eficiente,Centro
392,True,6,Departamento,7,Ineficiente,Sur
283,False,7,Departamento,6,Moderado,Centro
619,True,18,Casa,5,Ineficiente,Centro
444,True,10,Departamento,11,Ineficiente,Centro
586,True,9,Casa,12,Ineficiente,Sur
257,False,4,Departamento,2,Moderado,Norte
621,False,17,Casa,5,Moderado,Sur
526,True,8,Casa,11,Ineficiente,Centro
513,True,10,Departamento,12,Ineficiente,Norte
323,False,7,Departamento,8,Moderado,Centro
694,False,24,Casa,5,Moderado,Centro
341,True,10,Departamento,2,Moderado,Centro
664,True,14,Casa,11,Ineficiente,Centro
735,False,24,Casa,2,Moderado,Sur
489,True,10,Casa,2,Moderado,Norte
791,True,23,Casa,12,Ineficiente,Centro
590,True,12,Casa,11,Ineficiente,Centro
426,False,8,Casa,6,Moderado,Centro
531,False,11,Casa,8,Ineficiente,Centro
396,True,7,Departamento,10,Ineficiente,Norte
657,True,16,Casa,9,Ineficiente,Centro
353,True,8,Departamento,3,Ineficiente,Centro
637,True,15,Casa,10,Ineficiente,Norte
476,True,12,Departamento,5,Ineficiente,Sur
752,True,19,Casa,11,Ineficiente,Sur
543,True,8,Casa,12,Ineficiente,Centro
704,True,22,Casa,6,Ineficiente,Centro
574,False,13,Casa,12,Ineficiente,Centro
612,True,17,Casa,6,Moderado,Centro
439,True,12,Departamento,5,Ineficiente,Centro
306,True,4,Departamento,7,Ineficiente,Centro
394,True,10,Departamento,2,Moderado,Norte
351,True,7,Departamento,3,Moderado,Norte
701,True,19,Casa,5,Ineficiente,Norte
734,True,22,Casa,5,Ineficiente,Norte
687,True,14,Casa,9,Ineficiente,Norte
547,False,11,Casa,10,Moderado,Sur
549,True,16,Casa,5,Moderado,Centro
737,True,23,Casa,7,Moderado,Norte
568,False,20,Casa,5,Moderado,Centro
534,False,11,Casa,5,Eficiente,Sur
554,True,14,Departamento,12,Ineficiente,Centro
412,False,9,Departamento,10,Ineficiente,Centro
734,True,22,Casa,5,Ineficiente,Sur
274,False,4,Departamento,7,Ineficiente,Centro
356,True,5,Departamento,10,Ineficiente,Centro
522,False,15,Casa,4,Moderado,Centro
743,False,24,Casa,8,Moderado,Centro
754,True,24,Casa,8,Ineficiente,Centro
260,False,4,Departamento,2,Moderado,Centro
520,True,11,Departamento,12,Ineficiente,Centro
429,True,9,Casa,3,Moderado,Centro
491,True,9,Casa,6,Ineficiente,Norte
651,False,17,Casa,9,Ineficiente,Norte
513,True,10,Casa,7,Ineficiente,Centro
697,True,15,Casa,8,Ineficiente,Sur
397,True,13,Departamento,4,Moderado,Centro
434,True,11,Departamento,7,Ineficiente,Centro
460,True,13,Departamento,10,Ineficiente,Centro
378,False,10,Departamento,4,Moderado,Norte
437,False,12,Departamento,7,Moderado,Norte
767,True,21,Casa,8,Ineficiente,Centro
290,True,4,Departamento,6,Ineficiente,Norte
685,True,13,Casa,11,Ineficiente,Norte
372,True,9,Departamento,9,Ineficiente,Centro
737,True,21,Casa,9,Moderado,Norte
439,True,14,Departamento,7,Ineficiente,Centro
707,True,20,Casa,8,Ineficiente,Centro
443,True,10,Casa,4,Moderado,Centro
622,False,20,Casa,8,Moderado,Centro
463,False,9,Casa,8,Moderado,Centro
432,True,12,Departamento,5,Ineficiente,Centro
466,False,13,Departamento,11,Ineficiente,Centro
630,True,15,Casa,5,Ineficiente,Sur
747,False,23,Casa,4,Moderado,Norte
555,False,10,Casa,11,Moderado,Norte
736,False,20,Casa,8,Moderado,Sur
518,True,11,Casa,6,Ineficiente,Centro
327,True,9,Departamento,4,Moderado,Centro
738,True,22,Casa,7,Ineficiente,Centro
784,True,24,Casa,7,Ineficiente,Norte
632,True,17,Casa,7,Ineficiente,Centro
432,True,8,Casa,3,Moderado,Centro
529,False,13,Casa,12,Moderado,Centro
452,True,12,Departamento,11,Ineficiente,Centro
615,True,14,Casa,8,Ineficiente,Centro
684,True,20,Casa,8,Ineficiente,Centro
761,True,20,Casa,11,Ineficiente,Norte
741,True,24,Casa,5,Ineficiente,Centro
523,True,8,Casa,12,Ineficiente,Centro
365,True,7,Departamento,7,Ineficiente,Centro
419,True,12,Departamento,5,Moderado,Centro
727,True,21,Casa,5,Ineficiente,Norte
455,True,8,Casa,7,Ineficiente,Centro
738,False,23,Casa,10,Ineficiente,Centro
714,True,17,Casa,8,Ineficiente,Norte
319,False,11,Departamento,3,Moderado,Centro
431,True,10,Departamento,7,Ineficiente,Centro
603,True,16,Casa,6,Ineficiente,Centro
725,True,21,Casa,7,Ineficiente,Centro
554,True,11,Casa,9,Ineficiente,Centro
546,True,13,Departamento,9,Ineficiente,Sur
453,True,14,Departamento,4,Ineficiente,Centro
635,True,10,Casa,10,Ineficiente,Sur
646,True,14,Casa,7,Ineficiente,Sur
463,False,12,Departamento,8,Moderado,Norte
490,False,10,Casa,10,Ineficiente,Centro
542,True,9,Casa,8,Ineficiente,Centro
849,True,22,Casa,11,Ineficiente,Sur
518,True,14,Departamento,10,Ineficiente,Centro
721,True,22,Casa,2,Moderado,Sur
680,False,24,Casa,2,Moderado,Centro
249,True,4,Departamento,4,Ineficiente,Centro
756,True,22,Casa,10,Ineficiente,Norte
652,True,19,Casa,2,Moderado,Norte
523,False,15,Casa,2,Moderado,Centro
558,True,9,Casa,6,Ineficiente,Norte
418,True,6,Departamento,9,Ineficiente,Sur
493,False,12,Casa,3,Moderado,Norte
461,True,8,Casa,5,Ineficiente,Centro
520,True,11,Casa,7,Ineficiente,Centro
352,False,12,Departamento,2,Moderado,Centro
436,True,13,Departamento,5,Ineficiente,Centro
609,False,18,Casa,5,Moderado,Centro
783,True,20,Casa,10,Ineficiente,Norte
541,True,12,Departamento,10,Ineficiente,Norte
530,False,14,Casa,7,Ineficiente,Centro
373,True,4,Departamento,9,Ineficiente,Centro
388,False,8,Departamento,11,Ineficiente,Centro
382,False,12,Departamento,5,Moderado,Centro
609,True,14,Casa,11,Ineficiente,Centro
719,False,23,Casa,9,Moderado,Centro
298,False,6,Departamento,4,Moderado,Norte
423,True,9,Casa,3,Moderado,Centro
795,True,23,Casa,7,Ineficiente,Sur
362,True,5,Departamento,6,Ineficiente,Sur
344,True,5,Departamento,9,Ineficiente,Centro
404,True,10,Casa,2,Moderado,Centro
643,True,11,Casa,12,Ineficiente,Sur
709,True,19,Casa,11,Ineficiente,Centro
322,True,5,Departamento,4,Ineficiente,Norte
522,True,12,Departamento,8,Ineficiente,Norte
662,True,13,Casa,11,Ineficiente,Centro
687,True,17,Casa,5,Moderado,Sur
291,False,5,Departamento,11,Ineficiente,Centro
582,True,13,Casa,6,Ineficiente,Norte
641,True,13,Casa,9,Ineficiente,Norte
379,True,11,Departamento,2,Ineficiente,Centro
551,True,11,Casa,2,Moderado,Sur
364,True,7,Departamento,8,Ineficiente,Centro
580,False,15,Casa,10,Ineficiente,Centro
640,True,14,Casa,5,Moderado,Norte
377,False,6,Departamento,9,Moderado,Sur
711,True,20,Casa,11,Ineficiente,Centro
367,True,5,Departamento,8,Ineficiente,Centro
360,False,9,Casa,3,Moderado,Centro
490,False,17,Casa,6,Moderado,Centro
784,True,20,Casa,10,Ineficiente,Norte
666,False,18,Casa,10,Moderado,Centro
703,True,20,Casa,4,Ineficiente,Norte
527,False,12,Casa,12,Ineficiente,Centro
471,True,10,Casa,4,Ineficiente,Centro
589,False,20,Casa,3,Eficiente,Centro
443,True,12,Departamento,8,Ineficiente,Centro
372,True,6,Departamento,7,Ineficiente,Centro
311,False,7,Departamento,6,Moderado,Norte
582,True,13,Casa,8,Ineficiente,Centro
622,True,16,Casa,5,Ineficiente,Centro
334,True,6,Departamento,6,Ineficiente,Centro
681,False,15,Casa,10,Ineficiente,Sur
718,False,20,Casa,12,Ineficiente,Centro
488,False,11,Departamento,10,Ineficiente,Sur
331,False,9,Departamento,5,Moderado,Centro
564,True,10,Casa,7,Ineficiente,Norte
505,True,13,Casa,3,Moderado,Centro
286,True,7,Departamento,4,Moderado,Centro
784,True,22,Casa,10,Ineficiente,Centro
460,True,9,Departamento,7,Ineficiente,Norte
409,True,5,Departamento,9,Ineficiente,Sur
423,True,6,Departamento,12,Ineficiente,Norte
581,False,16,Casa,6,Moderado,Sur
577,True,13,Casa,3,Ineficiente,Sur
414,False,14,Departamento,8,Moderado,Centro
272,False,7,Departamento,7,Moderado,Centro
369,False,7,Departamento,12,Ineficiente,Centro
420,False,8,Casa,3,Eficiente,Sur
751,True,23,Casa,7,Ineficiente,Centro
429,True,10,Departamento,9,Ineficiente,Centro
324,False,12,Departamento,2,Eficiente,Centro
366,True,8,Departamento,5,Ineficiente,Sur
174,False,4,Departamento,2,Eficiente,Centro
440,True,10,Casa,3,Moderado,Centro
300,True,9,Departamento,2,Moderado,Centro
442,True,9,Departamento,7,Ineficiente,Sur
747,False,24,Casa,12,Ineficiente,Centro
453,False,13,Departamento,7,Moderado,Norte
374,False,8,Casa,2,Eficiente,Centro
551,False,14,Casa,5,Moderado,Sur
377,True,9,Departamento,5,Ineficiente,Centro
630,True,14,Casa,9,Ineficiente,Sur
620,False,18,Casa,7,Moderado,Norte
656,True,21,Casa,3,Ineficiente,Centro
694,True,20,Casa,6,Ineficiente,Centro
674,True,16,Casa,5,Moderado,Sur
745,True,16,Casa,11,Ineficiente,Norte
462,False,14,Departamento,5,Moderado,Sur
691,True,19,Casa,9,Ineficiente,Centro
592,False,17,Casa,6,Moderado,Norte
450,False,13,Casa,4,Moderado,Centro
426,True,8,Departamento,11,Ineficiente,Centro
573,True,16,Casa,5,Moderado,Centro
401,True,9,Departamento,2,Ineficiente,Norte
349,False,9,Departamento,7,Moderado,Norte
469,True,6,Departamento,12,Ineficiente,Sur
823,True,24,Casa,11,Ineficiente,Norte
247,False,6,Departamento,5,Moderado,Centro
612,True,15,Casa,7,Ineficiente,Centro
317,False,11,Departamento,3,Eficiente,Centro
339,False,10,Departamento,6,Moderado,Centro
674,True,17,Casa,12,Ineficiente,Centro
697,True,16,Casa,10,Ineficiente,Centro
481,True,8,Casa,9,Ineficiente,Centro
441,False,14,Departamento,4,Moderado,Norte
438,False,10,Casa,2,Eficiente,Norte
688,True,17,Casa,11,Ineficiente,Centro
619,True,19,Casa,4,Ineficiente,Centro
346,False,8,Departamento,9,Ineficiente,Centro
424,True,7,Departamento,12,Ineficiente,Centro
360,False,13,Departamento,4,Moderado,Centro
392,True,6,Departamento,6,Ineficiente,Norte
598,True,16,Casa,3,Ineficiente,Centro
545,False,17,Casa,2,Moderado,Centro
488,True,11,Departamento,12,Ineficiente,Centro
572,True,15,Casa,11,Ineficiente,Centro
799,True,24,Casa,6,Ineficiente,Norte
739,True,24,Casa,6,Ineficiente,Centro
535,False,11,Casa,7,Moderado,Sur
575,True,19,Casa,3,Moderado,Centro
376,False,8,Departamento,10,Ineficiente,Centro
547,False,16,Casa,3,Moderado,Sur
616,False,21,Casa,3,Moderado,Centro
672,False,21,Casa,6,Ineficiente,Centro
527,True,13,Departamento,10,Ineficiente,Norte
452,False,9,Casa,5,Moderado,Centro
502,True,14,Departamento,7,Ineficiente,Norte
436,True,10,Departamento,3,Ineficiente,Sur
524,True,14,Casa,5,Ineficiente,Centro
452,True,9,Departamento,10,Ineficiente,Centro
364,True,9,Departamento,3,Ineficiente,Centro
270,True,5,Departamento,2,Ineficiente,Centro
303,True,6,Departamento,5,Ineficiente,Centro
599,True,15,Casa,5,Ineficiente,Sur
589,True,15,Casa,2,Moderado,Sur
611,False,18,Casa,5,Moderado,Centro
752,True,22,Casa,4,Ineficiente,Sur
304,True,9,Departamento,3,Moderado,Centro
690,True,19,Casa,11,Ineficiente,Centro
344,True,6,Departamento,5,Ineficiente,Centro
499,True,13,Departamento,9,Ineficiente,Centro
412,True,9,Departamento,8,Ineficiente,Norte
346,True,7,Departamento,10,Ineficiente,Centro
715,True,21,Casa,9,Ineficiente,Centro
492,True,15,Casa,2,Moderado,Centro
394,False,9,Casa,3,Eficiente,Centro
600,True,11,Casa,3,Moderado,Sur
502,False,13,Casa,9,Moderado,Centro
435,False,10,Casa,5,Moderado,Centro
553,True,12,Departamento,10,Ineficiente,Norte
618,False,18,Casa,3,Moderado,Norte
562,False,17,Casa,5,Moderado,Centro
192,False,4,Departamento,2,Eficiente,Centro
642,True,21,Casa,4,Moderado,Centro
650,True,16,Casa,7,Ineficiente,Norte
469,True,11,Departamento,10,Ineficiente,Centro
460,True,8,Departamento,12,Ineficiente,Centro
180,False,4,Departamento,2,Eficiente,Centro
613,False,17,Casa,6,Moderado,Norte
323,True,7,Departamento,3,Moderado,Norte
381,False,10,Departamento,8,Moderado,Centro
553,False,13,Casa,5,Moderado,Norte
526,True,13,Departamento,6,Ineficiente,Sur
385,True,9,Departamento,9,Ineficiente,Centro
702,True,21,Casa,3,Ineficiente,Norte
631,False,20,Casa,4,Moderado,Norte
359,False,5,Departamento,12,Ineficiente,Centro
468,True,12,Departamento,6,Ineficiente,Norte
813,True,23,Casa,11,Ineficiente,Sur
304,False,5,Departamento,5,Moderado,Sur
679,False,22,Casa,6,Moderado,Centro
443,True,8,Casa,4,Ineficiente,Centro
554,True,9,Casa,10,Ineficiente,Norte
355,False,9,Departamento,9,Ineficiente,Centro
384,True,10,Departamento,7,Ineficiente,Centro
637,True,21,Casa,2,Moderado,Centro
526,False,16,Casa,5,Moderado,Centro
635,True,15,Casa,8,Ineficiente,Centro
281,False,4,Departamento,11,Ineficiente,Centro
386,True,7,Departamento,6,Ineficiente,Norte
440,True,13,Departamento,5,Ineficiente,Centro
360,True,4,Departamento,10,Ineficiente,Centro
412,True,4,Departamento,9,Ineficiente,Sur
782,True,24,Casa,4,Ineficiente,Norte
706,False,23,Casa,7,Moderado,Centro
674,True,22,Casa,5,Moderado,Centro
389,False,10,Departamento,8,Moderado,Norte
255,True,6,Departamento,2,Moderado,Centro
485,True,11,Casa,2,Moderado,Centro
524,True,13,Departamento,7,Ineficiente,Sur
717,False,18,Casa,11,Ineficiente,Norte
612,True,11,Casa,12,Ineficiente,Centro
330,True,6,Departamento,8,Ineficiente,Centro
460,False,10,Departamento,10,Ineficiente,Sur
312,True,4,Departamento,8,Ineficiente,Centro
578,True,9,Casa,10,Ineficiente,Sur
711,True,16,Casa,11,Ineficiente,Sur
492,True,11,Departamento,10,Ineficiente,Centro
828,True,23,Casa,9,Ineficiente,Sur
770,False,23,Casa,8,Moderado,Sur
361,False,13,Departamento,4,Moderado,Centro
648,False,16,Casa,12,Ineficiente,Centro
419,True,14,Departamento,4,Ineficiente,Centro
345,False,5,Departamento,12,Ineficiente,Centro
675,True,17,Casa,6,Ineficiente,Norte
510,True,10,Casa,8,Ineficiente,Centro
482,True,11,Departamento,11,Ineficiente,Centro
452,False,14,Departamento,8,Moderado,Centro
280,True,4,Departamento,2,Moderado,Norte
385,True,4,Departamento,9,Ineficiente,Sur
233,False,6,Departamento,2,Moderado,Centro
440,True,6,Departamento,12,Ineficiente,Norte
702,True,22,Casa,5,Ineficiente,Centro
613,True,20,Casa,3,Moderado,Centro
580,False,14,Casa,6,Moderado,Sur
645,True,15,Casa,7,Moderado,Norte
613,True,17,Casa,5,Moderado,Centro
775,False,24,Casa,5,Moderado,Sur
406,True,5,Departamento,8,Ineficiente,Sur
727,True,20,Casa,12,Ineficiente,Centro
615,False,20,Casa,5,Moderado,Centro
727,True,23,Casa,3,Ineficiente,Norte
592,True,16,Casa,5,Ineficiente,Centro
646,True,17,Casa,8,Ineficiente,Centro
558,True,13,Casa,2,Moderado,Norte
540,False,12,Casa,5,Moderado,Sur
407,True,6,Departamento,7,Ineficiente,Norte
439,True,10,Departamento,9,Ineficiente,Centro
391,False,8,Departamento,9,Moderado,Sur
401,True,6,Departamento,10,Ineficiente,Norte
662,True,15,Casa,6,Ineficiente,Sur
290,True,5,Departamento,3,Moderado,Sur
339,True,10,Departamento,4,Moderado,Centro
591,True,15,Casa,3,Moderado,Norte
450,True,9,Departamento,10,Ineficiente,Centro
631,True,15,Casa,7,Ineficiente,Centro
418,False,10,Departamento,12,Ineficiente,Centro
312,False,9,Departamento,2,Eficiente,Centro
516,True,9,Casa,4,Moderado,Sur
494,True,14,Departamento,8,Ineficiente,Norte
384,True,8,Departamento,8,Ineficiente,Centro
349,True,6,Departamento,6,Ineficiente,Norte
648,False,21,Casa,4,Moderado,Centro
453,False,11,Departamento,8,Moderado,Sur
645,True,20,Casa,6,Ineficiente,Centro
763,True,24,Casa,7,Ineficiente,Norte
688,True,22,Casa,4,Ineficiente,Centro
240,True,4,Departamento,7,Moderado,Centro
309,False,7,Departamento,8,Moderado,Centro
339,False,7,Departamento,9,Ineficiente,Centro
388,True,13,Departamento,3,Moderado,Centro
725,True,20,Casa,3,Moderado,Sur
580,True,9,Casa,7,Moderado,Sur
480,False,11,Casa,9,Moderado,Centro
684,False,20,Casa,6,Moderado,Sur
707,True,23,Casa,2,Moderado,Centro
577,False,13,Casa,12,Ineficiente,Centro
544,True,15,Casa,2,Moderado,Norte
787,True,23,Casa,11,Ineficiente,Centro
658,False,20,Casa,10,Moderado,Centro
570,True,11,Casa,5,Ineficiente,Norte
445,False,11,Departamento,11,Ineficiente,Centro
359,True,11,Departamento,2,Moderado,Centro
400,True,6,Departamento,12,Ineficiente,Centro
590,True,15,Casa,9,Ineficiente,Centro
718,True,22,Casa,3,Ineficiente,Sur
493,True,13,Departamento,3,Ineficiente,Norte
702,True,24,Casa,2,Moderado,Centro
454,True,9,Casa,2,Moderado,Centro
604,True,13,Casa,10,Ineficiente,Centro
472,False,12,Casa,2,Moderado,Centro
751,True,24,Casa,7,Ineficiente,Norte
513,False,9,Casa,8,Moderado,Sur
462,True,12,Departamento,5,Ineficiente,Centro
706,True,17,Casa,6,Ineficiente,Sur
572,True,13,Casa,5,Ineficiente,Centro
402,True,11,Departamento,5,Ineficiente,Centro
855,True,24,Casa,11,Ineficiente,Sur
603,True,20,Casa,2,Moderado,Centro
327,True,7,Departamento,7,Ineficiente,Centro
658,False,17,Casa,11,Ineficiente,Centro
611,True,9,Casa,11,Ineficiente,Sur
456,False,9,Casa,8,Moderado,Centro
605,True,14,Casa,8,Ineficiente,Centro
585,False,13,Casa,9,Moderado,Norte
505,True,10,Departamento,8,Ineficiente,Sur
689,False,19,Casa,7,Moderado,Norte
686,True,20,Casa,9,Ineficiente,Centro
641,True,19,Casa,4,Ineficiente,Centro
611,True,16,Casa,10,Ineficiente,Centro
430,True,13,Departamento,4,Ineficiente,Centro
747,False,24,Casa,5,Moderado,Norte
569,False,15,Casa,11,Moderado,Centro
525,False,14,Casa,7,Moderado,Centro
701,True,16,Casa,9,Ineficiente,Sur
599,False,17,Casa,4,Moderado,Norte
456,True,7,Departamento,11,Ineficiente,Sur
695,True,22,Casa,7,Ineficiente,Centro
726,False,22,Casa,6,Eficiente,Sur
473,True,11,Casa,6,Ineficiente,Centro
445,True,13,Departamento,6,Ineficiente,Centro
557,True,8,Casa,10,Ineficiente,Sur
369,True,4,Departamento,8,Ineficiente,Sur
341,True,5,Departamento,10,Ineficiente,Centro
299,True,4,Departamento,10,Ineficiente,Centro
706,False,24,Casa,7,Moderado,Centro
559,False,14,Casa,7,Moderado,Centro
443,False,14,Departamento,5,Ineficiente,Centro
421,True,6,Departamento,9,Ineficiente,Centro
400,False,9,Departamento,3,Moderado,Sur
660,False,21,Casa,6,Moderado,Norte
456,True,11,Casa,2,Moderado,Centro
632,True,12,Casa,11,Ineficiente,Norte
250,True,4,Departamento,3,Ineficiente,Centro
454,True,8,Casa,2,Moderado,Norte
623,True,13,Casa,7,Ineficiente,Centro
333,True,10,Departamento,3,Moderado,Centro
509,True,9,Casa,5,Ineficiente,Sur
438,True,10,Departamento,6,Ineficiente,Centro
613,True,16,Casa,8,Ineficiente,Centro
737,False,22,Casa,11,Ineficiente,Centro
669,False,20,Casa,2,Eficiente,Sur
517,True,12,Departamento,12,Ineficiente,Centro
537,True,12,Casa,6,Ineficiente,Centro
490,True,9,Casa,5,Ineficiente,Centro
386,True,6,Departamento,8,Ineficiente,Sur
710,True,17,Casa,11,Ineficiente,Norte
669,False,20,Casa,8,Moderado,Centro
703,True,19,Casa,9,Ineficiente,Sur
457,False,9,Casa,5,Moderado,Centro
419,False,14,Departamento,5,Moderado,Centro
758,True,21,Casa,11,Ineficiente,Centro
582,True,17,Casa,6,Ineficiente,Centro
554,True,15,Casa,6,Moderado,Centro
477,True,11,Departamento,12,Ineficiente,Centro
673,True,20,Casa,4,Ineficiente,Centro
490,False,15,Casa,6,Moderado,Centro
729,False,21,Casa,6,Moderado,Sur
482,False,8,Casa,9,Moderado,Norte
695,True,20,Casa,8,Ineficiente,Centro
629,True,15,Casa,9,Ineficiente,Centro
421,True,11,Departamento,6,Ineficiente,Centro
731,True,20,Casa,12,Ineficiente,Centro
286,True,5,Departamento,3,Ineficiente,Centro
453,True,11,Departamento,9,Ineficiente,Sur
569,True,12,Casa,10,Ineficiente,Centro
533,False,13,Casa,3,Eficiente,Sur
545,False,15,Casa,2,Eficiente,Sur
367,True,8,Departamento,7,Ineficiente,Norte
644,False,21,Casa,4,Moderado,Centro
693,True,22,Casa,2,Moderado,Sur
693,True,17,Casa,7,Ineficiente,Sur
323,False,4,Departamento,9,Ineficiente,Norte
413,True,6,Departamento,10,Ineficiente,Norte
605,False,14,Casa,7,Ineficiente,Norte
458,False,12,Departamento,7,Ineficiente,Sur
634,False,20,Casa,2,Eficiente,Norte
666,False,22,Casa,6,Moderado,Centro
376,True,6,Departamento,4,Ineficiente,Sur
649,True,13,Casa,8,Ineficiente,Norte
692,True,18,Casa,10,Ineficiente,Centro
678,True,15,Casa,12,Ineficiente,Centro
415,True,5,Departamento,7,Ineficiente,Sur
349,False,8,Departamento,6,Ineficiente,Centro
447,True,12,Departamento,8,Ineficiente,Centro
395,False,7,Departamento,12,Ineficiente,Centro
542,False,12,Casa,10,Ineficiente,Centro
564,True,10,Casa,6,Ineficiente,Norte
727,True,22,Casa,6,Ineficiente,Centro
761,True,21,Casa,11,Ineficiente,Centro
771,True,22,Casa,5,Ineficiente,Sur
463,True,10,Departamento,6,Ineficiente,Sur
510,True,9,Casa,8,Ineficiente,Centro
586,False,19,Casa,4,Moderado,Centro
712,True,23,Casa,5,Ineficiente,Centro
622,False,11,Casa,10,Ineficiente,Sur
255,False,6,Departamento,3,Eficiente,Centro
716,True,21,Casa,9,Ineficiente,Centro
682,True,18,Casa,10,Ineficiente,Centro
432,False,13,Departamento,6,Ineficiente,Centro
529,False,14,Casa,8,Moderado,Centro
597,True,17,Casa,7,Ineficiente,Centro
417,True,8,Casa,2,Moderado,Norte
507,True,11,Casa,9,Ineficiente,Centro
394,True,9,Departamento,10,Ineficiente,Centro
521,True,13,Departamento,11,Ineficiente,Norte
603,True,10,Casa,12,Ineficiente,Centro
194,False,4,Departamento,2,Moderado,Centro
613,True,15,Casa,9,Ineficiente,Centro
670,True,23,Casa,4,Ineficiente,Centro
559,True,13,Casa,7,Ineficiente,Centro
666,False,21,Casa,11,Ineficiente,Centro
523,True,10,Casa,9,Ineficiente,Centro
353,False,5,Departamento,6,Moderado,Norte
401,True,4,Departamento,9,Ineficiente,Sur
677,True,19,Casa,8,Ineficiente,Centro
736,True,21,Casa,8,Ineficiente,Centro
610,False,16,Casa,8,Moderado,Norte
596,True,14,Casa,10,Ineficiente,Centro
749,True,21,Casa,7,Ineficiente,Centro
471,False,12,Casa,7,Moderado,Centro
307,False,4,Departamento,12,Ineficiente,Centro
664,True,14,Casa,10,Ineficiente,Norte
548,False,16,Casa,7,Moderado,Centro
615,True,11,Casa,8,Ineficiente,Sur
825,True,24,Casa,8,Ineficiente,Sur
679,True,19,Casa,3,Moderado,Norte
357,True,5,Departamento,9,Ineficiente,Centro
652,True,15,Casa,12,Ineficiente,Centro
455,True,8,Departamento,7,Ineficiente,Norte
468,True,10,Casa,5,Ineficiente,Centro
624,True,9,Casa,12,Ineficiente,Norte
658,True,16,Casa,8,Ineficiente,Centro
477,True,10,Departamento,9,Ineficiente,Centro
511,True,11,Casa,2,Moderado,Norte
495,True,11,Departamento,11,Ineficiente,Norte
749,False,21,Casa,5,Moderado,Sur
452,True,12,Departamento,5,Ineficiente,Norte
518,True,9,Casa,11,Ineficiente,Centro
350,True,5,Departamento,10,Ineficiente,Centro
601,False,19,Casa,7,Moderado,Centro
362,True,8,Departamento,5,Ineficiente,Centro
491,True,11,Casa,2,Moderado,Norte
705,True,20,Casa,9,Ineficiente,Centro
570,False,9,Casa,12,Ineficiente,Norte
370,True,5,Departamento,10,Ineficiente,Centro
605,True,16,Casa,6,Ineficiente,Centro
293,True,4,Departamento,6,Ineficiente,Centro
831,True,23,Casa,11,Ineficiente,Norte
648,True,17,Casa,9,Ineficiente,Centro
541,False,13,Casa,9,Moderado,Centro
379,True,5,Departamento,6,Ineficiente,Sur
345,True,8,Departamento,5,Ineficiente,Centro
365,True,7,Departamento,7,Ineficiente,Centro
644,True,16,Casa,11,Ineficiente,Centro
405,True,8,Departamento,6,Ineficiente,Sur
456,True,9,Departamento,9,Ineficiente,Sur
503,False,11,Casa,10,Moderado,Centro
291,True,5,Departamento,2,Moderado,Centro
355,True,4,Departamento,10,Ineficiente,Centro
301,False,6,Departamento,10,Ineficiente,Centro
437,True,11,Departamento,7,Ineficiente,Centro
586,False,14,Casa,12,Ineficiente,Centro
615,True,12,Casa,11,Ineficiente,Norte
341,True,9,Departamento,6,Ineficiente,Centro
749,True,18,Casa,8,Ineficiente,Sur
434,True,10,Departamento,12,Ineficiente,Centro
341,True,5,Departamento,9,Ineficiente,Centro
448,False,14,Departamento,10,Ineficiente,Centro
389,False,5,Departamento,10,Ineficiente,Sur
590,True,9,Casa,11,Ineficiente,Sur
484,False,8,Casa,12,Ineficiente,Centro
614,True,18,Casa,4,Ineficiente,Centro
591,False,12,Casa,9,Ineficiente,Sur
683,True,23,Casa,2,Moderado,Centro
438,False,8,Casa,8,Moderado,Centro
438,True,13,Departamento,6,Ineficiente,Centro
294,False,11,Departamento,3,Eficiente,Centro
370,False,9,Casa,3,Moderado,Centro
646,True,12,Casa,9,Ineficiente,Sur
443,True,13,Departamento,6,Ineficiente,Centro
471,False,8,Casa,12,Ineficiente,Centro
653,True,22,Casa,4,Moderado,Centro
514,True,16,Casa,2,Moderado,Centro
587,True,12,Casa,12,Ineficiente,Centro
718,False,20,Casa,8,Moderado,Norte
383,True,6,Departamento,12,Ineficiente,Centro
681,True,21,Casa,4,Ineficiente,Centro
622,False,19,Casa,8,Moderado,Centro
620,True,18,Casa,3,Moderado,Centro
608,True,14,Casa,5,Ineficiente,Sur
240,True,5,Departamento,3,Moderado,Centro
427,False,13,Departamento,5,Moderado,Norte
392,True,5,Departamento,6,Ineficiente,Norte
721,True,18,Casa,9,Ineficiente,Centro
346,False,11,Departamento,3,Eficiente,Centro
345,True,4,Departamento,11,Ineficiente,Centro
335,False,10,Departamento,4,Moderado,Centro
838,True,23,Casa,11,Ineficiente,Norte
613,False,19,Casa,6,Moderado,Centro
670,True,15,Casa,12,Ineficiente,Centro
409,False,8,Departamento,10,Ineficiente,Norte
571,True,9,Casa,11,Ineficiente,Norte
633,True,13,Casa,12,Ineficiente,Norte
380,False,10,Departamento,6,Moderado,Norte
464,True,10,Departamento,10,Ineficiente,Centro
433,False,13,Departamento,5,Moderado,Norte
546,True,9,Casa,11,Ineficiente,Centro
483,True,13,Departamento,6,Ineficiente,Norte
515,False,9,Casa,10,Moderado,Sur
503,True,8,Casa,5,Ineficiente,Sur
408,False,9,Casa,6,Moderado,Centro
577,True,16,Casa,6,Ineficiente,Centro
623,True,16,Casa,5,Ineficiente,Centro
257,False,6,Departamento,5,Moderado,Centro
734,True,18,Casa,12,Ineficiente,Norte
455,True,11,Departamento,6,Ineficiente,Centro
646,False,19,Casa,7,Moderado,Centro
571,True,10,Casa,8,Ineficiente,Sur
721,True,19,Casa,7,Ineficiente,Norte
422,False,8,Casa,2,Eficiente,Sur
506,False,16,Casa,3,Moderado,Centro
626,True,13,Casa,8,Ineficiente,Norte
608,True,18,Casa,4,Moderado,Centro
553,False,10,Casa,11,Ineficiente,Norte
612,True,11,Casa,12,Ineficiente,Centro
293,True,5,Departamento,3,Ineficiente,Centro
504,False,13,Casa,7,Moderado,Centro
481,True,10,Departamento,12,Ineficiente,Centro
398,True,9,Departamento,5,Ineficiente,Sur
475,False,10,Departamento,12,Ineficiente,Norte
307,False,4,Departamento,6,Moderado,Sur
725,False,24,Casa,7,Moderado,Centro
365,True,10,Departamento,4,Ineficiente,Centro
347,True,7,Departamento,2,Ineficiente,Centro
625,False,20,Casa,4,Moderado,Norte
557,True,10,Casa,4,Ineficiente,Sur
420,False,9,Casa,7,Moderado,Centro
397,True,10,Departamento,5,Ineficiente,Centro
408,False,11,Departamento,8,Ineficiente,Centro
804,True,23,Casa,12,Ineficiente,Centro
628,True,20,Casa,3,Moderado,Centro
650,True,19,Casa,5,Ineficiente,Centro
696,False,19,Casa,9,Moderado,Norte
477,True,8,Departamento,12,Ineficiente,Centro
637,True,15,Casa,7,Ineficiente,Sur
835,True,24,Casa,11,Ineficiente,Norte
592,True,14,Casa,4,Ineficiente,Norte
441,False,12,Departamento,11,Ineficiente,Centro
710,True,24,Casa,3,Moderado,Centro
345,True,7,Departamento,4,Ineficiente,Centro
436,True,11,Casa,2,Moderado,Norte
461,False,14,Casa,2,Moderado,Centro
484,False,14,Casa,3,Moderado,Norte
533,True,15,Casa,4,Moderado,Centro
695,True,15,Casa,10,Ineficiente,Centro
429,True,9,Departamento,9,Ineficiente,Centro
375,False,6,Departamento,12,Ineficiente,Centro
508,True,9,Departamento,12,Ineficiente,Sur
608,False,15,Casa,10,Ineficiente,Centro
490,True,13,Departamento,8,Ineficiente,Sur
501,False,10,Casa,8,Ineficiente,Centro
710,True,23,Casa,6,Ineficiente,Centro
718,False,22,Casa,8,Moderado,Norte
555,True,11,Casa,5,Moderado,Norte
332,True,6,Departamento,6,Ineficiente,Centro
532,False,17,Casa,2,Eficiente,Centro
738,True,18,Casa,12,Ineficiente,Sur
333,True,7,Departamento,5,Ineficiente,Centro
596,False,18,Casa,4,Moderado,Centro
627,True,20,Casa,3,Ineficiente,Centro
709,True,22,Casa,3,Ineficiente,Centro
303,True,4,Departamento,9,Ineficiente,Centro
295,True,7,Departamento,2,Moderado,Centro
742,False,22,Casa,9,Moderado,Centro
711,True,18,Casa,10,Ineficiente,Norte
577,True,9,Casa,7,Ineficiente,Sur
330,True,4,Departamento,2,Moderado,Norte
763,True,19,Casa,11,Ineficiente,Norte
756,False,23,Casa,8,Ineficiente,Sur
414,False,9,Casa,6,Moderado,Centro
829,True,24,Casa,10,Ineficiente,Centro
750,True,21,Casa,8,Ineficiente,Centro
280,False,4,Departamento,6,Moderado,Centro
496,True,12,Casa,3,Ineficiente,Centro
636,True,17,Casa,5,Moderado,Centro
377,True,11,Departamento,3,Ineficiente,Centro
404,True,9,Departamento,10,Ineficiente,Centro
678,False,23,Casa,3,Moderado,Centro
669,True,16,Casa,3,Moderado,Sur
448,False,11,Casa,3,Eficiente,Norte
323,True,10,Departamento,2,Moderado,Centro
689,True,18,Casa,10,Ineficiente,Centro
399,False,6,Departamento,9,Ineficiente,Sur
309,False,9,Departamento,3,Moderado,Norte
601,False,20,Casa,3,Eficiente,Centro
560,True,11,Casa,6,Ineficiente,Sur
655,False,21,Casa,5,Moderado,Centro
627,True,17,Casa,3,Moderado,Sur
718,True,17,Casa,9,Ineficiente,Norte
321,True,4,Departamento,9,Ineficiente,Centro
331,True,5,Departamento,5,Ineficiente,Sur
423,False,9,Casa,5,Moderado,Centro
405,False,13,Departamento,10,Ineficiente,Centro
547,True,12,Casa,5,Ineficiente,Norte
715,True,15,Casa,11,Ineficiente,Sur
677,False,21,Casa,12,Ineficiente,Centro
474,True,13,Departamento,10,Ineficiente,Norte
332,True,11,Departamento,4,Ineficiente,Centro
412,True,11,Departamento,3,Ineficiente,Centro
607,True,10,Casa,12,Ineficiente,Norte
672,False,21,Casa,9,Ineficiente,Centro
788,True,24,Casa,4,Moderado,Norte
612,True,19,Casa,3,Ineficiente,Centro
394,False,8,Departamento,12,Ineficiente,Centro
397,True,8,Departamento,9,Ineficiente,Centro
382,False,7,Departamento,9,Moderado,Sur
672,True,16,Casa,6,Ineficiente,Sur
501,False,9,Casa,10,Ineficiente,Centro
748,True,18,Casa,12,Ineficiente,Norte
749,True,24,Casa,7,Ineficiente,Centro
470,True,9,Casa,6,Ineficiente,Centro
243,True,6,Departamento,4,Moderado,Centro
275,False,4,Departamento,8,Ineficiente,Centro
550,True,12,Casa,10,Ineficiente,Centro
794,True,23,Casa,5,Ineficiente,Sur
822,True,22,Casa,12,Ineficiente,Norte
568,False,15,Casa,8,Moderado,Centro
331,False,7,Departamento,4,Moderado,Norte
569,True,8,Casa,12,Ineficiente,Sur
762,True,24,Casa,3,Ineficiente,Norte
831,True,22,Casa,12,Ineficiente,Norte
236,True,4,Departamento,2,Ineficiente,Centro
683,True,21,Casa,7,Ineficiente,Centro
637,True,17,Casa,6,Ineficiente,Centro
415,False,9,Casa,3,Eficiente,Centro
294,False,8,Departamento,4,Moderado,Centro
368,True,5,Departamento,10,Ineficiente,Norte
495,True,12,Casa,4,Moderado,Centro
380,False,7,Departamento,8,Moderado,Sur
402,True,12,Departamento,2,Ineficiente,Centro
453,True,14,Departamento,8,Ineficiente,Centro
277,False,4,Departamento,10,Ineficiente,Centro
350,True,4,Departamento,12,Ineficiente,Centro
534,True,8,Casa,9,Ineficiente,Norte
334,True,7,Departamento,8,Ineficiente,Centro
755,True,18,Casa,11,Ineficiente,Sur
503,True,11,Departamento,9,Ineficiente,Sur
549,True,15,Casa,5,Ineficiente,Centro
290,True,4,Departamento,3,Moderado,Norte
378,False,6,Departamento,12,Ineficiente,Norte
665,True,16,Casa,10,Ineficiente,Centro
386,True,12,Departamento,4,Ineficiente,Centro
701,True,15,Casa,12,Ineficiente,Norte
406,True,9,Departamento,5,Ineficiente,Sur
659,False,21,Casa,8,Moderado,Centro
744,True,22,Casa,3,Moderado,Sur
492,True,13,Departamento,9,Ineficiente,Centro
654,True,16,Casa,11,Ineficiente,Centro
318,True,4,Departamento,9,Ineficiente,Centro
514,True,13,Casa,6,Ineficiente,Centro
670,True,15,Casa,10,Ineficiente,Centro
802,True,24,Casa,9,Ineficiente,Centro
654,False,23,Casa,2,Moderado,Centro
700,False,20,Casa,10,Ineficiente,Sur
455,False,11,Casa,6,Moderado,Centro
509,False,11,Casa,10,Ineficiente,Centro
709,False,21,Casa,10,Moderado,Sur
416,False,9,Departamento,11,Ineficiente,Centro
443,True,5,Departamento,11,Ineficiente,Norte
722,True,21,Casa,4,Moderado,Centro
325,False,8,Departamento,9,Moderado,Centro
781,True,21,Casa,8,Ineficiente,Sur
526,True,14,Departamento,8,Ineficiente,Centro
504,True,13,Departamento,11,Ineficiente,Centro
310,True,8,Departamento,3,Ineficiente,Centro
652,True,21,Casa,3,Moderado,Norte
407,True,11,Departamento,3,Ineficiente,Centro
808,True,20,Casa,12,Ineficiente,Sur
319,False,9,Departamento,3,Moderado,Norte
591,False,18,Casa,5,Eficiente,Centro
325,False,7,Departamento,8,Ineficiente,Centro
252,False,4,Departamento,3,Eficiente,Norte
467,True,12,Departamento,6,Ineficiente,Norte
765,True,18,Casa,8,Ineficiente,Sur
405,True,8,Departamento,10,Ineficiente,Centro
564,False,12,Casa,9,Ineficiente,Centro
427,True,6,Departamento,10,Ineficiente,Norte
448,False,8,Casa,8,Moderado,Centro
542,True,14,Casa,4,Moderado,Centro
500,False,14,Casa,2,Moderado,Centro
725,True,17,Casa,11,Ineficiente,Norte
566,False,13,Casa,8,Moderado,Sur
706,True,19,Casa,12,Ineficiente,Centro
699,True,20,Casa,7,Ineficiente,Centro
248,True,5,Departamento,3,Moderado,Centro
248,False,7,Departamento,2,Eficiente,Centro
877,True,23,Casa,11,Ineficiente,Sur
489,False,9,Casa,5,Moderado,Sur
475,False,13,Casa,5,Eficiente,Centro
523,False,8,Casa,7,Ineficiente,Sur
374,True,4,Departamento,12,Ineficiente,Centro
374,True,4,Departamento,6,Ineficiente,Sur
452,True,8,Casa,10,Ineficiente,Centro
730,False,23,Casa,9,Moderado,Centro
593,False,14,Casa,10,Moderado,Centro
568,False,13,Departamento,11,Ineficiente,Sur
334,True,5,Departamento,8,Ineficiente,Norte
683,True,16,Casa,10,Ineficiente,Centro
451,False,9,Casa,4,Moderado,Centro
304,True,5,Departamento,10,Ineficiente,Centro
345,False,11,Departamento,3,Moderado,Centro
674,True,13,Casa,10,Ineficiente,Sur
536,True,12,Casa,7,Ineficiente,Centro
577,False,15,Casa,5,Eficiente,Sur
675,True,15,Casa,12,Ineficiente,Centro
481,True,12,Casa,3,Moderado,Centro
668,False,19,Casa,11,Ineficiente,Centro
560,False,14,Casa,4,Moderado,Norte
675,False,20,Casa,6,Moderado,Centro
395,False,9,Departamento,10,Ineficiente,Centro
776,True,24,Casa,8,Ineficiente,Centro
574,True,11,Casa,12,Ineficiente,Centro
669,True,17,Casa,12,Ineficiente,Centro
540,True,10,Casa,4,Moderado,Norte
457,True,12,Departamento,5,Ineficiente,Norte
516,False,8,Casa,12,Ineficiente,Centro
596,True,18,Casa,3,Moderado,Centro
447,False,12,Departamento,9,Ineficiente,Norte
771,True,24,Casa,7,Ineficiente,Centro
407,True,12,Departamento,4,Ineficiente,Centro
718,True,24,Casa,6,Ineficiente,Centro
479,False,9,Casa,6,Moderado,Centro
433,True,10,Casa,2,Moderado,Centro
520,True,10,Casa,6,Ineficiente,Centro
439,False,13,Departamento,7,Moderado,Centro
371,True,7,Departamento,11,Ineficiente,Centro
729,True,21,Casa,11,Ineficiente,Centro
750,False,23,Casa,12,Ineficiente,Centro
433,True,7,Departamento,12,Ineficiente,Norte
494,True,9,Departamento,12,Ineficiente,Centro
707,True,24,Casa,3,Ineficiente,Centro
591,True,12,Casa,4,Ineficiente,Sur
593,True,8,Casa,11,Ineficiente,Sur
439,True,12,Departamento,6,Ineficiente,Centro
600,True,17,Casa,4,Ineficiente,Centro
689,True,19,Casa,6,Ineficiente,Centro
286,True,5,Departamento,6,Ineficiente,Centro
810,True,23,Casa,9,Ineficiente,Centro
740,True,22,Casa,11,Ineficiente,Centro
699,False,20,Casa,10,Ineficiente,Centro
735,True,21,Casa,9,Ineficiente,Norte
462,False,9,Casa,4,Moderado,Sur
473,True,9,Casa,2,Moderado,Norte
520,True,10,Casa,4,Moderado,Sur
540,True,12,Casa,2,Moderado,Sur
317,False,6,Departamento,12,Ineficiente,Centro
492,True,14,Departamento,10,Ineficiente,Centro
647,True,19,Casa,4,Ineficiente,Centro
641,True,16,Casa,9,Ineficiente,Centro
689,True,21,Casa,7,Ineficiente,Centro
740,True,23,Casa,4,Ineficiente,Centro
658,True,18,Casa,10,Ineficiente,Centro
477,True,13,Departamento,9,Ineficiente,Centro
541,False,17,Casa,4,Moderado,Centro
626,True,15,Casa,8,Ineficiente,Centro
732,True,23,Casa,6,Ineficiente,Centro
380,True,9,Departamento,3,Moderado,Norte
508,True,9,Casa,9,Ineficiente,Norte
424,True,13,Departamento,2,Moderado,Centro
627,True,16,Casa,5,Ineficiente,Norte
421,True,5,Departamento,12,Ineficiente,Norte
564,True,13,Departamento,12,Ineficiente,Sur
628,True,17,Casa,5,Ineficiente,Norte
774,True,20,Casa,11,Ineficiente,Centro
668,True,22,Casa,6,Ineficiente,Centro
536,True,11,Casa,5,Moderado,Sur
386,True,10,Departamento,2,Moderado,Centro
509,True,14,Departamento,8,Ineficiente,Centro
439,False,12,Departamento,11,Ineficiente,Centro
500,True,10,Departamento,12,Ineficiente,Centro
454,True,9,Casa,3,Moderado,Centro
755,False,21,Casa,11,Ineficiente,Norte
402,True,8,Departamento,4,Moderado,Sur
481,False,11,Casa,6,Moderado,Centro
436,False,12,Departamento,9,Ineficiente,Centro
674,False,16,Casa,11,Ineficiente,Centro
735,False,24,Casa,9,Moderado,Centro
416,True,10,Departamento,3,Moderado,Sur
766,True,24,Casa,10,Ineficiente,Centro
290,False,6,Departamento,7,Moderado,Centro
441,True,5,Departamento,10,Ineficiente,Norte
478,False,13,Departamento,5,Moderado,Sur
413,True,13,Departamento,4,Ineficiente,Centro
659,True,19,Casa,6,Ineficiente,Centro
287,False,6,Departamento,6,Moderado,Norte
676,True,22,Casa,5,Ineficiente,Centro
791,False,24,Casa,8,Moderado,Sur
492,True,14,Departamento,9,Ineficiente,Centro
497,False,14,Casa,6,Moderado,Centro
588,False,12,Casa,10,Moderado,Norte
608,True,15,Casa,8,Ineficiente,Centro
715,True,23,Casa,8,Ineficiente,Centro
369,True,6,Departamento,9,Ineficiente,Sur
641,False,22,Casa,5,Moderado,Centro
432,False,10,Departamento,11,Moderado,Sur
434,True,14,Departamento,7,Ineficiente,Centro
429,True,8,Departamento,6,Ineficiente,Norte
527,False,17,Casa,2,Moderado,Centro
429,False,12,Departamento,10,Ineficiente,Centro
480,True,8,Casa,3,Moderado,Sur
350,True,5,Departamento,7,Ineficiente,Sur
588,False,15,Casa,9,Moderado,Centro
261,True,4,Departamento,4,Ineficiente,Centro
387,False,13,Departamento,6,Moderado,Centro
583,True,11,Casa,8,Ineficiente,Sur
613,False,18,Casa,5,Moderado,Sur
368,True,9,Departamento,6,Ineficiente,Centro
524,False,17,Casa,2,Moderado,Centro
284,True,5,Departamento,5,Ineficiente,Centro
702,True,20,Casa,8,Ineficiente,Centro
591,True,12,Casa,11,Ineficiente,Centro
309,False,6,Departamento,8,Ineficiente,Centro
538,True,11,Departamento,11,Ineficiente,Norte
493,True,9,Departamento,11,Ineficiente,Norte
784,True,22,Casa,5,Ineficiente,Sur
423,True,12,Departamento,7,Ineficiente,Centro
448,True,8,Casa,6,Ineficiente,Centro
275,True,5,Departamento,2,Ineficiente,Centro
485,True,12,Departamento,9,Ineficiente,Centro
639,False,20,Casa,8,Moderado,Centro
431,False,8,Casa,6,Moderado,Centro
632,False,18,Casa,11,Ineficiente,Centro
505,True,12,Departamento,11,Ineficiente,Centro
565,False,15,Casa,8,Moderado,Centro
458,True,12,Departamento,11,Ineficiente,Centro
624,True,19,Casa,4,Ineficiente,Centro
523,True,12,Departamento,9,Ineficiente,Centro
456,True,13,Departamento,6,Ineficiente,Centro
554,True,12,Casa,3,Moderado,Centro
590,True,17,Casa,3,Moderado,Norte
737,True,23,Casa,5,Ineficiente,Centro
363,True,7,Departamento,8,Ineficiente,Sur
420,True,8,Departamento,11,Ineficiente,Centro
554,True,13,Casa,5,Ineficiente,Centro
393,True,6,Departamento,10,Ineficiente,Centro
607,True,17,Casa,3,Ineficiente,Norte
732,True,21,Casa,7,Ineficiente,Centro
443,True,14,Departamento,5,Ineficiente,Centro
756,True,24,Casa,7,Ineficiente,Centro
795,False,23,Casa,11,Moderado,Sur
534,True,11,Casa,10,Ineficiente,Centro
618,True,9,Casa,11,Ineficiente,Norte
795,False,23,Casa,10,Ineficiente,Sur
536,True,8,Casa,10,Ineficiente,Centro
381,True,5,Departamento,10,Ineficiente,Centro
592,True,18,Casa,4,Moderado,Centro
833,True,23,Casa,12,Ineficiente,Centro
773,True,22,Casa,10,Ineficiente,Centro
549,False,16,Casa,4,Moderado,Norte
360,True,4,Departamento,11,Ineficiente,Centro
405,True,11,Departamento,4,Ineficiente,Norte
687,True,15,Casa,6,Ineficiente,Sur
420,False,12,Departamento,7,Moderado,Centro
480,False,9,Casa,10,Moderado,Centro
630,True,15,Casa,2,Moderado,Sur
475,True,9,Casa,9,Ineficiente,Centro
430,True,8,Casa,5,Moderado,Centro
730,True,20,Casa,11,Ineficiente,Centro
476,True,10,Departamento,8,Ineficiente,Centro
482,True,10,Casa,7,Ineficiente,Centro
393,False,14,Departamento,7,Moderado,Centro
580,True,12,Casa,8,Ineficiente,Sur
621,True,13,Casa,5,Ineficiente,Sur
472,True,11,Departamento,7,Ineficiente,Sur
781,True,24,Casa,4,Moderado,Sur
750,True,23,Casa,6,Ineficiente,Centro
348,False,12,Departamento,3,Moderado,Centro
384,True,7,Departamento,4,Moderado,Sur
467,False,13,Departamento,10,Ineficiente,Centro
440,True,9,Departamento,7,Ineficiente,Sur
368,True,10,Departamento,4,Ineficiente,Centro
331,True,8,Departamento,3,Ineficiente,Centro
527,False,13,Casa,6,Moderado,Centro
831,True,23,Casa,11,Ineficiente,Sur
457,True,12,Casa,6,Ineficiente,Centro
627,True,19,Casa,2,Ineficiente,Centro
315,False,8,Departamento,4,Moderado,Centro
318,True,4,Departamento,8,Ineficiente,Centro
785,True,23,Casa,10,Ineficiente,Centro
554,True,14,Casa,6,Ineficiente,Centro
397,True,10,Departamento,5,Ineficiente,Centro
548,True,13,Casa,4,Ineficiente,Centro
386,True,6,Departamento,11,Ineficiente,Centro
634,False,14,Casa,10,Ineficiente,Centro
463,True,9,Casa,8,Ineficiente,Centro
610,False,15,Casa,8,Moderado,Norte
662,False,18,Casa,9,Moderado,Sur
406,True,6,Departamento,11,Ineficiente,Centro
273,True,8,Departamento,2,Moderado,Centro
426,False,12,Departamento,12,Ineficiente,Centro
505,True,12,Casa,5,Ineficiente,Centro
485,True,9,Casa,6,Ineficiente,Centro
391,False,13,Departamento,6,Moderado,Centro
244,True,5,Departamento,2,Ineficiente,Centro
603,False,20,Casa,4,Eficiente,Centro
490,True,12,Casa,3,Moderado,Centro
408,True,5,Departamento,8,Ineficiente,Norte
694,True,20,Casa,6,Ineficiente,Centro
531,False,14,Casa,4,Moderado,Norte
751,True,15,Casa,12,Ineficiente,Norte
677,True,14,Casa,9,Ineficiente,Sur
261,False,9,Departamento,2,Moderado,Centro
328,False,11,Departamento,2,Eficiente,Centro
621,False,18,Casa,7,Moderado,Centro
455,True,8,Casa,2,Eficiente,Sur
503,False,15,Casa,5,Moderado,Centro
475,True,8,Casa,7,Ineficiente,Centro
547,True,16,Casa,2,Ineficiente,Centro
424,False,6,Departamento,10,Ineficiente,Sur
689,True,17,Casa,5,Ineficiente,Sur
732,True,18,Casa,10,Ineficiente,Sur
559,True,8,Casa,10,Ineficiente,Norte
585,False,15,Casa,7,Moderado,Centro
648,True,19,Casa,8,Ineficiente,Centro
387,True,8,Casa,2,Moderado,Centro
438,True,9,Departamento,6,Ineficiente,Sur
531,True,11,Casa,4,Moderado,Norte
766,False,22,Casa,11,Ineficiente,Norte
395,True,7,Departamento,11,Ineficiente,Centro
377,False,9,Departamento,7,Moderado,Norte
485,False,12,Casa,5,Moderado,Centro
383,True,5,Departamento,10,Ineficiente,Centro
490,True,9,Casa,8,Ineficiente,Centro
603,True,11,Casa,5,Ineficiente,Norte
681,False,16,Casa,12,Ineficiente,Centro
478,True,12,Departamento,7,Ineficiente,Centro
398,True,9,Departamento,3,Ineficiente,Norte
487,True,8,Casa,4,Ineficiente,Centro
705,True,18,Casa,12,Ineficiente,Centro
373,False,11,Departamento,8,Moderado,Centro
636,False,17,Casa,12,Ineficiente,Centro
733,True,23,Casa,5,Ineficiente,Norte
457,False,9,Departamento,11,Moderado,Sur
443,False,10,Departamento,8,Moderado,Sur
510,True,10,Departamento,10,Ineficiente,Sur
400,True,8,Departamento,6,Ineficiente,Norte
683,False,22,Casa,2,Eficiente,Sur
527,False,14,Departamento,6,Ineficiente,Sur
520,True,12,Departamento,7,Ineficiente,Sur
596,True,8,Casa,12,Ineficiente,Norte
600,False,20,Casa,3,Moderado,Centro
552,True,10,Casa,9,Ineficiente,Sur
424,False,13,Casa,3,Eficiente,Centro
362,False,5,Departamento,10,Ineficiente,Centro
290,False,6,Departamento,3,Moderado,Sur
412,False,10,Casa,4,Moderado,Centro
557,True,11,Casa,9,Ineficiente,Centro
455,False,11,Departamento,12,Ineficiente,Centro
711,True,17,Casa,7,Ineficiente,Sur
578,False,15,Casa,2,Eficiente,Norte
684,True,19,Casa,5,Ineficiente,Centro
476,True,10,Casa,6,Ineficiente,Centro
683,True,15,Casa,12,Ineficiente,Centro
382,False,8,Casa,4,Moderado,Centro
703,True,21,Casa,2,Moderado,Sur
685,True,20,Casa,4,Moderado,Sur
659,False,19,Casa,10,Moderado,Norte
415,False,10,Casa,3,Eficiente,Centro
419,True,13,Departamento,2,Moderado,Norte
390,True,7,Departamento,8,Ineficiente,Centro
639,True,17,Casa,8,Ineficiente,Centro
483,False,8,Casa,6,Eficiente,Sur
410,False,10,Departamento,3,Moderado,Sur
514,False,16,Casa,2,Eficiente,Norte
644,True,17,Casa,6,Ineficiente,Norte
497,True,12,Departamento,11,Ineficiente,Centro
275,False,6,Departamento,5,Moderado,Centro
382,True,5,Departamento,10,Ineficiente,Centro
722,True,18,Casa,6,Ineficiente,Sur
567,True,12,Departamento,12,Ineficiente,Sur
501,False,9,Casa,11,Ineficiente,Centro
276,False,4,Departamento,3,Eficiente,Sur
502,True,13,Casa,5,Moderado,Centro
532,False,12,Casa,10,Ineficiente,Centro
367,True,6,Departamento,9,Ineficiente,Centro
578,True,13,Casa,4,Ineficiente,Norte
695,True,17,Casa,9,Ineficiente,Sur
293,True,8,Departamento,3,Moderado,Centro
719,True,24,Casa,4,Moderado,Centro
501,False,10,Casa,6,Moderado,Centro
552,True,8,Casa,12,Ineficiente,Norte
544,True,11,Departamento,11,Ineficiente,Norte
568,True,14,Departamento,11,Ineficiente,Centro
570,True,12,Casa,9,Ineficiente,Centro
224,True,4,Departamento,2,Moderado,Centro
731,True,23,Casa,5,Ineficiente,Centro
290,False,9,Departamento,2,Moderado,Centro
436,False,13,Casa,2,Eficiente,Centro
543,False,16,Casa,6,Moderado,Centro
462,True,9,Departamento,7,Ineficiente,Sur
625,False,21,Casa,2,Eficiente,Centro
686,True,17,Casa,12,Ineficiente,Centro
529,True,9,Casa,7,Ineficiente,Norte
449,True,12,Departamento,6,Ineficiente,Centro
484,True,8,Casa,5,Ineficiente,Norte
630,False,17,Casa,11,Ineficiente,Centro
586,True,16,Casa,6,Ineficiente,Centro
513,True,10,Casa,9,Ineficiente,Centro
827,True,22,Casa,10,Ineficiente,Centro
491,False,14,Departamento,12,Ineficiente,Centro
404,False,13,Departamento,3,Moderado,Centro
645,True,13,Casa,7,Ineficiente,Norte
675,False,24,Casa,4,Moderado,Centro
501,False,12,Casa,3,Eficiente,Norte
667,True,22,Casa,2,Moderado,Centro
254,True,5,Departamento,5,Ineficiente,Centro
530,True,12,Casa,9,Ineficiente,Centro
654,True,20,Casa,4,Ineficiente,Centro
419,False,11,Departamento,6,Moderado,Sur
608,True,8,Casa,11,Ineficiente,Norte
445,True,13,Departamento,6,Ineficiente,Centro
536,False,12,Casa,6,Moderado,Centro
551,True,13,Departamento,12,Ineficiente,Norte
474,True,9,Departamento,10,Ineficiente,Centro
337,True,4,Departamento,9,Ineficiente,Centro
465,True,11,Departamento,9,Ineficiente,Centro
508,True,14,Casa,2,Moderado,Centro
508,False,15,Casa,2,Moderado,Centro
367,True,8,Departamento,3,Ineficiente,Centro
628,False,18,Casa,9,Ineficiente,Centro
656,True,16,Casa,11,Ineficiente,Centro
406,True,8,Casa,2,Ineficiente,Centro
610,False,15,Casa,5,Moderado,Norte
768,True,19,Casa,10,Ineficiente,Norte
434,False,9,Casa,3,Moderado,Centro
323,False,6,Departamento,4,Moderado,Sur
821,True,24,Casa,12,Ineficiente,Centro
775,True,22,Casa,7,Ineficiente,Norte
718,False,16,Casa,12,Ineficiente,Sur
505,False,10,Casa,11,Ineficiente,Centro
299,True,4,Departamento,4,Ineficiente,Centro
518,True,8,Casa,5,Ineficiente,Sur
700,True,22,Casa,10,Ineficiente,Centro
449,True,9,Departamento,10,Ineficiente,Centro
642,False,19,Casa,11,Ineficiente,Centro
572,True,13,Casa,6,Ineficiente,Centro
723,True,20,Casa,8,Ineficiente,Centro
363,True,5,Departamento,10,Ineficiente,Centro
786,True,20,Casa,9,Ineficiente,Sur
908,True,24,Casa,12,Ineficiente,Sur
532,True,8,Casa,8,Ineficiente,Sur
648,True,12,Casa,9,Ineficiente,Sur
838,True,24,Casa,6,Moderado,Sur
653,True,14,Casa,6,Ineficiente,Norte
703,True,23,Casa,6,Ineficiente,Centro
296,False,9,Departamento,2,Eficiente,Centro
399,False,10,Departamento,7,Moderado,Sur
669,True,21,Casa,6,Moderado,Centro
423,True,9,Departamento,9,Ineficiente,Centro
691,False,19,Casa,9,Moderado,Norte
669,True,20,Casa,3,Moderado,Centro
325,False,5,Departamento,12,Ineficiente,Centro
310,False,5,Departamento,7,Moderado,Norte
456,True,9,Departamento,12,Ineficiente,Centro
517,True,9,Casa,11,Ineficiente,Centro
366,True,6,Departamento,11,Ineficiente,Centro
716,True,20,Casa,7,Ineficiente,Centro
332,False,11,Departamento,4,Moderado,Centro
405,False,14,Departamento,2,Moderado,Centro
594,True,11,Casa,8,Ineficiente,Norte
514,True,12,Departamento,11,Ineficiente,Sur
744,True,23,Casa,6,Ineficiente,Centro
696,True,17,Casa,11,Ineficiente,Centro
507,True,10,Casa,6,Ineficiente,Centro
538,False,11,Casa,12,Ineficiente,Centro
415,True,7,Departamento,9,Ineficiente,Sur
484,True,13,Departamento,6,Ineficiente,Centro
494,True,10,Casa,6,Ineficiente,Centro
366,True,10,Departamento,2,Ineficiente,Norte
486,True,13,Departamento,3,Ineficiente,Sur
676,True,21,Casa,6,Ineficiente,Centro
415,True,11,Departamento,8,Ineficiente,Centro
436,False,11,Casa,4,Moderado,Centro
428,True,12,Departamento,2,Moderado,Sur
798,True,24,Casa,12,Ineficiente,Centro
616,False,20,Casa,3,Moderado,Centro
551,False,17,Casa,4,Moderado,Centro
476,True,10,Departamento,10,Ineficiente,Centro
565,True,13,Casa,9,Ineficiente,Centro
378,False,9,Casa,5,Moderado,Centro
500,True,8,Casa,9,Ineficiente,Centro
479,True,6,Departamento,10,Ineficiente,Sur
720,True,23,Casa,4,Ineficiente,Centro
589,True,10,Casa,7,Ineficiente,Centro
577,True,12,Casa,9,Ineficiente,Centro
778,True,22,Casa,11,Ineficiente,Centro
310,False,6,Departamento,8,Moderado,Sur
464,False,13,Departamento,10,Moderado,Centro
538,False,11,Casa,8,Moderado,Norte
588,True,15,Casa,2,Moderado,Sur
477,True,12,Departamento,10,Ineficiente,Centro
762,False,24,Casa,6,Moderado,Sur
440,True,12,Departamento,7,Ineficiente,Centro
527,True,13,Departamento,3,Ineficiente,Sur
373,True,9,Departamento,3,Ineficiente,Norte
507,True,11,Casa,5,Ineficiente,Centro
786,True,24,Casa,5,Moderado,Sur
344,True,6,Departamento,6,Ineficiente,Centro
718,False,21,Casa,8,Moderado,Norte
498,True,12,Departamento,12,Ineficiente,Centro
667,False,24,Casa,2,Eficiente,Sur
422,False,8,Departamento,11,Ineficiente,Norte
519,True,9,Casa,5,Moderado,Sur
678,False,20,Casa,10,Ineficiente,Centro
692,False,23,Casa,9,Moderado,Centro
486,True,11,Departamento,4,Ineficiente,Sur
448,True,11,Departamento,7,Ineficiente,Centro
662,True,11,Casa,12,Ineficiente,Norte
573,True,10,Casa,10,Ineficiente,Centro
519,True,14,Departamento,9,Ineficiente,Centro
510,True,11,Casa,8,Ineficiente,Centro
681,True,13,Casa,8,Ineficiente,Sur
461,True,12,Casa,2,Moderado,Centro
598,True,16,Casa,6,Ineficiente,Centro
682,True,18,Casa,8,Ineficiente,Centro
528,False,13,Casa,3,Eficiente,Norte
797,True,23,Casa,7,Ineficiente,Norte
609,False,18,Casa,3,Moderado,Sur
713,True,22,Casa,4,Ineficiente,Norte
620,True,16,Casa,2,Ineficiente,Centro
580,True,16,Casa,4,Ineficiente,Centro
308,True,4,Departamento,8,Ineficiente,Centro
620,False,17,Casa,6,Moderado,Sur
599,True,16,Casa,5,Ineficiente,Centro
793,True,22,Casa,9,Ineficiente,Norte
514,True,9,Casa,9,Ineficiente,Centro
584,True,17,Casa,2,Ineficiente,Centro
796,False,24,Casa,10,Ineficiente,Centro
358,True,6,Departamento,10,Ineficiente,Centro
729,False,24,Casa,3,Eficiente,Sur
422,True,11,Departamento,3,Moderado,Sur
522,True,9,Casa,9,Ineficiente,Centro
518,True,8,Casa,12,Ineficiente,Centro
639,True,18,Casa,7,Ineficiente,Centro
577,False,17,Casa,4,Moderado,Sur
559,True,12,Casa,3,Ineficiente,Sur
389,True,9,Departamento,6,Ineficiente,Centro
570,False,12,Casa,9,Ineficiente,Centro
402,True,9,Departamento,7,Ineficiente,Centro
455,True,13,Departamento,4,Ineficiente,Norte
605,True,13,Casa,10,Ineficiente,Norte
610,True,16,Casa,9,Ineficiente,Centro
686,True,19,Casa,11,Ineficiente,Centro
811,True,22,Casa,7,Ineficiente,Norte
645,False,23,Casa,2,Eficiente,Centro
626,True,20,Casa,3,Ineficiente,Centro
488,False,14,Casa,5,Moderado,Centro
457,True,11,Casa,3,Moderado,Centro
397,True,10,Departamento,4,Moderado,Norte
384,False,8,Departamento,9,Ineficiente,Centro
381,False,9,Departamento,10,Ineficiente,Centro
598,True,17,Casa,7,Ineficiente,Centro
654,True,14,Casa,5,Ineficiente,Norte
567,False,14,Casa,12,Moderado,Centro
459,False,11,Casa,3,Moderado,Norte
508,False,10,Casa,8,Moderado,Centro
413,True,7,Departamento,11,Ineficiente,Centro
569,True,14,Departamento,12,Ineficiente,Norte
670,True,20,Casa,8,Ineficiente,Centro
779,False,24,Casa,11,Ineficiente,Norte
594,True,14,Casa,10,Ineficiente,Centro
749,True,24,Casa,6,Ineficiente,Centro
534,False,11,Casa,11,Ineficiente,Centro
625,True,18,Casa,5,Moderado,Centro
571,False,10,Casa,11,Moderado,Sur
310,True,6,Departamento,7,Ineficiente,Centro
468,True,10,Casa,3,Ineficiente,Centro
429,True,12,Departamento,3,Ineficiente,Centro
564,True,8,Casa,10,Ineficiente,Sur
534,True,11,Casa,8,Ineficiente,Centro
721,True,21,Casa,8,Ineficiente,Centro
548,True,8,Casa,6,Ineficiente,Sur
651,False,21,Casa,8,Moderado,Centro
595,True,13,Departamento,10,Ineficiente,Sur
581,True,13,Departamento,11,Ineficiente,Sur
753,True,22,Casa,6,Ineficiente,Norte
827,True,24,Casa,10,Ineficiente,Centro
328,False,13,Departamento,2,Moderado,Centro
684,True,21,Casa,4,Ineficiente,Centro
693,True,19,Casa,8,Ineficiente,Centro
434,False,11,Casa,5,Moderado,Centro
300,True,6,Departamento,3,Ineficiente,Centro
312,True,4,Departamento,4,Ineficiente,Norte
615,False,18,Casa,8,Eficiente,Centro
467,False,11,Departamento,9,Moderado,Norte
440,True,7,Departamento,12,Ineficiente,Norte
713,True,19,Casa,10,Ineficiente,Centro
658,False,21,Casa,7,Moderado,Centro
757,True,22,Casa,11,Ineficiente,Centro
344,False,4,Departamento,10,Ineficiente,Norte
548,False,13,Casa,5,Eficiente,Sur
279,False,8,Departamento,6,Moderado,Centro
403,True,10,Casa,2,Moderado,Centro
446,True,9,Departamento,10,Ineficiente,Centro
766,True,24,Casa,10,Ineficiente,Centro
803,True,24,Casa,10,Ineficiente,Centro
297,False,6,Departamento,4,Moderado,Norte
487,True,10,Departamento,11,Ineficiente,Norte
457,True,4,Departamento,11,Ineficiente,Sur
516,False,10,Casa,11,Ineficiente,Centro
343,True,4,Departamento,9,Ineficiente,Centro
792,True,24,Casa,4,Ineficiente,Sur
611,True,16,Casa,7,Ineficiente,Centro
550,True,13,Casa,6,Ineficiente,Centro
632,False,16,Casa,9,Ineficiente,Centro
531,False,12,Casa,4,Moderado,Norte
289,True,4,Departamento,2,Ineficiente,Centro
766,True,22,Casa,10,Ineficiente,Centro
360,False,5,Departamento,11,Ineficiente,Sur
674,False,17,Casa,10,Moderado,Sur
521,True,11,Casa,4,Moderado,Sur
621,False,17,Casa,3,Moderado,Sur
406,True,12,Departamento,5,Ineficiente,Centro
248,True,4,Departamento,9,Moderado,Centro
389,False,8,Departamento,7,Ineficiente,Centro
442,True,10,Departamento,11,Ineficiente,Centro
512,True,11,Casa,2,Moderado,Sur
790,True,22,Casa,9,Ineficiente,Centro
336,True,5,Departamento,6,Ineficiente,Sur
831,True,23,Casa,7,Ineficiente,Sur
596,True,13,Casa,6,Ineficiente,Sur
691,True,16,Casa,11,Ineficiente,Sur
539,True,10,Casa,6,Ineficiente,Centro
581,False,15,Casa,4,Moderado,Norte
620,True,14,Casa,5,Ineficiente,Norte
479,False,11,Casa,6,Moderado,Centro
763,True,20,Casa,12,Ineficiente,Centro
625,False,14,Casa,12,Ineficiente,Sur
604,False,17,Casa,3,Moderado,Sur
385,True,10,Departamento,7,Ineficiente,Centro
466,True,10,Casa,3,Moderado,Norte
652,False,19,Casa,5,Moderado,Norte
471,True,13,Departamento,2,Moderado,Norte
565,True,15,Casa,5,Moderado,Centro
677,True,19,Casa,8,Ineficiente,Centro
516,True,14,Departamento,9,Ineficiente,Norte
542,False,17,Casa,3,Moderado,Centro
315,False,6,Departamento,4,Moderado,Norte
350,True,9,Departamento,2,Ineficiente,Centro
326,True,4,Departamento,8,Ineficiente,Centro
559,True,15,Casa,5,Ineficiente,Centro
786,True,23,Casa,12,Ineficiente,Centro
735,False,18,Casa,11,Ineficiente,Sur
526,False,11,Casa,9,Ineficiente,Centro
744,True,24,Casa,6,Ineficiente,Centro
768,True,23,Casa,10,Ineficiente,Centro
682,True,18,Casa,7,Ineficiente,Centro
647,False,14,Casa,12,Ineficiente,Sur
755,True,20,Casa,11,Ineficiente,Centro
709,True,24,Casa,3,Moderado,Centro
227,False,5,Departamento,2,Eficiente,Norte
606,False,19,Casa,2,Moderado,Centro
575,False,14,Casa,10,Ineficiente,Centro
281,True,5,Departamento,2,Moderado,Norte
402,True,8,Casa,4,Moderado,Centro
626,True,21,Casa,3,Moderado,Centro
686,False,22,Casa,5,Moderado,Norte
388,False,12,Departamento,2,Moderado,Centro
497,False,16,Casa,2,Moderado,Centro
813,True,24,Casa,5,Ineficiente,Norte
454,False,11,Casa,5,Moderado,Centro
427,True,12,Departamento,8,Ineficiente,Centro
485,True,8,Casa,9,Ineficiente,Centro
608,True,16,Casa,9,Ineficiente,Centro
330,False,8,Departamento,9,Moderado,Centro
504,True,9,Casa,10,Ineficiente,Centro
244,False,6,Departamento,2,Eficiente,Sur
753,False,22,Casa,10,Moderado,Centro
538,True,12,Departamento,11,Ineficiente,Norte
650,False,20,Casa,9,Moderado,Centro
486,True,14,Departamento,2,Moderado,Sur
512,True,14,Departamento,8,Ineficiente,Norte
700,True,19,Casa,10,Ineficiente,Sur
573,False,10,Casa,5,Moderado,Sur
805,True,22,Casa,10,Ineficiente,Norte
521,False,14,Casa,2,Moderado,Sur
415,False,8,Casa,10,Moderado,Centro
729,True,21,Casa,7,Ineficiente,Sur
760,True,23,Casa,5,Ineficiente,Centro
615,False,17,Casa,6,Moderado,Centro
503,True,8,Casa,8,Ineficiente,Centro
402,False,11,Departamento,11,Ineficiente,Centro
517,False,10,Casa,5,Moderado,Norte
796,True,24,Casa,9,Ineficiente,Centro
718,False,23,Casa,4,Moderado,Norte
454,True,9,Casa,3,Moderado,Centro
582,False,22,Casa,2,Eficiente,Centro
659,True,20,Casa,7,Ineficiente,Centro
583,False,20,Casa,3,Moderado,Centro
543,True,13,Departamento,9,Ineficiente,Norte
619,False,15,Casa,12,Moderado,Norte
474,True,9,Departamento,11,Ineficiente,Norte
416,True,12,Departamento,5,Ineficiente,Centro
578,True,13,Departamento,10,Ineficiente,Sur
414,False,11,Departamento,5,Moderado,Norte
681,True,19,Casa,5,Ineficiente,Sur
632,False,16,Casa,9,Ineficiente,Centro
322,False,8,Departamento,9,Moderado,Centro
587,False,16,Casa,6,Moderado,Centro
753,True,23,Casa,4,Ineficiente,Sur
324,False,8,Departamento,3,Eficiente,Norte
504,True,13,Departamento,10,Ineficiente,Centro
404,False,10,Departamento,10,Ineficiente,Centro
260,False,4,Departamento,6,Moderado,Centro
448,True,7,Departamento,9,Ineficiente,Sur
778,True,21,Casa,8,Ineficiente,Norte
456,True,14,Departamento,4,Ineficiente,Centro
483,True,11,Casa,6,Ineficiente,Centro
578,False,14,Casa,10,Ineficiente,Centro
388,True,11,Departamento,5,Ineficiente,Centro
634,False,23,Casa,4,Moderado,Centro
753,True,20,Casa,8,Ineficiente,Sur
654,False,19,Casa,9,Ineficiente,Centro
472,False,13,Departamento,6,Moderado,Sur
730,False,22,Casa,9,Ineficiente,Centro
541,True,14,Departamento,6,Ineficiente,Norte
647,True,13,Casa,10,Ineficiente,Norte
401,True,6,Departamento,8,Ineficiente,Norte
399,True,10,Departamento,6,Ineficiente,Centro
528,True,8,Casa,10,Ineficiente,Centro
518,False,13,Casa,6,Ineficiente,Centro
621,True,15,Casa,9,Ineficiente,Centro
460,True,9,Departamento,5,Ineficiente,Norte
503,True,14,Departamento,10,Ineficiente,Centro
517,True,14,Departamento,7,Ineficiente,Centro
709,True,23,Casa,7,Ineficiente,Centro
406,False,11,Departamento,4,Moderado,Norte
484,True,12,Departamento,4,Ineficiente,Norte
262,False,5,Departamento,5,Moderado,Sur
448,True,12,Departamento,2,Moderado,Sur
539,False,11,Casa,7,Moderado,Norte
671,True,22,Casa,2,Moderado,Centro
415,False,9,Departamento,12,Ineficiente,Centro
388,True,10,Departamento,5,Ineficiente,Centro
709,True,22,Casa,8,Ineficiente,Centro
680,True,14,Casa,7,Ineficiente,Norte
691,False,22,Casa,9,Moderado,Centro
594,False,18,Casa,5,Moderado,Centro
618,True,15,Casa,10,Ineficiente,Centro
418,True,11,Departamento,11,Ineficiente,Centro
463,True,13,Departamento,9,Ineficiente,Centro
496,True,12,Casa,6,Moderado,Centro
698,True,19,Casa,7,Ineficiente,Centro
598,False,19,Casa,6,Moderado,Centro
599,False,16,Casa,7,Moderado,Norte
349,False,14,Departamento,2,Eficiente,Centro
364,False,9,Departamento,5,Moderado,Norte
801,True,23,Casa,10,Ineficiente,Norte
355,True,7,Departamento,5,Ineficiente,Centro
314,True,7,Departamento,3,Ineficiente,Centro
436,True,9,Departamento,7,Ineficiente,Sur
482,True,10,Casa,3,Moderado,Centro
292,False,8,Departamento,4,Moderado,Centro
620,False,18,Casa,8,Ineficiente,Centro
484,True,12,Casa,5,Ineficiente,Centro
519,True,14,Casa,2,Ineficiente,Centro
622,False,13,Casa,10,Ineficiente,Sur
717,False,20,Casa,7,Moderado,Norte
568,True,9,Casa,10,Ineficiente,Sur
688,False,18,Casa,4,Moderado,Sur
293,False,6,Departamento,6,Moderado,Centro
485,True,11,Departamento,10,Ineficiente,Sur
541,True,13,Casa,7,Ineficiente,Centro
445,False,13,Departamento,3,Moderado,Norte
299,False,8,Departamento,2,Eficiente,Centro
557,True,14,Departamento,10,Ineficiente,Norte
443,False,12,Casa,2,Eficiente,Centro
214,False,4,Departamento,6,Eficiente,Centro
391,False,13,Departamento,2,Eficiente,Centro
300,True,6,Departamento,6,Ineficiente,Centro
581,False,16,Casa,6,Moderado,Centro
686,True,14,Casa,8,Ineficiente,Sur
480,True,11,Departamento,8,Ineficiente,Norte
656,False,16,Casa,12,Ineficiente,Centro
895,True,24,Casa,11,Ineficiente,Norte
563,True,16,Casa,2,Moderado,Centro
381,False,7,Departamento,10,Moderado,Norte
239,True,4,Departamento,2,Moderado,Centro
712,True,23,Casa,6,Ineficiente,Centro
423,True,9,Departamento,8,Ineficiente,Norte
676,True,14,Casa,9,Ineficiente,Sur
342,True,7,Departamento,3,Ineficiente,Norte
240,False,6,Departamento,2,Eficiente,Centro
378,False,12,Departamento,5,Moderado,Norte
265,False,6,Departamento,5,Moderado,Centro
762,True,20,Casa,11,Ineficiente,Centro
246,False,5,Departamento,7,Moderado,Centro
561,True,14,Casa,2,Moderado,Norte
149,False,4,Departamento,2,Eficiente,Centro
412,True,14,Departamento,4,Moderado,Centro
381,True,8,Departamento,6,Ineficiente,Centro
465,True,8,Casa,7,Ineficiente,Centro
514,True,14,Departamento,6,Ineficiente,Centro
444,False,9,Casa,6,Moderado,Centro
567,False,13,Casa,10,Ineficiente,Centro
239,False,5,Departamento,3,Eficiente,Norte
538,False,18,Casa,2,Eficiente,Centro
426,True,12,Departamento,7,Ineficiente,Centro
608,True,15,Casa,10,Ineficiente,Centro
564,False,14,Casa,8,Ineficiente,Centro
442,True,6,Departamento,9,Ineficiente,Sur
780,True,23,Casa,6,Ineficiente,Norte
653,False,19,Casa,11,Ineficiente,Centro
345,True,4,Departamento,5,Ineficiente,Sur
695,True,23,Casa,7,Ineficiente,Centro
478,True,14,Departamento,4,Ineficiente,Centro
524,True,16,Casa,2,Moderado,Centro
444,True,8,Departamento,12,Ineficiente,Norte
351,True,8,Departamento,5,Ineficiente,Centro
468,True,11,Departamento,10,Ineficiente,Centro
595,True,14,Casa,5,Ineficiente,Norte
267,True,7,Departamento,2,Moderado,Centro
404,False,12,Departamento,5,Moderado,Centro
270,True,4,Departamento,8,Ineficiente,Centro
615,True,20,Casa,4,Moderado,Centro
418,True,8,Departamento,11,Ineficiente,Centro
341,True,8,Departamento,7,Ineficiente,Centro
681,True,19,Casa,2,Moderado,Norte
593,True,13,Casa,12,Ineficiente,Centro
306,False,6,Departamento,5,Ineficiente,Centro
738,True,20,Casa,4,Moderado,Sur
446,False,14,Departamento,2,Moderado,Norte
438,True,11,Departamento,4,Ineficiente,Centro
315,True,6,Departamento,5,Ineficiente,Centro
543,True,14,Casa,6,Moderado,Centro
663,False,19,Casa,7,Moderado,Norte
256,True,5,Departamento,3,Ineficiente,Centro
701,True,21,Casa,3,Moderado,Sur
376,True,8,Departamento,7,Ineficiente,Centro
588,False,18,Casa,6,Moderado,Centro
619,False,23,Casa,2,Eficiente,Centro
565,False,18,Casa,4,Moderado,Centro
726,True,18,Casa,12,Ineficiente,Centro
480,True,10,Departamento,6,Ineficiente,Sur
615,False,20,Casa,3,Eficiente,Sur
459,True,11,Casa,2,Moderado,Centro
667,True,17,Casa,10,Ineficiente,Centro
518,False,12,Casa,6,Moderado,Sur
458,True,10,Casa,3,Moderado,Centro
325,False,5,Departamento,11,Ineficiente,Centro
587,True,15,Casa,5,Ineficiente,Centro
546,True,14,Casa,4,Moderado,Centro
696,True,21,Casa,8,Ineficiente,Centro
414,False,10,Departamento,2,Moderado,Sur
829,True,24,Casa,11,Ineficiente,Centro
462,True,8,Casa,5,Ineficiente,Centro
383,False,9,Departamento,8,Moderado,Centro
851,True,22,Casa,12,Ineficiente,Sur
751,True,19,Casa,11,Ineficiente,Centro
475,False,9,Casa,6,Moderado,Norte
362,False,9,Departamento,5,Moderado,Norte
608,True,16,Casa,5,Ineficiente,Centro
544,True,12,Departamento,12,Ineficiente,Centro
263,False,5,Departamento,3,Moderado,Centro
569,True,9,Casa,9,Ineficiente,Norte
620,False,16,Casa,5,Moderado,Sur
550,True,14,Casa,3,Moderado,Centro
370,False,7,Departamento,10,Ineficiente,Centro
625,True,12,Casa,11,Ineficiente,Centro
731,True,22,Casa,8,Ineficiente,Centro
541,True,12,Casa,4,Ineficiente,Centro
375,True,7,Departamento,8,Ineficiente,Centro
703,True,21,Casa,2,Moderado,Norte
293,True,5,Departamento,2,Moderado,Centro
584,False,17,Casa,5,Ineficiente,Centro
561,True,13,Casa,5,Ineficiente,Centro
475,True,10,Casa,5,Ineficiente,Centro
519,False,9,Casa,10,Ineficiente,Centro
701,False,20,Casa,7,Moderado,Norte
518,True,9,Casa,4,Moderado,Sur
514,True,11,Departamento,7,Ineficiente,Sur
425,True,10,Departamento,3,Ineficiente,Centro
362,False,12,Departamento,3,Moderado,Norte
747,False,24,Casa,8,Moderado,Norte
562,True,9,Casa,4,Ineficiente,Norte
747,True,22,Casa,8,Ineficiente,Centro
359,True,9,Departamento,4,Ineficiente,Centro
286,True,6,Departamento,3,Ineficiente,Centro
659,True,18,Casa,5,Ineficiente,Centro
613,False,16,Casa,5,Moderado,Centro
492,True,12,Casa,4,Moderado,Centro
501,False,8,Casa,10,Ineficiente,Norte
653,False,21,Casa,7,Moderado,Centro
334,False,8,Departamento,6,Moderado,Centro
515,True,12,Departamento,7,Ineficiente,Norte
847,True,21,Casa,12,Ineficiente,Norte
846,True,23,Casa,9,Ineficiente,Sur
432,False,11,Departamento,6,Ineficiente,Centro
560,True,15,Casa,5,Ineficiente,Centro
482,True,9,Casa,8,Ineficiente,Centro
641,True,16,Casa,6,Ineficiente,Centro
524,True,12,Casa,5,Ineficiente,Centro
493,False,12,Casa,6,Eficiente,Norte
539,True,11,Departamento,12,Ineficiente,Sur
725,True,23,Casa,5,Moderado,Centro
790,True,23,Casa,9,Ineficiente,Norte
425,True,11,Departamento,9,Ineficiente,Centro
470,False,14,Casa,2,Eficiente,Centro
238,True,4,Departamento,4,Ineficiente,Centro
376,True,4,Departamento,12,Ineficiente,Centro
481,False,15,Casa,5,Moderado,Centro
432,False,13,Departamento,3,Moderado,Sur
621,True,14,Casa,6,Ineficiente,Norte
448,True,9,Departamento,12,Ineficiente,Centro
710,True,15,Casa,9,Ineficiente,Sur
366,True,10,Departamento,3,Moderado,Norte
451,True,8,Departamento,10,Ineficiente,Sur
788,True,22,Casa,8,Ineficiente,Sur
649,False,16,Casa,7,Ineficiente,Sur
330,True,4,Departamento,9,Ineficiente,Centro
369,False,10,Departamento,3,Moderado,Centro
485,False,13,Casa,6,Moderado,Centro
311,False,7,Departamento,5,Moderado,Sur
599,True,9,Casa,9,Ineficiente,Norte
386,False,11,Casa,2,Eficiente,Centro
409,False,8,Casa,4,Moderado,Centro
716,True,18,Casa,11,Ineficiente,Norte
399,True,11,Departamento,9,Ineficiente,Centro
577,True,15,Casa,6,Ineficiente,Centro
299,True,4,Departamento,5,Ineficiente,Centro
514,True,12,Casa,7,Ineficiente,Centro
715,True,18,Casa,6,Ineficiente,Sur
609,False,19,Casa,4,Moderado,Centro
645,True,16,Casa,12,Ineficiente,Centro
626,False,20,Casa,6,Moderado,Centro
524,True,10,Casa,5,Ineficiente,Centro
600,False,20,Casa,2,Moderado,Centro
646,True,18,Casa,2,Moderado,Sur
675,True,18,Casa,8,Ineficiente,Centro
494,False,14,Casa,5,Moderado,Centro
398,True,9,Departamento,2,Ineficiente,Norte
328,True,4,Departamento,7,Ineficiente,Centro
725,False,21,Casa,12,Ineficiente,Centro
578,True,8,Casa,12,Ineficiente,Norte
643,False,18,Casa,12,Ineficiente,Centro
327,True,4,Departamento,12,Ineficiente,Centro
443,True,8,Casa,2,Moderado,Norte
512,True,9,Casa,9,Ineficiente,Centro
634,False,16,Casa,10,Ineficiente,Centro
772,True,20,Casa,12,Ineficiente,Centro
528,False,12,Casa,4,Eficiente,Sur
369,False,8,Departamento,8,Ineficiente,Centro
653,True,20,Casa,6,Ineficiente,Centro
351,True,4,Departamento,4,Moderado,Sur
648,False,22,Casa,6,Moderado,Centro
659,True,14,Casa,11,Ineficiente,Centro
532,True,14,Departamento,8,Ineficiente,Norte
705,True,23,Casa,8,Ineficiente,Centro
418,False,10,Departamento,10,Ineficiente,Centro
490,False,9,Casa,9,Moderado,Centro
707,True,23,Casa,5,Ineficiente,Centro
315,True,6,Departamento,6,Ineficiente,Centro
526,False,11,Casa,6,Eficiente,Sur
354,True,7,Departamento,11,Ineficiente,Centro
450,False,13,Casa,3,Eficiente,Norte
441,True,6,Departamento,8,Ineficiente,Sur
455,False,10,Casa,8,Ineficiente,Centro
564,False,11,Casa,10,Ineficiente,Centro
503,True,8,Departamento,10,Ineficiente,Sur
496,True,14,Departamento,5,Ineficiente,Centro
416,True,12,Departamento,6,Ineficiente,Centro
416,True,12,Departamento,8,Ineficiente,Centro
357,True,6,Departamento,11,Ineficiente,Centro
590,False,17,Casa,8,Moderado,Centro
635,True,17,Casa,12,Ineficiente,Centro
707,True,19,Casa,11,Ineficiente,Centro
752,False,23,Casa,12,Ineficiente,Centro
594,True,13,Casa,9,Ineficiente,Norte
632,True,17,Casa,9,Ineficiente,Centro
626,False,22,Casa,3,Eficiente,Centro
354,False,7,Departamento,10,Ineficiente,Centro
528,True,9,Casa,12,Ineficiente,Centro
654,True,19,Casa,5,Ineficiente,Centro
452,True,10,Casa,2,Moderado,Centro
341,False,12,Departamento,2,Eficiente,Centro
323,False,6,Departamento,6,Moderado,Sur
418,False,12,Departamento,8,Moderado,Norte
653,True,13,Casa,6,Ineficiente,Sur
492,True,8,Casa,4,Ineficiente,Norte
787,False,21,Casa,12,Ineficiente,Norte
812,True,23,Casa,8,Ineficiente,Sur
678,True,23,Casa,2,Moderado,Centro
599,True,11,Casa,12,Ineficiente,Centro
472,False,13,Casa,2,Eficiente,Sur
321,True,6,Departamento,3,Ineficiente,Sur
425,True,12,Departamento,2,Moderado,Sur
497,True,8,Casa,10,Ineficiente,Centro
643,True,20,Casa,5,Moderado,Centro
704,False,20,Casa,8,Moderado,Norte
697,True,21,Casa,6,Ineficiente,Centro
587,True,14,Departamento,8,Ineficiente,Sur
654,True,14,Casa,8,Ineficiente,Centro
317,True,10,Departamento,2,Ineficiente,Centro
704,True,24,Casa,2,Moderado,Centro
472,True,10,Departamento,12,Ineficiente,Centro
613,False,17,Casa,4,Moderado,Sur
451,True,9,Departamento,11,Ineficiente,Norte
456,True,11,Casa,3,Moderado,Centro
487,True,10,Departamento,8,Ineficiente,Sur
629,True,20,Casa,4,Ineficiente,Centro
654,True,15,Casa,8,Ineficiente,Norte
321,False,6,Departamento,10,Ineficiente,Centro
418,True,7,Departamento,12,Ineficiente,Centro
257,True,4,Departamento,2,Moderado,Norte
346,True,5,Departamento,4,Ineficiente,Sur
518,True,14,Departamento,12,Ineficiente,Centro
537,True,8,Casa,7,Ineficiente,Sur
683,False,15,Casa,10,Ineficiente,Sur
503,True,10,Casa,6,Ineficiente,Centro
331,True,5,Departamento,4,Ineficiente,Norte
742,False,23,Casa,9,Moderado,Centro
609,True,16,Casa,6,Ineficiente,Norte
863,True,24,Casa,7,Ineficiente,Sur
284,True,5,Departamento,3,Moderado,Norte
560,True,13,Casa,5,Ineficiente,Centro
539,True,14,Casa,2,Moderado,Centro
696,True,23,Casa,5,Ineficiente,Centro
564,True,15,Casa,2,Ineficiente,Centro
578,False,17,Casa,5,Moderado,Centro
475,False,14,Departamento,3,Moderado,Norte
444,False,12,Departamento,7,Moderado,Norte
307,False,7,Departamento,7,Ineficiente,Centro
682,True,19,Casa,9,Ineficiente,Centro
293,True,4,Departamento,10,Ineficiente,Centro
741,True,22,Casa,9,Ineficiente,Centro
559,False,19,Casa,2,Moderado,Centro
289,True,5,Departamento,4,Moderado,Centro
623,True,15,Casa,7,Moderado,Sur
672,False,23,Casa,2,Moderado,Norte
384,False,9,Departamento,9,Ineficiente,Centro
720,False,20,Casa,7,Moderado,Sur
398,True,12,Departamento,2,Moderado,Sur
596,True,9,Casa,11,Ineficiente,Norte
318,True,8,Departamento,3,Moderado,Centro
594,True,15,Casa,7,Ineficiente,Centro
645,True,16,Casa,11,Ineficiente,Norte
422,True,4,Departamento,9,Ineficiente,Sur
753,True,24,Casa,6,Ineficiente,Centro
518,True,16,Casa,2,Moderado,Centro
615,False,13,Casa,11,Moderado,Norte
640,False,22,Casa,3,Moderado,Centro
695,True,20,Casa,5,Ineficiente,Centro
699,True,19,Casa,5,Moderado,Sur
407,True,7,Departamento,8,Ineficiente,Norte
556,True,14,Casa,3,Moderado,Norte
688,False,21,Casa,8,Ineficiente,Centro
640,False,18,Casa,8,Moderado,Norte
651,False,21,Casa,8,Moderado,Centro
395,True,8,Departamento,4,Ineficiente,Sur
415,False,9,Casa,7,Moderado,Centro
473,True,8,Departamento,7,Ineficiente,Sur
699,True,17,Casa,5,Ineficiente,Norte
359,True,9,Departamento,2,Moderado,Norte
541,False,12,Casa,10,Ineficiente,Norte
441,True,14,Departamento,3,Moderado,Centro
772,True,20,Casa,10,Ineficiente,Sur
836,True,23,Casa,9,Ineficiente,Norte
465,True,12,Casa,2,Moderado,Centro
816,True,23,Casa,12,Ineficiente,Centro
411,True,6,Departamento,8,Ineficiente,Sur
688,True,16,Casa,11,Ineficiente,Norte
596,False,19,Casa,4,Moderado,Centro
518,True,10,Departamento,11,Ineficiente,Norte
739,True,20,Casa,11,Ineficiente,Centro
501,True,13,Departamento,10,Ineficiente,Centro
336,False,7,Departamento,6,Moderado,Sur
831,True,23,Casa,12,Ineficiente,Centro
336,False,9,Departamento,4,Moderado,Centro
684,True,19,Casa,9,Ineficiente,Centro
725,True,22,Casa,4,Ineficiente,Norte
673,False,19,Casa,8,Moderado,Centro
660,True,16,Casa,8,Ineficiente,Sur
388,True,4,Departamento,8,Ineficiente,Sur
323,True,6,Departamento,2,Moderado,Sur
835,True,19,Casa,12,Ineficiente,Sur
718,True,20,Casa,6,Moderado,Norte
437,False,9,Departamento,12,Ineficiente,Centro
550,False,17,Casa,2,Eficiente,Norte
615,True,17,Casa,8,Ineficiente,Centro
801,True,23,Casa,9,Ineficiente,Norte
346,False,8,Departamento,8,Ineficiente,Centro
670,True,23,Casa,2,Moderado,Centro
487,True,12,Departamento,4,Moderado,Sur
424,False,11,Departamento,11,Ineficiente,Centro
417,False,9,Casa,4,Moderado,Sur
655,False,17,Casa,8,Moderado,Norte
375,False,11,Departamento,5,Moderado,Norte
382,False,8,Casa,4,Eficiente,Centro
447,True,10,Departamento,7,Ineficiente,Centro
348,False,4,Departamento,11,Ineficiente,Centro
394,True,10,Departamento,7,Ineficiente,Centro
543,True,14,Departamento,11,Ineficiente,Centro
401,True,11,Departamento,6,Ineficiente,Centro
284,False,6,Departamento,7,Moderado,Centro
475,True,11,Casa,4,Moderado,Centro
432,False,8,Casa,11,Moderado,Centro
571,True,14,Casa,6,Ineficiente,Centro
434,True,9,Departamento,10,Ineficiente,Centro
589,False,17,Casa,5,Moderado,Norte
379,False,6,Departamento,12,Ineficiente,Centro
549,False,18,Casa,3,Moderado,Centro
363,True,9,Departamento,6,Ineficiente,Centro
639,False,21,Casa,4,Moderado,Centro
325,False,12,Departamento,4,Eficiente,Centro
579,True,14,Casa,5,Moderado,Centro
618,True,18,Casa,5,Ineficiente,Centro
539,True,11,Casa,6,Ineficiente,Centro
462,False,13,Departamento,8,Moderado,Centro
573,True,14,Casa,5,Ineficiente,Centro
746,True,21,Casa,12,Ineficiente,Centro
290,False,7,Departamento,8,Ineficiente,Centro
449,True,10,Departamento,10,Ineficiente,Norte
265,False,5,Departamento,4,Moderado,Centro
749,True,22,Casa,6,Ineficiente,Norte
546,True,12,Casa,5,Moderado,Norte
393,True,4,Departamento,10,Ineficiente,Sur
737,False,21,Casa,6,Moderado,Sur
435,False,8,Departamento,11,Ineficiente,Norte
498,False,14,Casa,3,Eficiente,Centro
639,False,14,Casa,11,Ineficiente,Norte
651,True,21,Casa,2,Moderado,Centro
678,True,15,Casa,8,Ineficiente,Sur
796,True,19,Casa,12,Ineficiente,Sur
574,True,17,Casa,2,Moderado,Centro
370,False,8,Departamento,9,Ineficiente,Centro
662,True,16,Casa,10,Ineficiente,Centro
407,False,13,Departamento,8,Moderado,Centro
455,False,9,Departamento,10,Ineficiente,Sur
587,True,8,Casa,11,Ineficiente,Sur
443,False,8,Casa,7,Moderado,Centro
310,True,4,Departamento,8,Ineficiente,Centro
366,False,11,Departamento,4,Moderado,Centro
555,True,14,Departamento,10,Ineficiente,Norte
433,True,9,Departamento,4,Ineficiente,Sur
307,True,5,Departamento,7,Ineficiente,Centro
574,False,18,Casa,5,Moderado,Centro
695,False,20,Casa,10,Ineficiente,Centro
436,True,12,Departamento,2,Moderado,Sur
685,False,15,Casa,10,Ineficiente,Norte
423,True,8,Departamento,5,Ineficiente,Sur
554,False,9,Casa,11,Moderado,Sur
775,True,21,Casa,6,Ineficiente,Sur
438,True,9,Departamento,12,Ineficiente,Centro
679,False,24,Casa,2,Eficiente,Centro
